label,time_s,x_m,v_m_s,theta_rad,omega_rad_s
best,0.0,0.0008554295190025089,0.004153673880253183,-0.0029058202677746045,-0.02967520574553212
best,0.01,0.0006977193982545649,-0.03569569802984203,-0.0020879742931017844,0.19316992480767056
best,0.02,0.00014083306138113256,-0.07568156934484445,0.0009578693090014755,0.4157221251838482
best,0.03,-0.0008159733575845843,-0.11567971444829901,0.006219265878561679,0.6360787105835081
best,0.04,-0.002172764541603101,-0.15567852235540366,0.013667894195850025,0.8529679846016938
best,0.05,-0.003929541337060372,-0.19567683673604966,0.02326305281761397,1.0651862856404295
best,0.06,-0.006086292872069188,-0.2356734702657129,0.03495207016229449,1.2715439910106656
best,0.07,-0.008642986197181913,-0.2756651947568322,0.04867041242380693,1.4708591278718999
best,0.08,-0.011599407439012159,-0.31561905360921844,0.06434101925977555,1.6618094288358416
best,0.09,-0.014953199329226495,-0.3551393244336507,0.08186371424628888,1.841096585563895
best,0.1,-0.018675951957622897,-0.38941120124563194,0.1009834049818417,1.9810581397689189
best,0.11,-0.022572747991075302,-0.3899480054448506,0.12051662386264342,1.9238231261212715
best,0.12,-0.026373208565772223,-0.370144109494533,0.13886496345782137,1.7442376294705866
best,0.13,-0.02995976566566141,-0.3471673104833028,0.15528373478110685,1.5380943872200281
best,0.14,-0.03331063479443551,-0.32300651527151036,0.16956783216840304,1.317498044598703
best,0.15,-0.036417567456038885,-0.2983800170491588,0.18159838587387486,1.0875861329290755
best,0.16,-0.03927777339015659,-0.2736611697743786,0.1912985147017565,0.8516162565257877
best,0.17,-0.04189157002728485,-0.24909815765127016,0.1986205216322795,0.6121659955582933
best,0.18,-0.04426149280596125,-0.2248863980840092,0.20354104685866178,0.37152401548787517
best,0.19,-0.04638413293655113,-0.19964162803396013,0.2060166468765276,0.12338825928240435
best,0.2,-0.0482473935848717,-0.17301050163015133,0.2059690555265661,-0.13290207560354667
best,0.21,-0.04983709347078687,-0.14492947555288044,0.2033214147958789,-0.3964043429399042
best,0.22,-0.05113334638671605,-0.11432110763295862,0.19797884294136583,-0.6716647968252967
best,0.23,-0.05211722318493894,-0.08245425201162085,0.1898650400107179,-0.9504191223918405
best,0.24,-0.05277009579271686,-0.04812026954396975,0.17891902138231647,-1.2378716358845083
best,0.25,-0.05305844937659957,-0.009550447232568655,0.16501248369811616,-1.5422772450791546
best,0.26,-0.05295546561345163,0.030147199862157616,0.14806835565467985,-1.8451263781538114
best,0.27,-0.05245413490168002,0.07011894249216222,0.1281335360683198,-2.1401470713284794
best,0.28,-0.05155295253394834,0.11011753105417364,0.10530116636427178,-2.4243672577559088
best,0.29,-0.05025177789097866,0.15011739753976877,0.07968801589580511,-2.6960358778302527
best,0.3,-0.048550603963264716,0.19011738800302513,0.05142762030032132,-2.9535525942740777
best,0.31,-0.046449430083234475,0.2301173880030247,0.02066935939407043,-3.1953510737265636
best,0.32,-0.04394825620320422,0.27011738800302426,-0.012421925957978603,-3.419907990871104
best,0.33,-0.04104708232317398,0.3101173880030239,-0.04766644128088708,-3.6257588332068407
best,0.34,-0.03774590844314374,0.35011738800302356,-0.08487011558292828,-3.811515946120837
best,0.35000000000000003,-0.03404473456311353,0.3901173880030232,-0.12382546573603485,-3.9758878420438295
best,0.36,-0.029943560683083376,0.43011738800302274,-0.16431265723602514,-4.1176990462971235
best,0.37,-0.025442386803053163,0.47011738800302255,-0.2061007634325761,-4.235909704424923
best,0.38,-0.02054121292302292,0.5101173880030228,-0.24894921427389616,-4.329634191368188
best,0.39,-0.015240039042992714,0.5501173880030223,-0.29260942599881656,-4.398157783511933
best,0.4,-0.009538865162962538,0.590117388003022,-0.3368265816566887,-4.440950777394262
best,0.41000000000000003,-0.003437691282932354,0.6301173880030219,-0.3813415388957307,-4.457679220140597
best,0.42,0.00306348259709779,0.6701173880030212,-0.4258928248622405,-4.448211965552174
best,0.43,0.009964656477127963,0.710117388003021,-0.4702186828060028,-4.412623306890136
best,0.44,0.017265830357158132,0.750117388003021,-0.5140591219878976,-4.351191471594341
best,0.45,0.024967004237188336,0.7901173880030212,-0.5571579314518548,-4.26439279884438
best,0.46,0.03306817811721865,0.8301173880030219,-0.5992646140947596,-4.152891951439641
best,0.47000000000000003,0.04156935199724896,0.8701173880030222,-0.6401362078836621,-4.017528734598381
best,0.48,0.05047052587727924,0.9101173880030219,-0.6795389578252626,-3.8593020073367
best,0.49,0.05977169975730956,0.950117388003022,-0.7172498182593241,-3.6793515606267833
best,0.5,0.06947287363733987,0.9901173880030222,-0.7530577659667399,-3.4789387023646157
best,0.51,0.07957404751736985,1.0301173880030217,-0.7867649146880589,-3.259426379339723
best,0.52,0.09007522139739983,1.0701173880030215,-0.8181874346318567,-3.0222596631314853
best,0.53,0.1007039714371306,1.0556326199430504,-0.8461329936930614,-2.5654227443965967
best,0.54,0.11106029763658078,1.015632619946913,-0.8690047600799318,-2.0082140978830525
best,0.55,0.1210166238360704,0.975632619950927,-0.8862850748790226,-1.4473399467364636
best,0.56,0.13057295003560096,0.9356326199551108,-0.8979432323323452,-0.8839640761899745
best,0.5700000000000001,0.1397292762351742,0.8956326199594792,-0.9039594633848639,-0.3191182467233528
best,0.58,0.14848560243479206,0.8556326199640453,-0.9043238655685503,0.2462474202568061
best,0.59,0.15684192863445673,0.8156326199688305,-0.8990358456547535,0.8112124569851706
best,0.6,0.16479825483417046,0.7756326199738574,-0.8881040857868231,1.3748335050984777
best,0.61,0.17235458103393578,0.7356326199791483,-0.8715470337304716,1.9360922017186577
best,0.62,0.17951090723375546,0.6956326199847376,-0.8493939078641177,2.4938445250427144
best,0.63,0.1862672334336326,0.6556326199906556,-0.8216861966673396,3.046772757105766
best,0.64,0.19262355963357083,0.6156326199969477,-0.7884796199195366,3.593341426599471
best,0.65,0.19857988583357408,0.5756326200036628,-0.7498465039221175,4.131758855632541
best,0.66,0.20413621203364699,0.5356326200108602,-0.7058785053964322,4.659946219565911
best,0.67,0.20929253823379454,0.4956326200186148,-0.6566895982501632,5.1755162952702785
best,0.68,0.21404886443402305,0.4556326200270233,-0.6024192146033773,5.675764265230013
best,0.6900000000000001,0.21840519063433922,0.4156326200362033,-0.5432354075795346,6.157673000349808
best,0.7000000000000001,0.22236151683475192,0.37563262004631337,-0.4793378789313119,6.617935078443285
best,0.71,0.22591784303521503,0.33563262004631306,-0.41096069447916767,7.052993366815718
best,0.72,0.22907416923567833,0.2956326200463118,-0.3383744975621841,7.459101271583555
best,0.73,0.2318304954361416,0.25563262004631054,-0.2618880200004714,7.832402581473831
best,0.74,0.2341868216366047,0.21563262004630887,-0.1818487023282751,8.169029476715547
best,0.75,0.23614314783706788,0.17563262004630711,-0.09864225533936567,8.46521559631433
best,0.76,0.23769947403753103,0.13563262004630536,-0.012691035075767257,8.717419337459257
best,0.77,0.23885580023799405,0.09563262004630377,0.0755488401868256,8.922450970916117
best,0.78,0.2396121264384572,0.055632620046302435,0.16559163191519177,9.077595935672528
best,0.79,0.2399684526389202,0.015632620046301553,0.2569273024071057,9.180726097865483
best,0.8,0.23992477883938323,-0.024367379953698108,0.3490278548532338,9.230390889354577
best,0.81,0.23948110503984626,-0.06436737995369753,0.44135445392325173,9.225881449000092
best,0.8200000000000001,0.2386374312403093,-0.10436737995369695,0.5333650316777887,9.16726243217404
best,0.8300000000000001,0.2373937574407723,-0.14436737995369678,0.6245220374245507,9.05536911179686
best,0.84,0.2357500836412353,-0.18436737995369595,0.7142999838384538,8.8917698715271
best,0.85,0.23370640984169846,-0.22436737995369546,0.802192457014427,8.678697226944216
best,0.86,0.2312627360421615,-0.26436737995369536,0.887718302182153,8.418952825796163
best,0.87,0.2284190622426245,-0.304367379953695,0.9704267576559871,8.115793605265685
best,0.88,0.22517538844308754,-0.34436737995369465,1.0499013914793043,7.772807309204323
best,0.89,0.2215317146435506,-0.3843673799536943,1.1257627730057145,7.393785495905791
best,0.9,0.21748804084401363,-0.42436737995369395,1.1976698940687096,6.982601534018844
best,0.91,0.21304436704447668,-0.4643673799536936,1.2653204213684308,6.543099749233383
best,0.92,0.20820069324493978,-0.5043673799536933,1.328449915729041,6.079000264511084
best,0.93,0.20295701944540281,-0.5443673799536941,1.3868301906712406,5.593822351564686
best,0.9400000000000001,0.19731334564586586,-0.5843673799536949,1.4402670026633007,5.090827490985486
best,0.9500000000000001,0.19126967184632887,-0.6243673799536957,1.4885972702752892,4.572981965582771
best,0.96,0.184825998046792,-0.664367379953696,1.5316860121828435,4.04293776420388
best,0.97,0.17798232424725507,-0.7043673799536968,1.5694231779460022,3.5030298711395553
best,0.98,0.170738650459639,-0.7443673775695104,1.6017205240812857,2.9552876340231005
best,0.99,0.1630949772084648,-0.7843672726653349,1.6285086642089952,2.4014578109774853
best,1.0,0.1550513425572585,-0.8243596575759177,1.6497344113168968,1.8430397073050582
best,1.01,0.14661020001201247,-0.8638688514731685,1.6653595931942693,1.281550657251474
best,1.02,0.13790377310731167,-0.8774165294669433,1.6754290852928482,0.7323133820623855
best,1.03,0.12929374865698762,-0.8445883605979254,1.6801425231972167,0.2105620823636997
best,1.04,0.12102685999272009,-0.808789372255641,1.6796510467093115,-0.3088788038623986
best,1.05,0.11312503213472691,-0.771576199343045,1.673966521572718,-0.8282760630976038
best,1.06,0.10559598223941834,-0.7342337797187175,1.6630786722273903,-1.3497654619360895
best,1.07,0.09843286421266291,-0.6983898256324154,1.6469560496148463,-1.8754160125881982
best,1.08,0.09162621724761401,-0.6629395673774114,1.6255546186595844,-2.4056989852960586
best,1.09,0.08515702839242072,-0.6308982036612873,1.5988195639709135,-2.9422057180493097
best,1.1,0.07899512115057733,-0.601483244707431,1.5666903054869143,-3.484556843248133
best,1.11,0.07312737708813123,-0.5720655677817713,1.5291097591102405,-4.032498977872534
best,1.12,0.06756213184312895,-0.5409834812186609,1.486018923159463,-4.586660199191526
best,1.1300000000000001,0.06230329462196117,-0.5107839630149261,1.4373598346741625,-5.146030931130796
best,1.1400000000000001,0.0573568858275357,-0.47849779587015023,1.3830735745411975,-5.71203788582062
best,1.1500000000000001,0.05274071170374938,-0.44473702888711797,1.3230965481606576,-6.2840251152622715
best,1.16,0.048430803506324054,-0.41724461059793266,1.2574293443878022,-6.849373866265829
best,1.17,0.0443066056436769,-0.4075949619315516,1.1862780105520447,-7.379284512652342
best,1.18,0.04034948687210181,-0.38382879238351825,1.1097256474695794,-7.929876124069804
best,1.19,0.03668112492406643,-0.34984359722360797,1.0275803190535786,-8.49787003727325
best,1.2,0.03336118085418175,-0.3141452167533322,0.9397765456114503,-9.060889761659109
best,1.21,0.030409531237917883,-0.2761847064994246,0.8463726921959477,-9.617126814192602
best,1.22,0.02784561169558292,-0.23659920196756398,0.7474681673038328,-10.160101403754172
best,1.23,0.025679145556720878,-0.19669402580484427,0.6432486402494142,-10.679013020699712
best,1.24,0.023912078078518622,-0.15671946983560628,0.5339941196249745,-11.165894318011551
best,1.25,0.02254484694980367,-0.11672675590738388,0.420062682692159,-11.613149596962012
best,1.26,0.021577566277707988,-0.0767293785117541,0.3018883308883418,-12.0132380404028
best,1.27,0.021010269512358206,-0.03672997455820189,0.17997947915115628,-12.358870874558026
best,1.28,0.020842967859427547,0.0032696439720715136,0.05491504060247847,-12.643293245486522
best,1.29,0.021075663297790207,0.043269443700465024,-0.07266262486027945,-12.860625882459127
best,1.3,0.0217083572579577,0.08326934833303339,-0.20205802845280219,-13.006171831242325
best,1.31,0.02274105012139976,0.1232692243553732,-0.3325357680155295,-13.076684570311095
best,1.32,0.02417374026687007,0.16326880473867614,-0.46333606856007875,-13.070560958434697
best,1.33,0.026006421304750713,0.2032674028374331,-0.59369178557332,-12.98793776771939
best,1.34,0.02823908512880982,0.24326536197439544,-0.7228458881570019,-12.83069026412626
best,1.35,0.030871732978824198,0.2832642080284732,-0.8500683515005892,-12.602317156214736
best,1.36,0.03390437005231864,0.3232632066704391,-0.9746713551488867,-12.307719598667695
best,1.37,0.03733694842715888,0.3632524682976346,-1.09602188862811,-11.952908639691332
best,1.3800000000000001,0.041166767869885414,0.4027114202477063,-1.2135455084531255,-11.54358229356035
best,1.3900000000000001,0.0452268194798559,0.40929890174642447,-1.3264549340260618,-11.034613148569383
best,1.4000000000000001,0.04912917561758605,0.3711723257996174,-1.4339197314715915,-10.460226138960994
best,1.41,0.05264159892021397,0.3313123347260114,-1.5357016037486242,-9.899099142413892
best,1.42,0.05575493758329298,0.2913553978897671,-1.6319682613441193,-9.357907469939587
best,1.43,0.05846876726943554,0.25141053933874163,-1.7229390765509414,-8.840479461670169
best,1.44,0.06078310636071415,0.21145727891698957,-1.8088667255161557,-8.34968010304854
best,1.45,0.06269867551304703,0.171656551549589,-1.8900272334841683,-7.887322406529849
best,1.46,0.06421912925409833,0.13243419666067344,-1.9667077720105235,-7.453828739641501
best,1.47,0.06534593133089257,0.09292621869817955,-2.0392091009793596,-7.051600200653958
best,1.48,0.06607696097440588,0.053279710004484414,-2.107845353841623,-6.680858259026503
best,1.49,0.06641230810420538,0.0137897159554121,-2.17292809904319,-6.340878756992997
best,1.5,0.06635630236592475,-0.0249908636115435,-2.2347547982024225,-6.029569024953335
best,1.51,0.06592286705887652,-0.06169619779809746,-2.29358457090872,-5.741334181208113
best,1.52,0.06515013606653702,-0.09285000066980158,-2.349575455454828,-5.461488846440305
best,1.53,0.06414073050316023,-0.10903111200555599,-2.402608885437397,-5.149216896770811
best,1.54,0.06303641688114009,-0.11183161239846977,-2.452360243217036,-4.8045501702412645
best,1.55,0.061893970734629634,-0.11665761690362719,-2.498812740971543,-4.489391432337838
best,1.56,0.06068330580855525,-0.12547536831125045,-2.5423054358423243,-4.21256321188173
best,1.57,0.05938661050652337,-0.13386369209512494,-2.5831210670704987,-3.9538360967042525
best,1.58,0.058010064030136935,-0.1414456031821611,-2.6214271112286704,-3.7104927920844175
best,1.59,0.05661110401386402,-0.13834640007241977,-2.657132625656867,-3.433399956447388
best,1.6,0.05523692958776292,-0.1364884851477981,-2.6901800359849655,-3.178732322929865
best,1.61,0.053882745582003316,-0.13434831600412137,-2.7207516160376364,-2.9380719966162547
best,1.62,0.05254409375989087,-0.13338204841836698,-2.749019575430418,-2.7178651926550175
best,1.6300000000000001,0.051192126689289054,-0.1370113657019973,-2.7752727345221797,-2.535011605945206
best,1.6400000000000001,0.04980501161797007,-0.1404116485617995,-2.7997574190672925,-2.364035508396886
best,1.6500000000000001,0.048382681204606266,-0.1440544341109635,-2.8226007398624353,-2.2066139114005265
best,1.6600000000000001,0.046926000193384006,-0.1472817681334856,-2.8439172105212314,-2.0585421922727627
best,1.67,0.04543791771483849,-0.15033472757562424,-2.8638030273205635,-1.9203670024396646
best,1.68,0.04392029064438926,-0.15319068651422282,-2.882353098332281,-1.7912827758796162
best,1.69,0.04237487944098258,-0.1558915541671159,-2.8996561843241913,-1.670865862049366
best,1.7,0.040803505622562776,-0.15838320951684742,-2.9157944122382395,-1.5582125170218954
best,1.71,0.03921129303089241,-0.16005930881723193,-2.930826051003689,-1.4494514416999762
best,1.72,0.03760090474189538,-0.16201834898217937,-2.944816963798595,-1.349979104693299
best,1.73,0.03597047390233455,-0.16406781892999428,-2.95785223110779,-1.258240123679763
best,1.74,0.034319523484316834,-0.1661222646735551,-2.970004448192332,-1.1732923519696372
best,1.75,0.03264832112461822,-0.16811820726617582,-2.9813375395687034,-1.0943432867593428
best,1.76,0.030948221217197747,-0.17190177421792754,-2.991960061660509,-1.0311189015484001
best,1.77,0.029224223256607944,-0.17289781790002592,-3.0019018981608685,-0.9581419438977486
best,1.78,0.027485215177533648,-0.17490379791482688,-3.0111679574686954,-0.8959049666022232
best,1.79,0.025729940239881628,-0.1761511896155714,-3.0198152590365015,-0.834334623590803
best,1.8,0.023960070961905184,-0.1778226659797072,-3.027881411983648,-0.7796239232207162
best,1.81,0.022174167021205216,-0.17935812216027977,-3.0354180721552653,-0.7283886931494249
best,1.82,0.02037287584343326,-0.1809001133941054,-3.042462539098601,-0.6811412604664584
best,1.83,0.018556371271496258,-0.18240080099328748,-3.049052080715771,-0.6373628370892305
best,1.84,0.016725042273385095,-0.18386499862893804,-3.055220325161157,-0.5968439953229095
best,1.85,0.014879296115716593,-0.18528423290475593,-3.0609985257789645,-0.5593189964926656
best,1.86,0.013020981555757741,-0.18637867908700695,-3.0664078413609617,-0.5230336565206056
best,1.87,0.011152810068404103,-0.18725561838372934,-3.071462648961961,-0.4883852729055902
best,1.8800000000000001,0.009274531814826558,-0.18840003233178843,-3.0761918149747878,-0.4578760961940732
best,1.8900000000000001,0.007384974192848444,-0.189511492063844,-3.080627560027387,-0.42967460952015785
best,1.9000000000000001,0.005484541453091549,-0.19057505588754395,-3.084791771751394,-0.403544913628114
best,1.9100000000000001,0.0035737147957740785,-0.19159027557595948,-3.0887044374255592,-0.37934267488016654
best,1.92,0.0016529966642096737,-0.1925533507369396,-3.092384060559157,-0.35691534170471445
best,1.93,-0.0002770788124589919,-0.1934617445968029,-3.0958477027622364,-0.3361269587422511
best,1.94,-0.002215952685715081,-0.19431303005441403,-3.09911111461405,-0.3168510335498791
best,1.95,-0.004163043714904567,-0.19510517578347894,-3.1021888331326224,-0.2989714676776596
best,1.96,-0.006117751156733671,-0.19583631258233755,-3.1050942775174795,-0.2823806245699065
best,1.97,-0.008079488370367585,-0.19651113014444083,-3.1078400083164404,-0.26701430213995897
best,1.98,-0.010047723360509828,-0.19713586788400386,-3.110438020641995,-0.2528235653139802
best,1.99,-0.01202209557866416,-0.19773857574685783,-3.1129004582568234,-0.23988709695347005
best,2.0,-0.014003621427075128,-0.1985665939353344,-3.115246377540291,-0.2295093480492954
best,2.0100000000000002,-0.015992639853515844,-0.19923709135278442,-3.1174904374716674,-0.21950592663263038
best,2.02,-0.017987871325076715,-0.19980920295938234,-3.119637749674095,-0.2101510468877577
best,2.0300000000000002,-0.019988293562495374,-0.2002752445243238,-3.121694328458726,-0.2013510297587764
best,2.04,-0.021994152864084775,-0.20089661579354987,-3.123672743200755,-0.1945112132727163
best,2.05,-0.024006651848920736,-0.20160318117364626,-3.1255904530408825,-0.18920448609918591
best,2.06,-0.02602160813060504,-0.20138807516320922,-3.127434659874923,-0.1798038737205653
best,2.07,-0.028034317460232373,-0.2011537907622693,-3.129189264139243,-0.17127587621583298
best,2.08,-0.0300442186004677,-0.20082643728479124,-3.130860702781382,-0.1631632203350181
best,2.09,-0.03205046161291821,-0.2004221652053235,-3.1324533553253118,-0.1555115262868894
best,2.1,-0.034052272972346045,-0.199940106680238,-3.1339715969438084,-0.14827430000726227
best,2.11,-0.03604888683059124,-0.1993826649688123,-3.135419440256718,-0.1414254928432111
best,2.12,-0.03804027288465255,-0.1988945458434461,-3.136804602537351,-0.13573244666740172
best,2.13,-0.040026338532753704,-0.19831858377679568,-3.1381341137677694,-0.1302902431721335
best,2.14,-0.042006209231704894,-0.19765555601342896,-3.139410355386986,-0.12507355735579648
best,2.15,-0.04397902767597918,-0.19690813284143188,-3.140635513085089,-0.120068838057254
best,2.16,-0.04594396140326594,-0.19607861261590695,-3.1418116332333685,-0.11526161123493776
best,2.17,-0.04790024625817712,-0.19517835836633418,-3.1429408748017083,-0.11068888382995037
best,2.18,-0.049847265952527794,-0.1942255805037853,-3.14402596332464,-0.10642701546168612
best,2.19,-0.05178435064931978,-0.19319135885461536,-3.1450690863483497,-0.10229198510496716
best,2.2,-0.05371071745346506,-0.19208200197442735,-3.146071574458871,-0.09829635531267901
best,2.21,-0.055625625383861475,-0.1908995841048595,-3.1470347699388594,-0.09442990261021422
best,2.22,-0.05752835730126512,-0.1896467993758555,-3.147959933623874,-0.09068655390042656
best,2.23,-0.059418787416033486,-0.18843922357782086,-3.1488514057694785,-0.0876885812935346
best,2.24,-0.06129685674341027,-0.18717464189752295,-3.1497137147977536,-0.08485129457119556
best,2.25,-0.06316187160453937,-0.18582833032830912,-3.150547702982284,-0.08202176332719505
best,2.2600000000000002,-0.06501303591978537,-0.18440453272088725,-3.15135348840639,-0.07920818615930048
best,2.27,-0.0668510651117784,-0.18320130567773546,-3.1521394359870114,-0.07805253209998401
best,2.2800000000000002,-0.06867780134551199,-0.18214594106897072,-3.1529200656000964,-0.07814418017941578
best,2.29,-0.07049331431073656,-0.18095665197595318,-3.1537000179245753,-0.07791679950021385
best,2.3000000000000003,-0.0722962955662902,-0.17963959913476665,-3.1544762690170662,-0.07740346988440812
best,2.31,-0.07408549045824209,-0.1781993792556163,-3.1552460744620787,-0.07662696800410969
best,2.32,-0.07585969122959609,-0.17664077501519887,-3.1560069143414413,-0.07560971152587598
best,2.33,-0.07761773709181627,-0.17496839742883413,-3.1567564836150988,-0.0743717693194134
best,2.34,-0.07935851482087292,-0.1731871483825085,-3.1574926789786497,-0.07293366659809235
best,2.35,-0.08108095899566176,-0.17130168657525752,-3.158213589167051,-0.07131350614158177
best,2.36,-0.08278405020986405,-0.16931655626519893,-3.1589174774615962,-0.06952771962353334
best,2.37,-0.08446681635940731,-0.16723667364343373,-3.1596027763891237,-0.06759392502153279
best,2.38,-0.08612833180799977,-0.16506641607507447,-3.1602680755727452,-0.06552593726571095
best,2.39,-0.08776771679108479,-0.16281058054193237,-3.1609121107214344,-0.06333917207728285
best,2.4,-0.08938413794036093,-0.16047364931329466,-3.1615337596489703,-0.06104664720839193
best,2.41,-0.09097680680558713,-0.15806012373193476,-3.1621320272873183,-0.05866091763396317
best,2.42,-0.09254498023605219,-0.15557456236108524,-3.162706044374676,-0.05619432943229356
best,2.43,-0.09408795995142182,-0.15302138071283078,-3.163255058252191,-0.05365800082483511
best,2.44,-0.0956055501623587,-0.15049666147454957,-3.1637809720862413,-0.0515722705989313
best,2.45,-0.09709841319567569,-0.14807594518884395,-3.164290331572026,-0.050345715818247205
best,2.46,-0.09856658033189031,-0.14555748205407834,-3.164786087395884,-0.04885006917059344
best,2.47,-0.10000924411880077,-0.14297527532800403,-3.1652664529060806,-0.047266238433719784
best,2.48,-0.10142575994409464,-0.14032788973077506,-3.16573046371648,-0.04557762336739437
best,2.49,-0.10281549668995128,-0.1376194594405529,-3.1661771406313957,-0.0437980227752331
best,2.5,-0.10417785993116921,-0.13485318880304076,-3.1666056154914544,-0.04193554966319082
best,2.5100000000000002,-0.10551228750058085,-0.13203232507928586,-3.1670150994713686,-0.0399981135268515
best,2.52,-0.10681825049041023,-0.12916027288659795,-3.1674048851300514,-0.03799408915827314
best,2.5300000000000002,-0.1080952536814268,-0.12624036531671268,-3.1677743449316598,-0.03593108995287369
best,2.54,-0.10934283442237772,-0.12327578287347549,-3.16812292159086,-0.03381555882138102
best,2.5500000000000003,-0.1105605633690858,-0.12027000646814097,-3.168450129131579,-0.03165532137450658
best,2.56,-0.11174804431755624,-0.11722618322595356,-3.1687555493051334,-0.029456103323088994
best,2.57,-0.1129049131310932,-0.11414757948144683,-3.1690388233395534,-0.027224079762753116
best,2.58,-0.11403083893239267,-0.11103758077844385,-3.1692996565996334,-0.024965908842125246
best,2.59,-0.1151255228876075,-0.10789921026452795,-3.169537810219819,-0.02268609109542559
best,2.6,-0.1161886978487199,-0.10473578195794833,-3.1697530978057173,-0.020390625202088092
best,2.61,-0.11722012885422006,-0.1015504191420915,-3.16994538719545,-0.018084363745492306
best,2.62,-0.1182196123184834,-0.09834627371057289,-3.170114595228803,-0.015772258940905854
best,2.63,-0.11918697586487711,-0.09512643556817799,-3.1702606863618636,-0.01345888610482249
best,2.64,-0.12012207722903516,-0.09189383726342942,-3.1703836663758826,-0.01114793858065854
best,2.65,-0.12102480423501599,-0.08865156393274104,-3.1704835822711566,-0.008843970705290069
best,2.66,-0.12189507491451218,-0.08540257196649344,-3.1705605231833993,-0.006550858955756874
best,2.67,-0.12273283641012465,-0.0821497271560077,-3.170614614773688,-0.00427203518324036
best,2.68,-0.12353806478462817,-0.07889594774469176,-3.1706460188512295,-0.002011300502497447
best,2.69,-0.12431076461565935,-0.07564401846154978,-3.170654932003024,0.00022818757556079003
best,2.7,-0.12505096854272174,-0.07239676695092963,-3.1706415841473348,0.0024429172271918974
best,2.71,-0.1257587358128322,-0.069156687071169,-3.170606231708429,0.004631096915940022
best,2.72,-0.12643415225667926,-0.06592660169824413,-3.1705491588797177,0.006788961537275834
best,2.73,-0.12707733057472526,-0.06270906191095174,-3.170470680765889,0.008914091326664575
best,2.74,-0.12768840831064845,-0.05950648527368363,-3.170371133842507,0.011004630012745148
best,2.75,-0.1282675484950732,-0.05632155161126918,-3.1702508813669894,0.01305707482175991
best,2.7600000000000002,-0.12881493819121675,-0.053156387617433694,-3.170110307284402,0.015070789536066094
best,2.77,-0.12933080904657046,-0.050017783453310254,-3.1699499324836893,0.01701900534388597
best,2.7800000000000002,-0.12981670918449403,-0.047162244131410805,-3.169777483092115,0.017486586325741467
best,2.79,-0.13027367636953674,-0.04423119287713841,-3.169597787941034,0.018469166412484677
best,2.8000000000000003,-0.13070150298679994,-0.0413341305755026,-3.169408712450074,0.01936346362539357
best,2.81,-0.13110037738696112,-0.03844074945672824,-3.1692102731546337,0.02034281406100752
best,2.82,-0.13147039460366586,-0.03556269388421854,-3.1690019165820487,0.021347828877621246
best,2.83,-0.13181170221801464,-0.032698828985536825,-3.1687833273395034,0.022390291796110854
best,2.84,-0.13212445670412093,-0.029852068235719988,-3.16855418364361,0.0234596876307555
best,2.85,-0.13240883635139816,-0.027023861219728714,-3.1683142274349074,0.02455378478154568
best,2.86,-0.13266503754522999,-0.024216377546633073,-3.1680632422821757,0.025666483665875008
best,2.87,-0.1328932756968026,-0.02143125276788545,-3.167801057387874,0.02679475439480334
best,2.88,-0.1330937839318026,-0.01867039423211891,-3.1675275393645057,0.027934140808468906
best,2.89,-0.13326681464013787,-0.01593574743493867,-3.1672426001243226,0.029080034943874275
best,2.9,-0.13341269765007074,-0.013240854551637945,-3.166946519487734,0.030163400445922518
best,2.91,-0.13353219573416134,-0.010658762266481638,-3.1666419214125594,0.030784082966324008
best,2.92,-0.13362584283081758,-0.0080706570647605,-3.1663301144338543,0.0316059254900873
best,2.93,-0.13369401368636205,-0.005563514044130559,-3.166011480734377,0.032149918510316566
best,2.94,-0.133737998765196,-0.00323350172265844,-3.1656914533350147,0.03188442252605969
best,2.95,-0.13375840279220347,-0.0008473036788351429,-3.1653716516081585,0.0321049848617826
best,2.96,-0.13375524872709363,0.0014781167008034793,-3.165050459222121,0.032162605822567164
best,2.97,-0.13372886127212935,0.0037993742920510915,-3.1647279311018135,0.03237232176825878
best,2.98,-0.13367942925482532,0.0060870291687600275,-3.1644033588404445,0.032571614178955016
best,2.99,-0.1336072232564269,0.008354170510923168,-3.164076477721236,0.032834331102503285
best,3.0,-0.13351248701224755,0.010593078324948997,-3.1637468610356434,0.03311898495657428
best,3.0100000000000002,-0.13339549212873256,0.012805898378049633,-3.1634142221880155,0.03343905310197042
best,3.02,-0.13325651056995513,0.014990413377439234,-3.1630782600726346,0.03378395054026201
best,3.0300000000000002,-0.1330958280328986,0.01714609403387239,-3.162738731833041,0.034152611480379964
best,3.04,-0.13291373765320597,0.019271981904660923,-3.16239541653772,0.03454171371037561
best,3.0500000000000003,-0.13271054217478895,0.021367113778745443,-3.162048126038889,0.03494801976540556
best,3.06,-0.1324865528292607,0.023430755326902135,-3.161696697724588,0.03536965825565426
best,3.0700000000000003,-0.13224209064723802,0.0254616810776346,-3.1613410009115523,0.035802110733973845
best,3.08,-0.1319774856477181,0.02745931882635282,-3.1609809316441155,0.03624454938932524
best,3.09,-0.1316930757890368,0.02942265290990991,-3.160616406285547,0.03669373530699563
best,3.1,-0.13138920794638484,0.03135091562048124,-3.160247366504125,0.037147844753367215
best,3.11,-0.1310667296024435,0.03314475316778345,-3.1598765100957436,0.037056976696083
best,3.12,-0.1307261951519348,0.03496213693395781,-3.1595048995161763,0.03729889864569383
best,3.13,-0.1303677834803186,0.036720197389280035,-3.159131503350225,0.03741419775095125
best,3.14,-0.12999231713169285,0.03837307233587431,-3.158758857892662,0.03714851524645339
best,3.15,-0.1296002537982038,0.040039594361936284,-3.158387478072878,0.037161082110033244
best,3.16,-0.12919179782841564,0.04165159959570098,-3.158016475490769,0.03707298750223181
best,3.17,-0.12876727020526138,0.043253925035154066,-3.1576456134135915,0.03713303566070754
best,3.18,-0.12832692639424856,0.04481483716741729,-3.1572742908296854,0.037165117609518857
best,3.19,-0.12787108024959465,0.046354391763364526,-3.156902229377466,0.03728091414654692
best,3.2,-0.12740168813879238,0.047524030397092604,-3.1565382729498306,0.03554311365431259
best,3.21,-0.126919379248472,0.04893774766699005,-3.156183937901541,0.035356002893887274
best,3.22,-0.12642422598635591,0.05009290475622348,-3.155837694023445,0.033923889835483945
best,3.23,-0.1259165063008237,0.051451032350217585,-3.15549920243736,0.033805096586085964
best,3.24,-0.12539631756202305,0.05258671540991001,-3.1551671577796627,0.03263364184520242
best,3.25,-0.12486393035119941,0.05389072675481966,-3.1548412578355682,0.03257587461329613
best,3.2600000000000002,-0.1243194618987681,0.055002963731443213,-3.154520375304674,0.03162925436378682
best,3.27,-0.1237631784467564,0.056253726670896315,-3.1542042463707944,0.031625153579796325
best,3.2800000000000002,-0.12319521710968916,0.05733854074255162,-3.153891907168959,0.03087062327148888
best,3.29,-0.12261584131625444,0.05853661794439486,-3.153583123845126,0.030914018967317127
best,3.3000000000000003,-0.12202520632463093,0.05959038038030797,-3.153277073991162,0.030323393255108674
best,3.31,-0.1214235744906231,0.06073598642126253,-3.152973551530448,0.030408618862368713
best,3.3200000000000003,-0.12081111840544032,0.06175523061529332,-3.152671859556265,0.02995688585230808
best,3.33,-0.12018810114014279,0.06284822244421175,-3.1523718192727355,0.03007839186538029
best,3.34,-0.11955471068778015,0.06382986802831817,-3.152072838774255,0.029744625709184375
best,3.35,-0.11891121278970064,0.06486971158758334,-3.1517747685107222,0.02989648327302819
best,3.36,-0.1182578100063291,0.06581084508672881,-3.1514771086411404,0.029662334107187095
best,3.37,-0.11759477148839943,0.06679685849920443,-3.1511797354498072,0.029839308580574153
best,3.38,-0.11692231300472576,0.06769483823553255,-3.1508822266208023,0.02968932513983808
best,3.39,-0.116240707902209,0.06862618226782015,-3.15058448232124,0.029886581861145102
best,3.4,-0.1155501854679967,0.06947830457464385,-3.150286153618282,0.029806132360598443
best,3.41,-0.11485113852053974,0.07033108491674592,-3.14998779971456,0.029891699724690073
best,3.42,-0.11414415962537468,0.07106469411626984,-3.149691087339987,0.02947745055464101
best,3.43,-0.1134295951331713,0.07184820432439973,-3.149396327381912,0.029501238786014065
best,3.44,-0.11270762946070063,0.07254493016973662,-3.149102937503096,0.029203164245078867
best,3.45,-0.1119785794900961,0.07326506395116973,-3.1488110821793813,0.029194320287627223
best,3.46,-0.1112426570324234,0.07391942758337187,-3.1485203477612664,0.028978787610624196
best,3.47,-0.11050016156525971,0.07457966584936308,-3.1482308159839634,0.02895376981109084
best,3.48,-0.1097513246407291,0.07518771905676054,-3.1479421959778966,0.02879629054246366
best,3.49,-0.10899643393468908,0.07579042215124297,-3.147654515101965,0.028765916498267596
best,3.5,-0.10823573444607157,0.07634947557226346,-3.1473675675653676,0.028649517128936267
best,3.5100000000000002,-0.10746950834326488,0.07689574498907255,-3.147081359036536,0.02861808662320758
best,3.52,-0.10669800913674424,0.07740409631506132,-3.1467957392276324,0.028531694818591257
best,3.5300000000000002,-0.10592151594314013,0.07789454240575958,-3.146510703950823,0.028501152633401593
best,3.54,-0.10514012334310294,0.07838397760168243,-3.146225226514018,0.02862023482542812
best,3.5500000000000003,-0.10435352520717704,0.07893564958349396,-3.1459360512502372,0.02924128094291519
best,3.56,-0.10356193847242763,0.0793816973663919,-3.145642806657656,0.029434274401268654
best,3.5700000000000003,-0.10276578673714414,0.07984864969030549,-3.145346251416949,0.029903835970708916
best,3.58,-0.10196534125014406,0.08024044770971465,-3.1450462766072413,0.030118381851698885
best,3.59,-0.10116099254105994,0.08062929410711454,-3.1447434197764284,0.03048056818675637
best,3.6,-0.10035304428363594,0.0809603573776834,-3.1444377184252876,0.030687472843503087
best,3.61,-0.09954186869695782,0.08127475995794461,-3.1441295767536546,0.03096888705481117
best,3.62,-0.09872897001152477,0.08130497712865992,-3.143825674721494,0.029838766586149482
best,3.63,-0.09791549015696334,0.08139099378362818,-3.1435307064238938,0.029181454470732816
best,3.64,-0.09710174195037016,0.0813586475350015,-3.1432448025724002,0.028024924882180512
best,3.65,-0.09628804494416686,0.08138075370565581,-3.142968183214693,0.02732383368469285
best,3.66,-0.09547451373424343,0.08132548827902006,-3.1426999775890567,0.026341342105664654
best,3.67,-0.09466137719051497,0.08130182046667263,-3.142439997661013,0.025678032355000078
best,3.68,-0.09384876577562788,0.08122046251074,-3.1421875518019866,0.02483379802396491
best,3.69,-0.09303688700911349,0.08115529079214258,-3.141942418898326,0.024214837563731186
best,3.7,-0.09222556106375843,0.08110989827886743,-3.1417022638374434,0.023837745706750322
best,3.71,-0.09141489489413733,0.08102333564535304,-3.14146637297595,0.023361566612542684
best,3.72,-0.09060510463861304,0.08093471545950098,-3.141234663233124,0.02300119605402003
best,3.73,-0.08979636800247355,0.0808126117683999,-3.1410068597976335,0.022579923825180755
best,3.74,-0.08898889130123623,0.08068272847906276,-3.1407828688750903,0.022238384527379414
best,3.75,-0.08818285499392366,0.08052453298345728,-3.140562473141039,0.021860544151682117
best,3.7600000000000002,-0.08737845755208193,0.0803549553848855,-3.140345575441805,0.021538486217473538
best,3.77,-0.08657588004270102,0.0801605464913003,-3.140132000557349,0.021195670942898353
best,3.7800000000000002,-0.08577531566827644,0.07995232839361355,-3.1399216591255805,0.0208915205116791
best,3.79,-0.08497694511432842,0.07972178239599392,-3.1397144095791742,0.020577009248501452
best,3.8000000000000003,-0.08418095631430188,0.07947597760931177,-3.139510167672946,0.020289732559514703
best,3.81,-0.08338752913117295,0.0792094590164773,-3.1393088205290156,0.019997792602539952
best,3.8200000000000003,-0.08259684734990329,0.07892689723745507,-3.1391102929629433,0.019725570683488722
best,3.83,-0.08180908861617622,0.07862484950796288,-3.1389144909225313,0.019452440311902835
best,3.84,-0.08102443319827939,0.07830623407140892,-3.13872134985746,0.019193140996298094
best,3.85,-0.08024305696567763,0.07796901244894187,-3.138530795199097,0.018934925312198404
best,3.86,-0.07946513647924976,0.07761508483663719,-3.1383427703585123,0.01868695306659018
best,3.87,-0.07869084480704228,0.07724324960485619,-3.138157213072965,0.018441191919168525
best,3.88,-0.07792035505286461,0.07685470123068018,-3.137974074748317,0.018202945309874652
best,3.89,-0.07715383812707513,0.07644868392721338,-3.1377933077492983,0.017966713030808323
best,3.9,-0.07639146399827892,0.07602614183202905,-3.1376148721431214,0.017736458394508332
best,3.91,-0.07563340089462536,0.07558647889867942,-3.1374387310017826,0.017507612984528367
best,3.92,-0.07487981544685944,0.0751306106545083,-3.1372648510345313,0.017284021258527002
best,3.93,-0.07413087255719132,0.07465796727911156,-3.1370932016398347,0.01706129693337872
best,3.94,-0.07338673598342213,0.07416934747472924,-3.136923758021316,0.01684266819382728
best,3.95,-0.07264756777866002,0.07366429347768944,-3.136756497905437,0.01662439889577881
best,3.96,-0.07191352806482278,0.07314364928976219,-3.13659140019361,0.016409993375531083
best,3.97,-0.07118477568828867,0.0726068260170571,-3.136428448456846,0.016195009345042012
best,3.98,-0.07046146804108273,0.07205470342413109,-3.13626762988906,0.01598316789101132
best,3.99,-0.06974375980917906,0.0714869429566018,-3.1361089282464314,0.015771432716202266
best,4.0,-0.0690318051778728,0.07090398330465479,-3.1359523360416173,0.015561089992667155
best,4.01,-0.06832575667544989,0.07030571717992946,-3.1357978480593514,0.015350397551748468
best,4.0200000000000005,-0.06762576455329883,0.06969270725027243,-3.135645457898077,0.01514133661877536
best,4.03,-0.06693197732235266,0.06906473893896264,-3.135495160898356,0.014931575428044479
best,4.04,-0.066244541860377,0.06842235345617456,-3.1353469547331803,0.01472298095519857
best,4.05,-0.06556360331660278,0.06776535529867336,-3.1352008388464028,0.014513330034032774
best,4.0600000000000005,-0.06488930520709363,0.06709426660314718,-3.1350568149981553,0.014304384175395972
best,4.07,-0.06422178884254151,0.06640900630727926,-3.1349148840774728,0.014094554644898265
best,4.08,-0.06356119384086627,0.06570999402776877,-3.1347750489701287,0.013885031910522379
best,4.09,-0.06290765787687642,0.06499719877020044,-3.134637313170986,0.013674502494172527
best,4.1,-0.06226131730215737,0.06427091617361232,-3.134501684258194,0.013463463669683802
best,4.11,-0.06162230582184822,0.06353137988821186,-3.134368166575172,0.013252065243463387
best,4.12,-0.06099075567481395,0.06277864951864401,-3.1342367678122374,0.013039487286751191
best,4.13,-0.06036679687070571,0.062013111303006824,-3.134107494814476,0.012826719672865108
best,4.14,-0.05975055741645862,0.06123477954641504,-3.1339803548691063,0.012612683121875473
best,4.15,-0.059142163471263755,0.06044400949255145,-3.133855356615549,0.012398187209156177
best,4.16,-0.058541739513461366,0.059640782067929894,-3.133732511011062,0.012181957635275957
best,4.17,-0.057949407649126684,0.058825590799009016,-3.133611827558854,0.011965560931601815
best,4.18,-0.057365287850488715,0.05799836892858667,-3.1334933156714553,0.01174744729491289
best,4.19,-0.05678949815858593,0.05715956945196308,-3.1333769858620295,0.011528947610835527
best,4.2,-0.05622215456405716,0.056309149453794144,-3.133262849126298,0.011308633185051027
best,4.21,-0.05566337089985294,0.05544758338705222,-3.13315091641899,0.011087942215917048
best,4.22,-0.05511325859089622,0.054574878404294674,-3.1330411973097716,0.0108657124622739
best,4.23,-0.054571927321654265,0.053691375444089535,-3.1329337037558376,0.01064262928240592
best,4.24,-0.054039484440092406,0.052797200868283885,-3.132828446847408,0.010418180247354043
best,4.25,-0.0535160351364877,0.05189265985265891,-3.132725437866994,0.010192839758803713
best,4.26,-0.05300168268184769,0.050977831075345696,-3.1326246896708865,0.009965817942382132
best,4.2700000000000005,-0.05249652745039413,0.050053215215360276,-3.1325262113345325,0.009738662245066048
best,4.28,-0.05200066771826541,0.04911873121038593,-3.1324300126284346,0.009509684676179702
best,4.29,-0.051514199997302314,0.04817481298223654,-3.132336105940417,0.00928005082162245
best,4.3,-0.051037218641657514,0.0472214581467263,-3.132244504144722,0.009048496663875001
best,4.3100000000000005,-0.0505698150610142,0.04625925798193132,-3.1321552163124062,0.008817048696705392
best,4.32,-0.05011207831663267,0.04528809089437641,-3.132068251057048,0.008583770163226145
best,4.33,-0.04966409621807557,0.044308328817044884,-3.131983622692381,0.008349458515101972
best,4.34,-0.049225953237045476,0.043320267388974834,-3.1319013397085698,0.008114481346641583
best,4.3500000000000005,-0.04879773166371493,0.04232404727712784,-3.131821411244221,0.007878340923009543
best,4.36,-0.048379511630568445,0.04131995935217058,-3.1317438472725834,0.007641368351717126
best,4.37,-0.04797137108856042,0.040308149049436234,-3.131668658519683,0.0074030815324811925
best,4.38,-0.04757338516338513,0.039289035985624,-3.1315958529503725,0.0071645157392183625
best,4.39,-0.047185626918416136,0.038262613008176516,-3.1315254400431987,0.006924331743534112
best,4.4,-0.04680816660368774,0.037229449937497744,-3.131457426680753,0.0066843896535477496
best,4.41,-0.04644154937520205,0.03609399575964132,-3.1313944710318844,0.005912089285142901
best,4.42,-0.04608615017001653,0.03498584527746361,-3.1313383156080734,0.0053238125415555615
best,4.43,-0.0457419160949694,0.033860969731961926,-3.1312883599734564,0.004671541045178989
best,4.44,-0.0454088741390438,0.032747421453153264,-3.1312444823442047,0.004107701335830582
best,4.45,-0.04508699694370783,0.03162801761404196,-3.1312062914221124,0.0035336801109614488
best,4.46,-0.044776288013714576,0.030513768384610826,-3.1311735987745526,0.0030075703785667073
best,4.47,-0.0444767270834848,0.02939841766134425,-3.1311461135916057,0.0024917203627046695
best,4.48,-0.04418830437785675,0.02828612346426165,-3.1311236318655267,0.002006439877180518
best,4.49,-0.043911001085604584,0.027174534986173293,-3.131105926541654,0.001536014211886049
best,4.5,-0.04364479989753942,0.02606570262685935,-3.1310928049878344,0.0010892816134550575
best,4.51,-0.04338967865265435,0.024958546350156492,-3.1310840725366003,0.0006578032332414184
best,4.5200000000000005,-0.04314561486807732,0.023854210565244307,-3.1310795566688343,0.00024559190142170494
best,4.53,-0.042912582317764694,0.02275229949728168,-3.131079087011561,-0.00015179847769881253
best,4.54,-0.042690553488212414,0.021653466413175258,-3.1310825080908367,-0.0005329002771829479
best,4.55,-0.04247949879167481,0.020557472894345934,-3.1310896740875327,-0.0009011151732843967
best,4.5600000000000005,-0.0422793857555414,0.01946513433233414,-3.1311004435622767,-0.001253915143342629
best,4.57,-0.04209018038132283,0.018375940511380792,-3.1311146862078565,-0.001596058961068992
best,4.58,-0.04191184731154381,0.01729067344442525,-3.1311322830999577,-0.001925062171525157
best,4.59,-0.041744347517082926,0.01620928544775169,-3.1311531131692605,-0.002242982098021995
best,4.6000000000000005,-0.04158764115819561,0.015131986329709624,-3.13117706845657,-0.002550383951514762
best,4.61,-0.04144168604671432,0.014059035966550469,-3.131204044975309,-0.002847497251559459
best,4.62,-0.041306437550681016,0.012990663240110063,-3.1312339416139805,-0.0031346678075781812
best,4.63,-0.041181850144068034,0.011926818082486796,-3.131266668195225,-0.0034137383082369745
best,4.64,-0.041067875368299166,0.010868137071286869,-3.1313021336673144,-0.0036826893566413777
best,4.65,-0.04096446337004951,0.009814262578641535,-3.1313402541336766,-0.003944974516004017
best,4.66,-0.04087156274627344,0.008765862176572464,-3.131380951560032,-0.004198310605391198
best,4.67,-0.04078911937595349,0.007722811887418434,-3.131424146833448,-0.004444766955241838
best,4.68,-0.040717078220160664,0.006685419271146484,-3.131469769351154,-0.0046839759306730126
best,4.69,-0.04065538159351976,0.005653906057035087,-3.1315177470225275,-0.004916007660575203
best,4.7,-0.0406039705112743,0.004628310392057081,-3.131568013361845,-0.00514191394927005
best,4.71,-0.040562784951547,0.0036088015534035387,-3.1316205085876354,-0.005361984103513165
best,4.72,-0.040531761864544616,0.0025958158470742146,-3.1316751682342563,-0.005574990868900447
best,4.73,-0.0405108371275903,0.0015891315437904549,-3.1317319336547165,-0.0057833274022651695
best,4.74,-0.040499945032523646,0.0005892874695412084,-3.13179074887014,-0.005985132477869396
best,4.75,-0.040499017725417044,-0.00040382604822000094,-3.131851557133058,-0.006182115156003719
best,4.76,-0.040507986458273214,-0.0013899205230124604,-3.1319143075881715,-0.006373744325746165
best,4.7700000000000005,-0.04052678073071831,-0.00236893396600569,-3.13197895021709,-0.006560719114566083
best,4.78,-0.040555328254239145,-0.003340570738161431,-3.132045435372878,-0.006742414117356418
best,4.79,-0.04059355521444363,-0.004304821302736606,-3.1321137149606146,-0.006919765993151119
best,4.8,-0.04064138662868865,-0.00526146154626686,-3.132183744169332,-0.007092494617513476
best,4.8100000000000005,-0.04069874577387545,-0.006210367491091142,-3.13225547804369,-0.007260851469205452
best,4.82,-0.04076555404339848,-0.007151286413515439,-3.132328870446897,-0.007424348335662653
best,4.83,-0.04084173205579184,-0.008084316065157264,-3.1324038799649907,-0.007584419296860859
best,4.84,-0.04092719908252465,-0.009009089281404804,-3.1324804665112804,-0.007739894663813227
best,4.8500000000000005,-0.041021872964554555,-0.009925687124575033,-3.1325585906326454,-0.007892072018403902
best,4.86,-0.04112566983814634,-0.010833687593782778,-3.1326382117827416,-0.008039433755513161
best,4.87,-0.04123850439713242,-0.011733224203432419,-3.132719289545355,-0.008183524909864407
best,4.88,-0.04136029054856387,-0.012624006082857448,-3.1328017870706004,-0.008323512955064168
best,4.89,-0.041490940876268666,-0.01350605945810157,-3.1328856678833366,-0.008460306191317069
best,4.9,-0.041630403071210555,-0.014386379530275703,-3.1329710980757155,-0.00863354571979883
best,4.91,-0.041778716865845736,-0.015276379396761278,-3.1330587636780156,-0.008907636393627093
best,4.92,-0.04193581525263256,-0.016143297960604035,-3.133148770205222,-0.009101906362607942
best,4.93,-0.04210156671988279,-0.01700699548944313,-3.1332408767523163,-0.009327844889275873
best,4.94,-0.042275877724066935,-0.01785520534738386,-3.1333350652809533,-0.009518475116928205
best,4.95,-0.042458629294313995,-0.018695108702028618,-3.133431187525018,-0.009714765615456141
best,4.96,-0.04264971560853765,-0.019522154142702426,-3.1335291789785105,-0.009892477786644895
best,4.97,-0.042849021248303754,-0.020338973810518572,-3.1336289318902524,-0.0100672153850955
best,4.98,-0.04305643513439631,-0.021143803407991768,-3.133730372275587,-0.010230119900213972
best,4.99,-0.043271842146404386,-0.021937598993624075,-3.133833412845961,-0.010387394703974796
best,5.0,-0.043495127819568165,-0.02271953563913187,-3.1339379786948838,-0.010535309443732615
best,5.01,-0.043726175543360606,-0.023490009119356465,-3.1340439912819464,-0.01067687042079362
best,5.0200000000000005,-0.04396486863572912,-0.024248609354341866,-3.1341513795590212,-0.010810568416330808
best,5.03,-0.04421108930597465,-0.024995524694765434,-3.1342600738012694,-0.010938178919601981
best,5.04,-0.0444647190958262,-0.02573043327554545,-3.1343700076927714,-0.011058607229566381
best,5.05,-0.04472563817610591,-0.026453382780397734,-3.134481114045089,-0.011172774380557622
best,5.0600000000000005,-0.04499372694413361,-0.027164370825136553,-3.1345933333148404,-0.011281288899772871
best,5.07,-0.04526886470050356,-0.027863180448854802,-3.134706605927024,-0.011383535376847673
best,5.08,-0.0455509296252428,-0.028549804498995166,-3.1348208718126296,-0.011480030890390845
best,5.09,-0.045839799862615556,-0.029224242975557653,-3.1349360761132785,-0.011571300963816865
best,5.1000000000000005,-0.04613535256744898,-0.02988629799112166,-3.135052163584505,-0.011656742308327776
best,5.11,-0.046437464358128316,-0.030536060144747135,-3.135169080806424,-0.011737324008708385
best,5.12,-0.04674601156693661,-0.03117338161691509,-3.135286777290775,-0.011812662955860531
best,5.13,-0.04706086976321745,-0.03179825763925394,-3.1354052025508463,-0.011883142917458346
best,5.14,-0.04738191399179352,-0.032410588075960464,-3.135524307154606,-0.01194859090426105
best,5.15,-0.047709018951780605,-0.03301040392145001,-3.135644043446432,-0.012009535667176578
best,5.16,-0.04804177159491126,-0.03354012470468364,-3.135762768642736,-0.011746132853264028
best,5.17,-0.04837980686657815,-0.03406692962869487,-3.135879099627055,-0.011530498208378976
best,5.18,-0.048723052001430914,-0.034582097341860144,-3.135993265740907,-0.01131296189018046
best,5.19,-0.04907141945216735,-0.03509139280542218,-3.136105402191893,-0.011124395036004802
best,5.2,-0.049424831184386446,-0.03559095363839946,-3.1362156861253014,-0.010942293587368392
best,5.21,-0.04978320238067873,-0.03608328562005838,-3.1363242468145,-0.010779598991660604
best,5.22,-0.05014645181183429,-0.03656660061105568,-3.136431224142925,-0.010625481974219154
best,5.23,-0.050514495590276105,-0.03704215507730327,-3.136536734554983,-0.010486089595651301
best,5.24,-0.0508872511635711,-0.037508959581697796,-3.136640893953114,-0.010355160714747848
best,5.25,-0.05126463446532832,-0.0379677007697471,-3.1367438024443017,-0.010235800207120768
best,5.26,-0.05164656216825436,-0.038417839815462415,-3.1368455574445324,-0.010124361686488767
best,5.2700000000000005,-0.05203294969335833,-0.038859665205324516,-3.136946243118666,-0.01002184222399618
best,5.28,-0.052423713224588664,-0.03929304104074321,-3.1370459420521097,-0.009926927664729586
best,5.29,-0.0528187679922196,-0.039717912485445345,-3.137144726153324,-0.00983879603145989
best,5.3,-0.05321802942918113,-0.04013437490686257,-3.137242663471582,-0.009757497510563887
best,5.3100000000000005,-0.053621412825352134,-0.04054230432733379,-3.137339816650871,-0.009681899831763227
best,5.32,-0.054028833017616094,-0.04094173412546,-3.1374362415437016,-0.009611776767305916
best,5.33,-0.054440204497149654,-0.04133256178125222,-3.13753198811538,-0.009546176240641689
best,5.34,-0.05485544194586427,-0.04171492796167214,-3.1376271036929646,-0.00948552306590109
best,5.3500000000000005,-0.055274459831094726,-0.042088649084413864,-3.1377216309775022,-0.009428466000690193
best,5.36,-0.055697172310231545,-0.042453846742952675,-3.137815607738639,-0.00937537034087642
best,5.37,-0.05612349370755837,-0.04281043272241434,-3.1379090696771548,-0.009325456309365213
best,5.38,-0.05655333821622858,-0.04315846901162942,-3.138002048958467,-0.009278796678452566
best,5.39,-0.05698661954063746,-0.04349779587014992,-3.138094572404838,-0.00923424900886726
best,5.4,-0.05742325140902222,-0.043828577806795464,-3.1381866644836585,-0.009192485376754114
best,5.41,-0.05786314841984773,-0.04415082435830913,-3.13827835215104,-0.009153331290634632
best,5.42,-0.05830622376490939,-0.04446424465402445,-3.1383696523453755,-0.009114956039011423
best,5.43,-0.05875239095786763,-0.044769193937624296,-3.138460581674969,-0.009079125919918255
best,5.44,-0.05920156423955958,-0.045065462400759086,-3.138551158776543,-0.009044479081368852
best,5.45,-0.059653657123645586,-0.04535311441644512,-3.1386413963227904,-0.009011184725120984
best,5.46,-0.060108583183390775,-0.04563209753259501,-3.1387313054693324,-0.008978769806073969
best,5.47,-0.060566256003981155,-0.045902466585481964,-3.13882089564764,-0.008947362656160992
best,5.48,-0.06102658939710041,-0.046164212038362844,-3.138910175811214,-0.008916739146330559
best,5.49,-0.061489497484376265,-0.04641740541681132,-3.1389991549463336,-0.00888713017065255
best,5.5,-0.0619548937794692,-0.04666185360177835,-3.1390878370235664,-0.008857300572635039
best,5.51,-0.062422692380165165,-0.04689786653741677,-3.139176227635451,-0.008828811320386912
best,5.5200000000000005,-0.06289280752730131,-0.04712516288980325,-3.139264331589261,-0.008799942831223465
best,5.53,-0.06336515266301239,-0.04734386425241311,-3.139352147686325,-0.00877121397181754
best,5.54,-0.06383964201621461,-0.04755400638803322,-3.139439677533909,-0.00874266710066656
best,5.55,-0.06431619017345203,-0.04775562505945045,-3.1395269231676273,-0.00871434556837748
best,5.5600000000000005,-0.06479471153053384,-0.047948646356905295,-3.1396138840160877,-0.008685684110219943
best,5.57,-0.06527512031637614,-0.048133110811556176,-3.139700557027477,-0.00865675197049917
best,5.58,-0.06575733123673229,-0.04830907325967628,-3.1397869402321135,-0.008627696464717918
best,5.59,-0.0662412592357742,-0.04847652654870826,-3.139873031407541,-0.008598319542630633
best,5.6000000000000005,-0.06672681942456685,-0.04863551120981056,-3.139958827667504,-0.008568686554051198
best,5.61,-0.0672139272360401,-0.04878605108484107,-3.1400443263083924,-0.008538768652370899
best,5.62,-0.06770249788854728,-0.04892807941659766,-3.1401295218138765,-0.008508031655700143
best,5.63,-0.06819246184730982,-0.04906471233590918,-3.1402144917194117,-0.008493635661389557
best,5.64,-0.06868391747191249,-0.049226412584627434,-3.1403002451556343,-0.008664893079049099
best,5.65,-0.06917683094267993,-0.04935628156884985,-3.1403870619591663,-0.008706346419040337
best,5.66,-0.06967105382020466,-0.04948829393609838,-3.1404745895454633,-0.008807140942827068
best,5.67,-0.07016650687799292,-0.049602317621553704,-3.140562864576058,-0.008855879296471095
best,5.68,-0.07066307046568075,-0.04971039991601781,-3.1406517026982996,-0.008919817156570376
best,5.69,-0.07116064947809705,-0.04980540256723241,-3.1407410592933016,-0.008959609817715325
best,5.7,-0.07165908516423079,-0.04988173465951756,-3.1408305387981565,-0.008944385258003338
best,5.71,-0.07215815002507385,-0.04993123750909642,-3.1409193642458937,-0.00882869353330146
best,5.72,-0.07265772302743455,-0.04998336296304539,-3.1410073463793293,-0.008775674522019383
best,5.73,-0.07315774141954293,-0.05002031545862034,-3.141094615877505,-0.008686085347715028
best,5.74,-0.07365810765243722,-0.05005293112024143,-3.141181105770384,-0.008619693420108623
best,5.75,-0.0741587460162977,-0.05007474165185764,-3.1412668664437837,-0.00854016946564744
best,5.76,-0.07465956886845469,-0.05008982877954319,-3.1413518778544356,-0.008469777184714693
best,5.7700000000000005,-0.07516049612410754,-0.050095622351015355,-3.1414361579691525,-0.008393841552324775
best,5.78,-0.07566144374070698,-0.05009390096887424,-3.1415196987189904,-0.00832183905745602
best,5.79,-0.07616233199108022,-0.05008374910577609,-3.1416025120269815,-0.008248286619986184
best,5.8,-0.07666307943144064,-0.050065738966310766,-3.141684596293951,-0.008175965408788665
best,5.8100000000000005,-0.07716360612003872,-0.05003959875329807,-3.141765954308803,-0.008102970139387537
best,5.82,-0.07766383166212949,-0.05000550966485813,-3.141846582381109,-0.008029910785218298
best,5.83,-0.07816367819020507,-0.04996379595025852,-3.141926486889306,-0.007958192419356094
best,5.84,-0.07866306695460878,-0.04991395693048314,-3.142005665378006,-0.007884640322868132
best,5.8500000000000005,-0.07916191992093972,-0.04985663633569554,-3.142084115398284,-0.00781243339451857
best,5.86,-0.07966016069988505,-0.049791519453371326,-3.1421618396889777,-0.007739428339832248
best,5.87,-0.08015771204382517,-0.049718749334657954,-3.142238832259646,-0.007666022961680039
best,5.88,-0.08065449851712168,-0.049638545324648196,-3.1423150932044557,-0.007593037121521384
best,5.89,-0.0811504452324989,-0.04955079775079566,-3.14239062168451,-0.007519463430335106
best,5.9,-0.08164547768415088,-0.049455692579592044,-3.142465414987792,-0.007445935229011162
best,5.91,-0.08213952239147146,-0.04935324888452368,-3.1425394720981443,-0.007372158080532027
best,5.92,-0.08263250589769645,-0.04924345236047583,-3.142612788122419,-0.007297650588105118
best,5.93,-0.08312435622425683,-0.04912661295160132,-3.1426853623427347,-0.007223730396773024
best,5.94,-0.08361500165484406,-0.04900247316583471,-3.142757191465553,-0.007148563065271164
best,5.95,-0.08410437121224702,-0.04887143831476049,-3.1428282722385155,-0.007073992945595949
best,5.96,-0.08459265353324558,-0.04878502588495092,-3.142900039642176,-0.007286081600352261
best,5.97,-0.085080532497692,-0.04879076700433569,-3.1429766850423135,-0.008050284697783181
best,5.98,-0.0855680823968156,-0.04871921282037573,-3.14305904096383,-0.008428527535340711
best,5.99,-0.08605550496849697,-0.048765301515901846,-3.14314867479116,-0.009506842806214359
best,6.0,-0.08654299030386929,-0.04873176555856542,-3.143247133765498,-0.010194178299764817
best,6.01,-0.0870301359404501,-0.04869736175760107,-3.143352716251964,-0.010932213190666295
best,6.0200000000000005,-0.08751676897708591,-0.04862924556955174,-3.1434650367493617,-0.011542332400893432
best,6.03,-0.08800262279027958,-0.04854151706918553,-3.1435832249508895,-0.012106264267554883
best,6.04,-0.08848747300430639,-0.04842852573617772,-3.1437066775788303,-0.012595660439136925
best,6.05,-0.08897108031843848,-0.04829293709024267,-3.1438347369731887,-0.01302800871084036
best,6.0600000000000005,-0.08945321482564009,-0.04813396435006932,-3.1439668228232898,-0.013401289292472165
best,6.07,-0.08993364576056839,-0.04795222263559179,-3.144102371964142,-0.013720956057955062
best,6.08,-0.09041214691167558,-0.04774800758584815,-3.144240865411503,-0.013990394343570139
best,6.09,-0.09088849342639971,-0.047521295358980475,-3.144381807778013,-0.014210939394753831
best,6.1000000000000005,-0.09136246412382501,-0.0472728441260703,-3.144524737414862,-0.014388008584483802
best,6.11,-0.09183384139931422,-0.047002610971773426,-3.1446692233871243,-0.014522327966279003
best,6.12,-0.0923024097701556,-0.04671106319650487,-3.144814855026522,-0.014617227834054537
best,6.13,-0.0927679573537579,-0.04639845352395849,-3.144961247919586,-0.014674630593099878
best,6.140000000000001,-0.09323027531928774,-0.046065139582002895,-3.1451080387618933,-0.01469683773025966
best,6.15,-0.09368915934202274,-0.04571166496499851,-3.145254891461491,-0.014686993099158167
best,6.16,-0.09414440848278446,-0.045338163187349595,-3.145401489087541,-0.014645785688741171
best,6.17,-0.09459582492567785,-0.0449451253913291,-3.145547530676639,-0.01457572226788609
best,6.18,-0.09504321502713294,-0.04453289489969093,-3.145692735430457,-0.014478330463643716
best,6.19,-0.09548638926822123,-0.04410195331796482,-3.1458368409175543,-0.014355757971316802
best,6.2,-0.09592516201623698,-0.04365259628518895,-3.145979600322837,-0.014208981246076469
best,6.21,-0.09635935140548808,-0.04318528156503515,-3.1461207804361457,-0.01403974640148768
best,6.22,-0.09678878057707256,-0.04270055275186377,-3.1462601672735953,-0.013850154480251254
best,6.23,-0.09721327600994857,-0.04219853382333591,-3.1463975556423645,-0.013639862338091203
best,6.24,-0.09763266880839462,-0.04168002586587743,-3.1465327551648423,-0.013412179161731425
best,6.25,-0.09804679510732134,-0.04114523391946631,-3.146665591510377,-0.013167005060360129
best,6.26,-0.098455508708456,-0.04059748630746681,-3.146795975630655,-0.012921511958588375
best,6.2700000000000005,-0.09885873725175988,-0.04004822235330418,-3.1469242154122856,-0.012737971338656002
best,6.28,-0.09925636193325495,-0.039476713945711416,-3.1470503493323196,-0.012500124323501241
best,6.29,-0.09964819933752833,-0.03889076690896826,-3.1471740449273287,-0.012250080044361511
best,6.3,-0.10003409511239193,-0.03828838806375343,-3.147295118111562,-0.011975393559509127
best,6.3100000000000005,-0.10041389261683929,-0.03767111282571629,-3.14741335775081,-0.011683106521184592
best,6.32,-0.10078744312536073,-0.037038988878572744,-3.147528581291246,-0.011371892139943813
best,6.33,-0.1011546022278229,-0.03639283161386329,-3.14764061372697,-0.01104458936618389
best,6.34,-0.10151523204676151,-0.03573313217386086,-3.147749298984117,-0.01070214651166574
best,6.3500000000000005,-0.10186919971150243,-0.035060400774324686,-3.1478544905854355,-0.010345535466731046
best,6.36,-0.10221637809725928,-0.034375276377046876,-3.1479560549588066,-0.0099763668262351
best,6.37,-0.10255664584897531,-0.03367827396615822,-3.148053870845249,-0.009595493393213842
best,6.38,-0.1028898869044862,-0.03296993713601907,-3.148147825986113,-0.009203863289388018
best,6.390000000000001,-0.10321599094751539,-0.03225087146982028,-3.1482378190287985,-0.008802710719815584
best,6.4,-0.10353485395603683,-0.03152173023446873,-3.14832376202251,-0.00839348315095481
best,6.41,-0.10384637677176346,-0.030782832910860345,-3.14840557199315,-0.007975728043362633
best,6.42,-0.104150465815403,-0.030034975817049323,-3.1484831744563717,-0.00755159783843014
best,6.43,-0.10444703377807178,-0.02927861671670754,-3.1485565068648844,-0.00712132771609688
best,6.44,-0.10473599914445762,-0.02851445656045749,-3.148625515610047,-0.006686471634610686
best,6.45,-0.1050172855490896,-0.027742824365938463,-3.1486901521597006,-0.006246490440883666
best,6.46,-0.1052908219193893,-0.026964449694002444,-3.1487503735790296,-0.00580304426259678
best,6.47,-0.10555654364392178,-0.026179895212496116,-3.148806148796836,-0.005356846339518211
best,6.48,-0.10581439061736328,-0.02538949947580173,-3.148857447570958,-0.004907348741401304
best,6.49,-0.10606430895711488,-0.02459416847452001,-3.148904249854303,-0.004457140760518974
best,6.5,-0.10630625045493991,-0.023794131090486826,-3.148946542653509,-0.004005042777336134
best,6.51,-0.10654017241007085,-0.022990259935701685,-3.148984319013831,-0.003553444302853919
best,6.5200000000000005,-0.1067660376768931,-0.022182793428743623,-3.1490175782623497,-0.0031012111592809174
best,6.53,-0.1069838131867497,-0.021372308542574204,-3.149046317776257,-0.0026490882236562666
best,6.54,-0.10719347252286208,-0.020559558679903323,-3.1490705472818026,-0.002198801994795873
best,6.55,-0.10739499472823717,-0.0197448823951133,-3.149090282289108,-0.001749782228438623
best,6.5600000000000005,-0.10758836342351857,-0.018928856661165498,-3.1491055392654412,-0.0013027912904224114
best,6.57,-0.10777356714077262,-0.01811188678964452,-3.1491163375852294,-0.0008576480810849718
best,6.58,-0.10795060020563714,-0.017294726183260264,-3.14912270453192,-0.00041611710431407715
best,6.59,-0.1081194620220657,-0.016477637102449733,-3.149124671481826,2.274843185814921e-05
best,6.6000000000000005,-0.10828015650012299,-0.015661258509004856,-3.1491222708837943,0.00045778617326353233
best,6.61,-0.10843271487264285,-0.01485041599496679,-3.1491156632010884,0.0008645334141085395
best,6.62,-0.10857722740489933,-0.014052090456331554,-3.1491053140507326,0.0012063889644703249
best,6.63,-0.10871374011167823,-0.013250450899446804,-3.149091423015664,0.001573242389092359
best,6.640000000000001,-0.10884225804745341,-0.012453136255586887,-3.149073942434743,0.0019246160914386645
best,6.65,-0.10896280965556135,-0.0116571853659995,-3.1490529352217167,0.0022788894210836875
best,6.66,-0.1090754175619252,-0.010864395906771001,-3.1490284126874815,0.0026279962549991998
best,6.67,-0.1091801131185881,-0.010074715425813984,-3.1490004155171514,0.0029741298747594028
best,6.68,-0.10927693010946275,-0.009288682749117224,-3.148968978977826,0.0033161795907049748
best,6.69,-0.10936590637157764,-0.008506569673860822,-3.1489341421323407,0.003654497266274753
best,6.7,-0.10944708405733755,-0.007728967478121093,-3.14889594950229,0.003987637975618931
best,6.71,-0.10952050875237479,-0.006955971529329606,-3.1488544464179338,0.004316886078561176
best,6.72,-0.10958633585791924,-0.0062094495795615556,-3.148810270250271,0.004522440445234389
best,6.73,-0.1096448816838998,-0.005499715616548813,-3.148764938274862,0.0045480705149603465
best,6.74,-0.10969623961887388,-0.004771871378267579,-3.148718723308917,0.004699175509053041
best,6.75,-0.10974038844358794,-0.004057893564546892,-3.148671255279706,0.0047987732111779745
best,6.76,-0.10977737791599945,-0.003340000917757356,-3.1486225524050915,0.004946278156417303
best,6.7700000000000005,-0.10980722291342776,-0.0026289985679037926,-3.1485724319513486,0.005082412212199896
best,6.78,-0.10982996217889195,-0.0019188545249350577,-3.1485208363204062,0.00524145756389587
best,6.79,-0.10984562558623999,-0.0012138269446738423,-3.148467650454836,0.005400603156962566
best,6.8,-0.10985425285600715,-0.0005116270087607713,-3.1484128054455436,0.005573442743121998
best,6.8100000000000005,-0.10985588311268228,0.00018557567373439306,-3.1483562199772477,0.005748853700470385
best,6.82,-0.1098505619418977,0.0008786584831826205,-3.1482978392038525,0.005932670122035789
best,6.83,-0.10983833476239271,0.0015667774178139535,-3.148237597551163,0.006121200177538273
best,6.84,-0.10981925209506424,0.0022497560478798567,-3.1481754476750488,0.006314489732413888
best,6.8500000000000005,-0.10979336670194384,0.0029273225762002147,-3.1481113442924724,0.006512080286612479
best,6.86,-0.10976073465908132,0.0035990859963051813,-3.1480452498975984,0.006712873905229149
best,6.87,-0.10972141516580985,0.0042648126579872955,-3.147977133500902,0.0069166650761888345
best,6.88,-0.10967547049706232,0.004924121091519996,-3.1479069701915128,0.007122442664758367
best,6.890000000000001,-0.10962296576495267,0.005576825330411641,-3.1478347396807496,0.007330293448087901
best,6.9,-0.1095639691095108,0.006222505757962897,-3.147760427246311,0.007539016283740729
best,6.91,-0.10949855157947329,0.006861000249540031,-3.147684022995741,0.007748846560612721
best,6.92,-0.10942678691770666,0.007491932103788064,-3.1476055206139955,0.007958832544057081
best,6.93,-0.10934906725124793,0.008052001187955533,-3.147526671136619,0.00781813775625986
best,6.94,-0.10926564044005198,0.008633361051236823,-3.147448423834308,0.00783841615607125
best,6.95,-0.10917652441319593,0.009189844319974605,-3.147370451558468,0.007763064104022671
best,6.96,-0.10908180011378739,0.009755015561734848,-3.147292779897035,0.007778307221621577
best,6.97,-0.10898150452054797,0.010304103086148897,-3.147215190985803,0.00774648518254532
best,6.98,-0.10887570899215841,0.010855002591764171,-3.147137659034125,0.007766933902592433
best,6.99,-0.10876446228521813,0.011394338796292968,-3.14706003254507,0.007765391221059583
best,7.0,-0.10864783191986874,0.011931734273587877,-3.1469822640853677,0.007795355199226007
best,7.01,-0.10852587475894133,0.01245969791189353,-3.1469042459995316,0.007815334508009218
best,7.0200000000000005,-0.10839865775037293,0.01298370380178614,-3.146825925489583,0.007855876742806819
best,7.03,-0.10826624245384067,0.01349935550466699,-3.146747218038123,0.007892756175188104
best,7.04,-0.1081286971524256,0.014009704778348621,-3.1466680744833124,0.00794314303073576
best,7.05,-0.10798608753044625,0.014512219617520973,-3.1465884287738697,0.007993232426638706
best,7.0600000000000005,-0.10783856863150461,0.014991560170804698,-3.1465087086219943,0.007957999484336762
best,7.07,-0.10768633116662213,0.015455932805692385,-3.146429539871228,0.007882884158229938
best,7.08,-0.10752944141616379,0.01592201728597802,-3.146350859887271,0.007860225704694272
best,7.09,-0.10736795130769611,0.016376004407560037,-3.146272528540613,0.007813114020457226
best,7.1000000000000005,-0.10720192664474691,0.016828928182279306,-3.146194485037769,0.007802647530069734
best,7.11,-0.10703142338415672,0.017271723935758303,-3.1461166151717554,0.007778364653638809
best,7.12,-0.10685650732945338,0.017711487004911125,-3.146038860613989,0.007779587027872507
best,7.13,-0.10667723803759795,0.018142371366178203,-3.1459611287824365,0.007773814172205748
best,7.140000000000001,-0.10649368140748565,0.01856895465627833,-3.1458833625995335,0.007786468778880149
best,7.15,-0.10630590076309113,0.018987174222623533,-3.145805490380444,0.007795029146789477
best,7.16,-0.10611396362455598,0.01940025348440331,-3.1457274632775682,0.007817465861421905
best,7.17,-0.10591793558083133,0.019805355260526347,-3.1456492207899056,0.007838124794108378
best,7.18,-0.10571788625014227,0.020204510877286596,-3.1455707236999477,0.007868413744428432
best,7.19,-0.10551388331952338,0.020596075246488287,-3.145491920623687,0.007899350049228935
best,7.2,-0.10530599802844615,0.020980982968961424,-3.1454127782879278,0.00793629908903445
best,7.21,-0.10509430044813092,0.02135853309408349,-3.145333255058037,0.007975564410208576
best,7.22,-0.10487886315319321,0.021728925893460923,-3.145253321150359,0.00801847348080835
best,7.23,-0.10465975921892748,0.022091860959684094,-3.1451729473210865,0.008063589558390887
best,7.24,-0.10443706372334431,0.022447238156949715,-3.145092113064204,0.008110601547050145
best,7.25,-0.10421085112456595,0.022795281598722166,-3.1450107919247885,0.008161011687067165
best,7.26,-0.10398119809800745,0.023135323712979973,-3.1449289671087572,0.00821138245081391
best,7.2700000000000005,-0.10374818186744655,0.023467922399198253,-3.1448466221421043,0.008265090417748911
best,7.28,-0.10351188092027952,0.02379226703420801,-3.1447637447238486,0.008317920576141766
best,7.29,-0.10327237433994904,0.024109049031888666,-3.1446803229848594,0.008374005321473737
best,7.3,-0.10302974249735813,0.024417319486295396,-3.144596349226452,0.00842837365519208
best,7.3100000000000005,-0.10278406693166083,0.02471779365316553,-3.1445118192575863,0.008485298929609498
best,7.32,-0.10253542884822518,0.025009823033963863,-3.144426723985401,0.008541485161199404
best,7.33,-0.10228391240880962,0.025293464849149405,-3.144341067678809,0.008597556550272976
best,7.34,-0.1020296010599168,0.025568804929410632,-3.1442548475759478,0.008654295760102891
best,7.3500000000000005,-0.10177257936861676,0.025835533330594733,-3.1441680640674043,0.008710288353657706
best,7.36,-0.1015129340715886,0.026093526075040525,-3.144080726536319,0.008765149911291526
best,7.37,-0.10125075090415332,0.02634310741201562,-3.1439928357883486,0.00882098225543764
best,7.38,-0.10098611736592947,0.026583600232755362,-3.1439043994094624,0.008874324360092027
best,7.390000000000001,-0.1007191219578936,0.026815481374417978,-3.1438154275939842,0.008928118253271028
best,7.4,-0.10044985365785945,0.02703817863241358,-3.14372593025698,0.008979475134501414
best,7.41,-0.10017840189663603,0.02725217361227197,-3.1436359169822934,0.00903135273528598
best,7.42,-0.09990485720175783,0.027456765363370602,-3.1435454006244075,0.009080135913545073
best,7.43,-0.09962931112595923,0.027652449796354,-3.1434543970109456,0.009128847930318177
best,7.44,-0.09935185510276529,0.027838754842435556,-3.1433629186408356,0.009175129119315619
best,7.45,-0.099072581757794,0.028015914151822762,-3.143270982061833,0.009220530791833676
best,7.46,-0.09879158438423538,0.02818356055990381,-3.1431786050288206,0.009263258581571492
best,7.47,-0.098508956346805,0.028342046926175778,-3.143085803304315,0.009305507321022376
best,7.48,-0.09822479255993917,0.02849071044698878,-3.1429925989383274,0.009343821542283144
best,7.49,-0.09793918738971154,0.028630323598539068,-3.142899008758084,0.009382705359400001
best,7.5,-0.09765223639428859,0.02875987548605127,-3.142805054092639,0.009416749381395549
best,7.51,-0.0973640358947763,0.028880224416410156,-3.1427107585498755,0.009450911737103895
best,7.5200000000000005,-0.09707468173544344,0.0289906074501626,-3.1426161412102465,0.009481136098233164
best,7.53,-0.09678427116722844,0.029091506192838377,-3.1425212272355614,0.009510265105634139
best,7.54,-0.09649290082118141,0.029182563016568845,-3.142426036715944,0.009536468791839317
best,7.55,-0.09620066899728251,0.029263801763211906,-3.142330597516107,0.00956002245900975
best,7.5600000000000005,-0.09590767316104687,0.029335365483915035,-3.142234931509725,0.009581849849817387
best,7.57,-0.09561401139787795,0.02939698714986962,-3.1421390627753105,0.009600585014044533
best,7.58,-0.0953197828660628,0.029448719213163076,-3.142043020254348,0.009616621666684737
best,7.59,-0.09502508588942342,0.029490676114713368,-3.1419468273044675,0.009630683519106419
best,7.6000000000000005,-0.09473001972161428,0.029522557447110832,-3.141850511626761,0.009641176721265606
best,7.61,-0.09443468340171318,0.02954470653310937,-3.141754099069297,0.009650067513552995
best,7.62,-0.09413917637410944,0.029556698987638175,-3.1416576171954707,0.009655044490879705
best,7.63,-0.09384394874923856,0.02948882598653954,-3.141563041346484,0.009268512112924497
best,7.640000000000001,-0.09354940123720641,0.029420676419889148,-3.141472084554597,0.008930927658538076
best,7.65,-0.09325558098528704,0.02934337396398705,-3.141384513312824,0.008591094558458232
best,7.66,-0.09296254092240498,0.029264638612424555,-3.1413001448999673,0.0082900895482978
best,7.67,-0.09267032810046684,0.029177925775205317,-3.141218781195756,0.007989881160683764
best,7.68,-0.09237899257545329,0.029089179227506347,-3.1411402573013483,0.007721885120705921
best,7.69,-0.09208858007604778,0.02899332065359277,-3.141064399595863,0.0074564031355137134
best,7.7,-0.09179913876280335,0.028894941995298094,-3.1409910626199595,0.007217523076510683
best,7.71,-0.09151071375643605,0.02879005927816553,-3.140920097640899,0.006981790448677456
best,7.72,-0.09122335150088508,0.028682391832029055,-3.1408513762981998,0.006768602919582721
best,7.73,-0.09093709591285272,0.02856872577444238,-3.1407847683184533,0.006558928121322883
best,7.74,-0.09065199214881786,0.02845202703252954,-3.1407201619086647,0.006368116286017207
best,7.75,-0.09036808261152479,0.028329880426084232,-3.1406574408050614,0.006181698194691413
best,7.76,-0.09008541137264786,0.028204367349302005,-3.1405965083460607,0.006010232223970321
best,7.7700000000000005,-0.08980402034617327,0.028073837945615472,-3.1405372655731827,0.005843610195529593
best,7.78,-0.0895239518871616,0.02793985385671777,-3.1404796252238243,0.005689608178445043
best,7.79,-0.08924524649100851,0.02780122537389917,-3.140423498392942,0.005540771821090963
best,7.8,-0.08896794569023049,0.027658934781705568,-3.140368810211522,0.005401752498389602
best,7.8100000000000005,-0.08869209008751154,0.027512185762082753,-3.1403154884563764,0.005267364961259969
best,7.82,-0.08841771910536375,0.027362010667478263,-3.14026346181089,0.005142617693839296
best,7.83,-0.08814487273850373,0.027207262704526607,-3.1402126691657974,0.005020454336572113
best,7.84,-0.0878735897776343,0.02704932946935815,-3.140163049473459,0.004907925327010019
best,7.8500000000000005,-0.08760390869159321,0.02688688773885887,-3.1401145462521627,0.004797059804541664
best,7.86,-0.08733586829492514,0.02672119159475487,-3.1400671110556453,0.00469422732735871
best,7.87,-0.08706950554250985,0.026551358888303456,-3.140020690892055,0.004593962489901103
best,7.88,-0.08680485830713865,0.0263780881859414,-3.1399752434202286,0.004499603595363318
best,7.890000000000001,-0.08654196298340758,0.026200976560269998,-3.139930723367431,0.0044083961522782865
best,7.9,-0.08628085685998245,0.026020248124753644,-3.1398870954898137,0.00432108955860557
best,7.91,-0.08602157565196643,0.02583599347845238,-3.1398443206555373,0.004237712039142358
best,7.92,-0.08576415522943472,0.02564809102789086,-3.1398023652379603,0.004157133304592902
best,7.930000000000001,-0.08550863143862068,0.02545666713491599,-3.1397611999444144,0.004079617090653203
best,7.94,-0.0852550388859811,0.025261843393003153,-3.139720792895195,0.004005417298568261
best,7.95,-0.08500341214220992,0.025063505361234358,-3.139681116138997,0.003933493403367422
best,7.96,-0.08475378559918718,0.02486180324331444,-3.139642144711892,0.003864288858698716
best,7.97,-0.0845061933507697,0.024656646440183342,-3.139603855832386,0.003796922924542694
best,7.98,-0.08426066869211203,0.024448285291349098,-3.1395662260018646,0.003732420695992642
best,7.99,-0.0840172448468432,0.024236483762418437,-3.1395292349078514,0.0036691183402041876
best,8.0,-0.08377593724064525,0.02402503747717064,-3.139492766845737,0.0036277769409814686
best,8.01,-0.08353670724970838,0.023820960710202867,-3.139456408589965,0.003647174724780183
best,8.02,-0.08329958664330825,0.023603160569822014,-3.1394201384088087,0.003610128401204095
best,8.03,-0.08306462190114687,0.02338978786245508,-3.139384017307357,0.0036173654056043
best,8.040000000000001,-0.08283184596075091,0.023165400216733602,-3.1393480314100493,0.003583056457252832
best,8.05,-0.08260130288187383,0.02294321555868307,-3.139312229757736,0.0035805141582543097
best,8.06,-0.082373026996791,0.02271196145788352,-3.1392766080194803,0.0035470433061973077
best,8.07,-0.08214706000491191,0.022481436917936012,-3.139241204057382,0.0035369498313042066
best,8.08,-0.08192343667958632,0.022243228147184067,-3.139206018194162,0.00350339312556225
best,8.09,-0.08170219771886567,0.022004563996946034,-3.1391710850678685,0.0034863870837820816
best,8.1,-0.08148337703779283,0.02175957221761865,-3.139136402827247,0.00345318591986193
best,8.11,-0.08126701388006595,0.021513059327756594,-3.139102000739416,0.003430335864819121
best,8.120000000000001,-0.08105314287598361,0.02126114148870626,-3.139067883846063,0.0033961160391238433
best,8.13,-0.08084180164799765,0.021007104108487763,-3.139034075463363,0.0033686088529199104
best,8.14,-0.08063302425420205,0.020748374650632548,-3.139000580702948,0.0033333596713078315
best,8.15,-0.08042684691037898,0.02048709411398094,-3.1389674184367653,0.0033020817085083706
best,8.16,-0.08022330372230618,0.020221543500577626,-3.138934597571482,0.0032650459669941144
best,8.17,-0.08002242934412414,0.019953332135831538,-3.13890213196316,0.0032309995113414865
best,8.18,-0.07982425747629901,0.019681041429197018,-3.1388700320640432,0.0031918687067218365
best,8.19,-0.07962882214116203,0.01940602559820337,-3.13883831214227,0.00315497065587382
best,8.2,-0.079436155751719,0.01912725229040308,-3.1388069795607634,0.0031143639008343084
best,8.21,-0.0792462909951571,0.018845699021970422,-3.1387760453415097,0.003075262823758316
best,8.22,-0.07905926015335202,0.018560469339048064,-3.1387455203998846,0.0030324696439545753
best,8.23,-0.07887509479292357,0.018272602746640845,-3.1387154139295284,0.0029915315266109753
best,8.24,-0.07869390624342729,0.01796510715261619,-3.138686180502739,0.0028577397052923386
best,8.25,-0.07851586785901203,0.01764256973043602,-3.138658624454715,0.002655872984453853
best,8.26,-0.07834101361432533,0.017328279206906973,-3.138632784812049,0.002514330644464812
best,8.27,-0.0781693387886793,0.017006685922300046,-3.138608494389127,0.0023458765503394977
best,8.28,-0.07800086510200649,0.016688051412259767,-3.138585741723623,0.0022066532194889364
best,8.290000000000001,-0.07783559549877636,0.0163658692337624,-3.1385644191625177,0.0020597226941059584
best,8.3,-0.07767354341387586,0.01604454774633565,-3.138544485286896,0.0019287976693389704
best,8.31,-0.0775147148196904,0.015721171090757043,-3.1385258646725602,0.0017969511217395195
best,8.32,-0.07735912005166536,0.01539778251424948,-3.1385085133615025,0.0016748265136690636
best,8.33,-0.07720676503450244,0.01507322091833274,-3.1384923697540357,0.0015553022450979215
best,8.34,-0.07705765780290776,0.014748225400602033,-3.138477390580431,0.001441837071524214
best,8.35,-0.07691180421005744,0.014422493169461901,-3.138463526775458,0.0013321292454467025
best,8.36,-0.07676921058596477,0.014096231649076167,-3.1384507380060898,0.0012267345814588652
best,8.370000000000001,-0.0766298823665733,0.013769412229215277,-3.138438984822792,0.0011249199006001511
best,8.38,-0.07649382442754302,0.013442175576841015,-3.1384282303049624,0.001026912803195271
best,8.39,-0.07636104102464555,0.01311450500265279,-3.138418439524408,0.0009320866382879209
best,8.4,-0.07623153585336888,0.012786529252683315,-3.138409579690201,0.0008406407859890525
best,8.41,-0.07610531216812659,0.012458207795774142,-3.138401620628657,0.0007518517608110974
best,8.42,-0.07598237243655098,0.012129738519345927,-3.138394532702669,0.0006663362934679317
best,8.43,-0.07586271920972087,0.011800906846677476,-3.1383882914788255,0.0005824354089547068
best,8.44,-0.07574635425193373,0.01147208471075219,-3.138382872770152,0.0005017602581590468
best,8.45,-0.07563327783737091,0.011143198201810547,-3.1383782485821614,0.000423460419362569
best,8.46,-0.07552349097931138,0.010814173410092965,-3.138374399356092,0.000346698411172453
best,8.47,-0.07541699370159703,0.01048528213277974,-3.13837130425943,0.0002725674576801003
best,8.48,-0.07531378558699531,0.010156340787564904,-3.138368944110156,0.00019964294291342555
best,8.49,-0.07521386572951562,0.009827630708371796,-3.138367301018846,0.0001290920240872187
best,8.5,-0.07511723205491633,0.009499104211484595,-3.1383663545045457,6.026525947340057e-05
best,8.51,-0.07502388281082088,0.009170744607602766,-3.138366089669905,-7.305053111075544e-06
best,8.52,-0.07493381562496443,0.008842692563687977,-3.1383664918873,-7.32047806899847e-05
best,8.53,-0.07484702725485429,0.008514981458341304,-3.138367545324418,-0.00013760727591216642
best,8.540000000000001,-0.07476351424342104,0.008187620828305852,-3.1383692365032165,-0.000200810309902824
best,8.55,-0.07468327250178607,0.007860727498685499,-3.1383715519091577,-0.00026250853542299316
best,8.56,-0.07460629778609869,0.0075342156387917065,-3.1383744805639697,-0.0003235152906409196
best,8.57,-0.07453258464849434,0.007208411882077847,-3.1383780081429786,-0.0003823466104107184
best,8.58,-0.07446212778415964,0.006882960984861058,-3.1383821243703327,-0.00044129830790353206
best,8.59,-0.07439492114918363,0.006558366010343242,-3.1383868180794363,-0.0004978941724627197
best,8.6,-0.07433095811552978,0.006234240720426257,-3.138392077991405,-0.0005545901878479696
best,8.61,-0.07427023185250582,0.005911011884366694,-3.138397894795353,-0.0006093220944165583
best,8.620000000000001,-0.0742127350168195,0.005588355252896917,-3.1384042593552386,-0.0006641910289648942
best,8.63,-0.07415845975257865,0.005266697595273632,-3.1384111626790645,-0.0007171227795903547
best,8.64,-0.07410739721445397,0.004945810029660846,-3.1384185932018522,-0.0007696783805187225
best,8.65,-0.07405953903395336,0.004625826070462856,-3.138426544885136,-0.0008214016840860619
best,8.66,-0.07401487586506851,0.0043068077065102255,-3.1384350090952076,-0.0008722297330808027
best,8.67,-0.07397339818297717,0.003988728711759255,-3.138443978995112,-0.0009225852188923339
best,8.68,-0.0739350952230805,0.003671863267575913,-3.138453443615425,-0.0009712178216187154
best,8.69,-0.07389995647111917,0.003355887124692619,-3.138463396065305,-0.0010201954549164695
best,8.700000000000001,-0.07386797107904781,0.0030411912895790447,-3.1384738302649375,-0.0010676106775223924
best,8.71,-0.0738391274597235,0.0027275325752846176,-3.1384847386426316,-0.0011150740190559597
best,8.72,-0.07381341352532426,0.002415254304563189,-3.138496113434139,-0.001160934939108214
best,8.73,-0.07379081714034443,0.0021040226914040157,-3.13850794914218,-0.0012072992836222904
best,8.74,-0.07377132564475743,0.0017942764259926455,-3.138520239874508,-0.0012519802273745616
best,8.75,-0.07375492548446708,0.0014857556320778571,-3.1385329772392705,-0.0012966662088412307
best,8.76,-0.0737416030457725,0.0011787321068398265,-3.1385461549528397,-0.001340089282133863
best,8.77,-0.07373134422621473,0.0008730318047158096,-3.1385597664079814,-0.0013834537655441866
best,8.78,-0.07372413461339065,0.0005688907600991168,-3.138573805642527,-0.0014256833765146498
best,8.790000000000001,-0.07371995942534837,0.0002661468483559055,-3.1385882669654093,-0.001467909645111049
best,8.8,-0.07371880360595462,-3.4982969606734574e-05,-3.138603145465529,-0.0015091561481302062
best,8.81,-0.07372065125269017,-0.00033454637750467744,-3.1386184337965326,-0.0015499127033481695
best,8.82,-0.07372548606964514,-0.0006324170134909993,-3.1386341246601117,-0.0015896986656881928
best,8.83,-0.07373329190396082,-0.000928749849642116,-3.138650213742076,-0.0016295924820556866
best,8.84,-0.07374405238820171,-0.0012233469985373734,-3.138666697709134,-0.0016687110833379854
best,8.85,-0.07375774996283949,-0.0015161679290183242,-3.1386835687512065,-0.001707042170860137
best,8.86,-0.07377436682992722,-0.0018072054885275952,-3.138700819841031,-0.0017447547605327792
best,8.870000000000001,-0.07379388507230868,-0.002096442987764701,-3.138718445359002,-0.001781961469129303
best,8.88,-0.0738162866655393,-0.0023838756583579564,-3.1387364411285392,-0.0018188384448046644
best,8.89,-0.07384155302489083,-0.0026693962119468174,-3.138754801877008,-0.0018549899692056554
best,8.9,-0.07386966501727228,-0.0029530022643454927,-3.138773521270638,-0.0018905997008255091
best,8.91,-0.07390060354535549,-0.0032347033522971465,-3.1387925951278035,-0.0019259146337782676
best,8.92,-0.07393434864158445,-0.003514315893495871,-3.1388120163632816,-0.0019601063028276285
best,8.93,-0.07397088042184966,-0.0037920401595481117,-3.138831780242957,-0.0019944745748596894
best,8.94,-0.07401017822718124,-0.004067520906771006,-3.138851879599372,-0.002027231290836307
best,8.950000000000001,-0.07405222187544648,-0.0043412087462791045,-3.1388723117325092,-0.00206106053458748
best,8.96,-0.07409699009970812,-0.004612436106050827,-3.13889306973967,-0.002092434483038047
best,8.97,-0.07414446122771731,-0.004881789495790812,-3.1389141462245966,-0.002124785364876764
best,8.98,-0.07419461430248098,-0.005148825456941929,-3.1389355395142027,-0.002155823504366986
best,8.99,-0.07424742710338751,-0.005413734724367461,-3.1389572426297327,-0.002186778562077388
best,9.0,-0.07430287761248115,-0.005676367094362573,-3.138979251410716,-0.002216983927798751
best,9.01,-0.07436094278660624,-0.005936667730654072,-3.139001557662291,-0.0022462992073150343
best,9.02,-0.07442160009520703,-0.006194793989504163,-3.1390241576562867,-0.002275759071633168
best,9.03,-0.07448482645936506,-0.006450478842104256,-3.1390470462220486,-0.002304039150360516
best,9.040000000000001,-0.07455059837100846,-0.006703903486574511,-3.1390702173698317,-0.0023323010510765845
best,9.05,-0.07461889238166994,-0.006954898645723675,-3.1390936669848077,-0.0023597574339090676
best,9.06,-0.07468968436338931,-0.0072034976981528685,-3.1391173886897126,-0.0023867434567982735
best,9.07,-0.0747629498305785,-0.007449595739687287,-3.1391413756033666,-0.0024128227824364427
best,9.08,-0.07483866454798895,-0.007693347742403347,-3.1391656236772882,-0.0024389991984906842
best,9.09,-0.074916803958507,-0.007934534361208273,-3.1391901285012924,-0.002464195598376125
best,9.1,-0.0749973430877865,-0.008173291494692154,-3.1392148847401984,-0.0024893049010787562
best,9.11,-0.07508025674690455,-0.008409440328920664,-3.1392398872396057,-0.002513469564550643
best,9.120000000000001,-0.07516551905552442,-0.008643021395052292,-3.1392651283407815,-0.0025370465895583234
best,9.13,-0.07525310475319762,-0.008874118139589642,-3.139290605129482,-0.002560628409472972
best,9.14,-0.07534298792382461,-0.009102515985811563,-3.139316312334838,-0.0025831502997751433
best,9.15,-0.07543514185260362,-0.009328269769991246,-3.1393422414983996,-0.002605039858174412
best,9.16,-0.07552954077840716,-0.00955151539071878,-3.1393683906702736,-0.0026271719908284768
best,9.17,-0.0756261578791451,-0.009771904756868679,-3.1393947532081348,-0.0026477316580999785
best,9.18,-0.07572496635656914,-0.00998979072793801,-3.139421323755511,-0.002668792953822381
best,9.19,-0.07582593924553797,-0.010204787065828629,-3.139448097170669,-0.0026883228852800428
best,9.200000000000001,-0.07592904898486388,-0.010417160799349172,-3.139475066095764,-0.0027079126687503817
best,9.21,-0.07603426865708926,-0.01062677364572368,-3.1395022278208935,-0.00272690007356343
best,9.22,-0.07614157062950079,-0.010833620836580609,-3.139529576709187,-0.00274536200760178
best,9.23,-0.07625092691175728,-0.01103763561471781,-3.1395571061562992,-0.0027630278221906844
best,9.24,-0.07636230971617333,-0.011238925268495882,-3.1395848116655496,-0.0027805903280685783
best,9.25,-0.07647569098088221,-0.011437327673281034,-3.139612688178734,-0.002797243677616125
best,9.26,-0.07659104216717999,-0.011632909586275416,-3.139640728915905,-0.002813449790081495
best,9.27,-0.07670833521319992,-0.011825699617708517,-3.139668930642407,-0.0028294560280387637
best,9.28,-0.07682754123453112,-0.012015504648531265,-3.139697286431514,-0.002844275719932804
best,9.290000000000001,-0.07694863151365575,-0.012202551176393843,-3.1397257911179732,-0.0028592490485665357
best,9.3,-0.07707157733305595,-0.012386612703646036,-3.139754440353279,-0.0028731981106327187
best,9.31,-0.0771963493672465,-0.012567794134462682,-3.1397832271929587,-0.0028867822152792277
best,9.32,-0.07732291863644909,-0.012746059706056915,-3.1398121473652987,-0.0028998764912476554
best,9.33,-0.0774512562204901,-0.012921457102144557,-3.1398411976550653,-0.0029128174111363197
best,9.34,-0.07758133224552155,-0.013093747904146505,-3.13987037025878,-0.002924349714365641
best,9.35,-0.07771308375711765,-0.013256554415071795,-3.139899474252461,-0.00289907246905595
best,9.36,-0.07784643794224431,-0.01341428261026222,-3.1399282634078425,-0.002861347895271673
best,9.370000000000001,-0.07798136681056038,-0.013571491052950236,-3.1399567389082006,-0.0028363188353704486
best,9.38,-0.07811784958388666,-0.013725063612306921,-3.1399849404109577,-0.002806521402184979
best,9.39,-0.07825586026267713,-0.013877072145784701,-3.140012876994742,-0.00278331405039275
best,9.4,-0.07839537639982254,-0.014026155283296907,-3.1400405760832055,-0.0027590003334609153
best,9.41,-0.0785363732117116,-0.014173207094515165,-3.1400680507913727,-0.0027384193727281103
best,9.42,-0.07867882740484913,-0.014317631532991724,-3.1400953213130327,-0.0027181446849288858
best,9.43,-0.07882271470822379,-0.014459829141939474,-3.1401224012840334,-0.0027002930902338585
best,9.44,-0.07896801085082421,-0.014599399378145526,-3.1401493033123784,-0.002682540088460881
best,9.450000000000001,-0.0791146921934483,-0.014736869146669714,-3.1401760425367224,-0.0026677188825194238
best,9.46,-0.07926273473926604,-0.01487164001687845,-3.1402026312353772,-0.002652421106145589
best,9.47,-0.07941211354969407,-0.015004122068727812,-3.140229075619643,-0.0026388437206750644
best,9.48,-0.07956280515242328,-0.01513419847711404,-3.1402553892710396,-0.002626263149250345
best,9.49,-0.07971478513339117,-0.015261797716463405,-3.140281579824044,-0.002614213138526104
best,9.5,-0.07986802893548409,-0.01538696270212014,-3.140307653446064,-0.0026028666854742786
best,9.51,-0.08002251249034648,-0.015509748270357442,-3.1403336183839707,-0.002592466906337208
best,9.52,-0.08017821146736234,-0.015630047132814715,-3.1403594808369975,-0.002582360564263093
best,9.53,-0.08033510178625519,-0.015748016645754162,-3.1403852478341907,-0.0025733676032349694
best,9.540000000000001,-0.08049315899719975,-0.015863425543154085,-3.1404109238355558,-0.002564153059560624
best,9.55,-0.0806523585669242,-0.015976488401735624,-3.1404365123360005,-0.0025558599158073056
best,9.56,-0.08081267645091485,-0.016087088396395048,-3.140462019074544,-0.0025477933799439847
best,9.57,-0.08097408840200221,-0.016195301821077663,-3.1404874482160188,-0.0025403337524162834
best,9.58,-0.08113656999420285,-0.01630101661905129,-3.1405128025110893,-0.002532817297036233
best,9.59,-0.08130009652735198,-0.01640429001077492,-3.1405380827766654,-0.0025255212513462574
best,9.6,-0.08146464405230333,-0.016505214979494403,-3.140563293600182,-0.002518922915130784
best,9.61,-0.08163018804770604,-0.016603584101045916,-3.1405884360142458,-0.002511832943832363
best,9.620000000000001,-0.08179670418294412,-0.016699642946565948,-3.1406135117332314,-0.002505578240808318
best,9.63,-0.08196416825853176,-0.016793172170961698,-3.140638522842923,-0.0024989050454473746
best,9.64,-0.08213255580080182,-0.01688433628305276,-3.1406634695484037,-0.0024926917765330263
best,9.65,-0.08230184253874297,-0.016973011305178,-3.140688352833962,-0.0024862151996408303
best,9.66,-0.08247200449936706,-0.01705938081964333,-3.140713174990989,-0.002480460864150387
best,9.67,-0.08264301707787675,-0.017143134882295914,-3.140737934472488,-0.002473673950509823
best,9.68,-0.08281485566947466,-0.017224583437288585,-3.1407626293822446,-0.002467540966695924
best,9.69,-0.08298749690914006,-0.01730366449579078,-3.140787264367798,-0.002461683809911001
best,9.700000000000001,-0.08316091627552209,-0.01738020878061135,-3.1408118373246485,-0.00245512929358023
best,9.71,-0.08333508956913493,-0.017454449941957783,-3.140836347594296,-0.0024491409511434308
best,9.72,-0.08350999282891142,-0.017526202013338394,-3.1408607955072325,-0.0024426520783192235
best,9.73,-0.08368560149773789,-0.017595531751955336,-3.140885177738226,-0.002435998541254612
best,9.74,-0.08386189204370059,-0.017662577440584484,-3.1409094963015245,-0.0024299130331637453
best,9.75,-0.08403884056533696,-0.017727126886690443,-3.140933750815016,-0.0024231824880890105
best,9.76,-0.08421642286316122,-0.017789332678163832,-3.140957938886669,-0.002416618725980993
best,9.77,-0.0843946151072364,-0.01784911613687355,-3.1409820598194527,-0.0024097484964627296
best,9.78,-0.08457339361067667,-0.01790658455118019,-3.1410061133433747,-0.002403130965498722
best,9.790000000000001,-0.08475273450778228,-0.0179615948699363,-3.141030097830567,-0.00239593463732673
best,9.8,-0.08493261405206269,-0.018014313986147237,-3.1410540119357866,-0.0023890483397387492
best,9.81,-0.08511300834205539,-0.01806454401239235,-3.1410778530736834,-0.0023813341905375594
best,9.82,-0.08529389391737219,-0.01811257105096657,-3.1411016207068796,-0.0023743410723546256
best,9.83,-0.08547524723417839,-0.018158092310274432,-3.141125313441253,-0.0023663471904079593
best,9.84,-0.08565704474863932,-0.018201410581911392,-3.1411489294670694,-0.002358992706603378
best,9.85,-0.08583926310765515,-0.018242261221254656,-3.1411724676240538,-0.0023507659779359526
best,9.86,-0.08602187863626096,-0.01828084449991066,-3.1411959245329655,-0.0023427358255029692
best,9.870000000000001,-0.08620486804096163,-0.01831703644021828,-3.1412192984963503,-0.0023341691192636134
best,9.88,-0.08638820850509907,-0.01835105638727028,-3.141242590010923,-0.002326238887673203
best,9.89,-0.08657187697359671,-0.01838263731225807,-3.141265797805293,-0.002317417094196368
best,9.9,-0.08675584989069894,-0.018411946108187024,-3.141288917363763,-0.002308583713883227
best,9.91,-0.08694010496426859,-0.01843906860574562,-3.141311950714346,-0.002300167901696326
best,9.92,-0.08712461886504771,-0.018463711550081557,-3.1413348936558667,-0.0022904931442860542
best,9.93,-0.08730941387325254,-0.01849529009088356,-3.1413579948732626,-0.002331860595755738
best,9.94,-0.0874945211740332,-0.018526170065248794,-3.141381553622572,-0.0023820449553325555
best,9.950000000000001,-0.08767991415987628,-0.01855242710336525,-3.141405550388115,-0.002419497713863387
best,9.96,-0.08786555766404133,-0.018576273729646986,-3.141429920389739,-0.002456725860524339
best,9.97,-0.08805142237296407,-0.018596668054903336,-3.1414546334539533,-0.0024881386489053314
best,9.98,-0.08823747557561544,-0.018613972475374527,-3.141479642374859,-0.0025159223354802415
best,9.99,-0.08842368699283591,-0.018628310968721695,-3.1415049150777192,-0.002540917654370287
best,10.0,-0.0886103904821618,-0.018712386896456067,-3.1415324439094405,-0.00296753483139391
last,0.0,0.0008554295190025089,0.004153673880253183,-0.0029058202677746045,-0.02967520574553212
last,0.01,0.0010871843726579457,0.04219729685083424,-0.00425068070009307,-0.2391743295747834
last,0.02,0.001708720701380521,0.08210996889368095,-0.007736857025858287,-0.45774345712800246
last,0.03,0.002729803486440074,0.12210658811822936,-0.013399552187186923,-0.6742791695523304
last,0.04,0.004150868556999195,0.16210642599359543,-0.021210232404367625,-0.8871428411485208
last,0.05,0.005971932721567715,0.2021064069201092,-0.03112618326099398,-1.0951378578255215
last,0.06,0.008192996790768804,0.24210640692010899,-0.04309287929478471,-1.297099392716437
last,0.07,0.0108140608599699,0.2821064069201092,-0.0570442466793825,-1.4918834574017545
last,0.08,0.013835124929171003,0.3221064069201095,-0.07290289599030972,-1.6783718835096768
last,0.09,0.01725618899837211,0.3621064069201098,-0.09058040983912821,-1.8554783171214346
last,0.1,0.021077253067573222,0.4021064069201101,-0.10997769417595935,-2.022154952973377
last,0.11,0.02529831713677434,0.44210640692011044,-0.1309853999019449,-2.1773998496859814
last,0.12,0.029919381205975457,0.48210640692011075,-0.1534844201514761,-2.3202647286072793
last,0.13,0.03494044527517658,0.522106406920111,-0.17734646741456989,-2.44986311631644
last,0.14,0.04036150934437772,0.5621064069201112,-0.20243473307466525,-2.5653786526515265
last,0.15,0.046182573413578815,0.6021064069201105,-0.22860463050021898,-2.666073346333253
last,0.16,0.052403637482779916,0.64210640692011,-0.255704617522185,-2.7512955851107597
last,0.17,0.059024701551981036,0.6821064069201095,-0.28357709939056336,-2.820487587998868
last,0.18,0.06604576562118211,0.7221064069201094,-0.3120594015663733,-2.873192099027967
last,0.19,0.07346682969038318,0.7621064069201093,-0.34098480314596014,-2.9090581391645873
last,0.2,0.08128789375958427,0.8021064069201095,-0.3701836246705083,-2.927845468938673
last,0.21,0.08950895782878535,0.8421064069201094,-0.39948435114281644,-2.929427851754397
last,0.22,0.09813002189798643,0.8821064069201096,-0.4287147831997199,-2.9137946390823304
last,0.23,0.10715108596718749,0.9221064069201097,-0.45770319435356027,-2.881050947220833
last,0.24,0.11657215003638854,0.9621064069201095,-0.486279483260884,-2.8314162650135786
last,0.25,0.1261543618204113,0.9543359498844426,-0.5131095140091418,-2.5325458984886438
last,0.26,0.13549772131927698,0.9143359498887244,-0.5361160358704835,-2.067379151128716
last,0.27,0.14444108081818655,0.8743359498931976,-0.5544326422886772,-1.5948736396300176
last,0.28,0.15298444031714184,0.8343359498978804,-0.5679951013869183,-1.1168442449639253
last,0.29,0.16112779981614514,0.7943359499027923,-0.5767568767959019,-0.6350188135154305
last,0.3,0.16887115931519886,0.7543359499079586,-0.5806883723327367,-0.1510617458810871
last,0.31,0.17621451881430567,0.7143359499134053,-0.5797764279887759,0.33339953953156465
last,0.32,0.1831578783134685,0.6743359499191658,-0.5740240897137322,0.8167465181536172
last,0.33,0.18970123781269072,0.6343359499252802,-0.5634506630400268,1.297341085576408
last,0.34,0.19584459731197607,0.5943359499317914,-0.5480920482203293,1.773497934929174
last,0.35000000000000003,0.20158795681132877,0.5543359499387555,-0.5280013421622589,2.2434590281416433
last,0.36,0.20693131631075365,0.5143359499462424,-0.5032496799582536,2.705371415680153
last,0.37,0.2118746758102565,0.47433594995433437,-0.4739272762178192,3.157269666423685
last,0.38,0.21641803530984383,0.43433594996313807,-0.4401446138326068,3.597064156551227
last,0.39,0.22056139480952341,0.3943359499727931,-0.40203371553419825,4.022536414404969
last,0.4,0.22430475430930477,0.35433594998347884,-0.35974942220182693,4.431342606362123
last,0.41000000000000003,0.2276481138091993,0.31433594999544323,-0.3134705920489789,4.82102605625243
last,0.42,0.23059147330915378,0.2743359499954435,-0.2634011251498474,5.1890393758336835
last,0.43,0.2331348328091083,0.2343359499954433,-0.20977072036249758,5.532776443471348
last,0.44,0.23527819230906274,0.19433594999544287,-0.1528352624181049,5.849613872694048
last,0.45,0.2370215518090172,0.15433594999544245,-0.0928767508447497,6.136961079296849
last,0.46,0.2383649113089716,0.11433594999544205,-0.030202691492233917,6.39231737779664
last,0.47000000000000003,0.23930827080892603,0.07433594999544173,0.03485510907217044,6.613333889004995
last,0.48,0.23985163030888051,0.034335949995441616,0.10194238082435743,6.797877453498092
last,0.49,0.23999498980883496,-0.00566405000455848,0.1706848636409934,6.944093287647229
last,0.5,0.23973834930878934,-0.045664050004558504,0.2406913851110778,7.050462943332108
last,0.51,0.23908170880874371,-0.08566405000455912,0.31155748192461213,7.115854007883061
last,0.52,0.23802506830869807,-0.12566405000455966,0.38286946178979947,7.1395585825604
last,0.53,0.2365684278086525,-0.1656640500045601,0.4542087849660434,7.121317818276089
last,0.54,0.23471178730860687,-0.20566405000456056,0.525156613226179,7.061331012880262
last,0.55,0.2324551468085613,-0.245664050004561,0.5952983695793188,6.960248610636933
last,0.56,0.22979850630851564,-0.2856640500045622,0.6642281499036414,6.819149588715536
last,0.5700000000000001,0.22674186580847,-0.3256640500045629,0.7315528335196622,6.639504657944161
last,0.58,0.22328522530842448,-0.3656640500045628,0.7968957683651295,6.423127883461459
last,0.59,0.2194285848083788,-0.40566405000456307,0.8598999244563614,6.1721196111606105
last,0.6,0.21517194430833322,-0.44566405000456233,0.9202304490780948,5.888804229664567
last,0.61,0.21051530380828773,-0.4856640500045616,0.9775765861847827,5.575666208293638
last,0.62,0.20545866330824228,-0.5256640500045614,1.0316529640720498,5.235287774631886
last,0.63,0.2000020228081968,-0.5656640500045614,1.0822002784525864,4.87029104523903
last,0.64,0.19414538230815126,-0.6056640500045615,1.1289854294756543,4.483286939095597
last,0.65,0.1878887418081057,-0.6456640500045615,1.171801188921425,4.07683251896391
last,0.66,0.18123210130806008,-0.6856640500045615,1.2104654873622989,3.653397756557449
last,0.67,0.17417546080801452,-0.7256640500045616,1.2448204179452227,3.2153421096831196
last,0.68,0.16671882030796903,-0.7656640500045616,1.27473105463778,2.7649007773955447
last,0.6900000000000001,0.1588621798079236,-0.8056640500045616,1.3000841792661497,2.304180082532982
last,0.7000000000000001,0.15060553930787815,-0.8456640500045617,1.3207870045411596,1.8351611237369347
last,0.71,0.14194889880783274,-0.8856640500045612,1.3367659705800465,1.3597106327573447
last,0.72,0.13289225830778717,-0.9256640500045612,1.3479656811176606,0.8795978508442062
last,0.73,0.12343561786734629,-0.9656640380836315,1.3543480333299256,0.39651616506374776
last,0.74,0.11357899460496408,-1.0056606143928355,1.355891562664103,-0.08789573132650848
last,0.75,0.10332930083553231,-1.044278139493542,1.3525828993164883,-0.5736565905055682
last,0.76,0.09299887147802673,-1.0218077320075802,1.344053507563507,-1.1322242949719663
last,0.77,0.08297657371994728,-0.9826518196082874,1.3298323452984648,-1.7122114420220935
last,0.78,0.07334988543604998,-0.9426858371711533,1.3097991642825277,-2.29469230554667
last,0.79,0.06412301895810665,-0.9026874584174912,1.2839326400037254,-2.8789008767959663
last,0.8,0.05529614299110407,-0.8626877349830433,1.2522155186802528,-3.4647879447476244
last,0.81,0.04686926540285509,-0.8226877826667592,1.2146322656314577,-4.052048907002356
last,0.8200000000000001,0.038842387528503726,-0.782687792203502,1.1711721222683285,-4.640022089032888
last,0.8300000000000001,0.031215509606468676,-0.7426877922035017,1.1218330039289581,-5.227625145305622
last,0.84,0.023988631684433714,-0.7026877922035027,1.0666259987300557,-5.813296184948059
last,0.85,0.017161753762398743,-0.6626877922035028,1.0055804365148397,-6.394940513058376
last,0.86,0.010734875840363747,-0.6226877922035036,0.9387494446376429,-6.969887107843208
last,0.87,0.004707997918328817,-0.5826877922035041,0.8662158702189502,-7.534859704342704
last,0.88,-0.0009188800037062413,-0.5426877922035036,0.7880983957129731,-8.085968045212791
last,0.89,-0.00614575794958325,-0.5026877969718747,0.7045576161130824,-8.61872527254472
last,0.9,-0.010972635919302096,-0.4626877969718738,0.6158017864519318,-9.128097371022484
last,0.91,-0.01539951388902087,-0.4226877969718736,0.5220918956446404,-9.608589259225747
last,0.92,-0.019426391858739612,-0.38268779697187394,0.4237456805556653,-10.05437085498228
last,0.93,-0.02305326982845835,-0.3426877969718743,0.3211401783394594,-10.459442864644522
last,0.9400000000000001,-0.026280147798177098,-0.30268779697187465,0.2147124374376937,-10.817838687876142
last,0.9500000000000001,-0.02910702576789585,-0.262687796971875,0.10495806029848817,-11.123854122156553
last,0.96,-0.03153390373761458,-0.22268779697187535,-0.007572638470869886,-11.372292170879446
last,0.97,-0.033560781707333336,-0.182687796971875,-0.1222809298655097,-11.558706365568568
last,0.98,-0.035187659677052105,-0.1426877969718744,-0.23852831507479386,-11.679623648588636
last,0.99,-0.03641453764677085,-0.102687796971875,-0.3556472162196646,-11.732727557638876
last,1.0,-0.03724141561648959,-0.06268779697187553,-0.4729532280267444,-11.716984811431434
last,1.01,-0.037668293586208317,-0.022687796971876086,-0.5897582991178966,-11.632702759994409
last,1.02,-0.03769517155592708,0.017312203028125406,-0.7053841150379563,-11.481512249458072
last,1.03,-0.0373220495256458,0.057312203028127326,-0.8191749399448564,-11.266277407044123
last,1.04,-0.03654892749536449,0.09731220302812883,-0.9305092256078533,-10.990941379084115
last,1.05,-0.03537580546508324,0.1373122030281276,-1.0388094182671448,-10.66032273719733
last,1.06,-0.03380268343480204,0.17731220302812584,-1.1435495566110738,-10.279880811872731
last,1.07,-0.031829561404520874,0.21731220302812407,-1.244260450410416,-9.855469449098148
last,1.08,-0.029456439374239748,0.25731220302812247,-1.3405324145654316,-9.393097244469667
last,1.09,-0.026683317343958648,0.2973122030281212,-1.4320157018969697,-8.898709224202623
last,1.1,-0.023510202752337252,0.3373107152961862,-1.5184189020804848,-8.37799989924945
last,1.11,-0.019940291981898135,0.37667143879166837,-1.5995052401017589,-7.836228179635811
last,1.12,-0.01625009920519516,0.36136711654893167,-1.6751728711634573,-7.2988245023216045
last,1.1300000000000001,-0.012831060653364814,0.32244059381715157,-1.7455999452624869,-6.789993511766906
last,1.1400000000000001,-0.009806159114492933,0.28253971395722755,-1.8110475882250798,-6.303124884577718
last,1.1500000000000001,-0.00718066323386612,0.24255946216813454,-1.8717353991833474,-5.838074212391679
last,1.16,-0.004955031228151614,0.20256693897477596,-1.9278818121708738,-5.394822042475798
last,1.17,-0.003129342097345502,0.16257088718644583,-1.9797034906892585,-4.973050809520631
last,1.18,-0.0017036174540920365,0.12257404146424715,-2.0274124881386566,-4.572167912633797
last,1.19,-0.000677859253423563,0.08257759866944739,-2.0712138027557314,-4.191364712869084
last,1.2,-5.199380015728115e-05,0.04259549198380889,-2.1113033048708405,-3.829631901248479
last,1.21,0.00017456367495577115,0.002716003038801531,-2.1478650097434957,-3.4856122175672017
last,1.22,5.698095373693349e-06,-0.036489118955217045,-2.1810612277564507,-3.1563148628571294
last,1.23,-0.0005331601456845204,-0.07128252925642559,-2.2109716288514343,-2.8281347427425554
last,1.24,-0.0013310060519191268,-0.0882866519904955,-2.2373703092507977,-2.4533871973840937
last,1.25,-0.0021431609114389498,-0.07414431991346902,-2.2595325752146365,-1.980100725235774
last,1.26,-0.0027250348232735313,-0.04223046245344706,-2.2766749815481946,-1.448991161776761
last,1.27,-0.0029579237068412044,-0.00434731426008765,-2.2884147899194556,-0.8993544585317034
last,1.28,-0.0028087945011144437,0.03417315540543973,-2.294656363200633,-0.3491665434135386
last,1.29,-0.0022776800124897343,0.0720497423195023,-2.2954123062092298,0.19795265198084605
last,1.3,-0.0013899351985476407,0.10549922046891638,-2.290777400667359,0.7291992375089893
last,1.31,-0.00021692424748243782,0.12910296974412397,-2.2810027841299605,1.2261448911870367
last,1.32,0.001136882325454715,0.14165834484330628,-2.2664431701148278,1.6865034475802478
last,1.33,0.0024991961382104426,0.13080441770783885,-2.247669993499905,2.069357817076139
last,1.34,0.003698316737026503,0.109019702055373,-2.225217798067466,2.4226961941475667
last,1.35,0.0046633146542248245,0.08397988138429137,-2.1992360203149772,2.77555321026206
last,1.36,0.005381451650040241,0.05964751777879213,-2.169655321142763,3.1426777621717665
last,1.37,0.0058614727510611945,0.036356702425398575,-2.1363225827727073,3.526134084461599
last,1.3800000000000001,0.006124687046948326,0.01628615675202819,-2.0990385014005466,3.9330340907021664
last,1.3900000000000001,0.006160566211667093,-0.009110323808274565,-2.0576861924551735,4.3401020821592935
last,1.4000000000000001,0.0059035233087436495,-0.042298256776414245,-2.012280050495583,4.744219286811831
last,1.41,0.00529850871611914,-0.0787046617484899,-1.962775594913743,5.16001682331383
last,1.42,0.004339372116601464,-0.11312265815504517,-1.9089916317819942,5.600120190512281
last,1.43,0.0030645754099480134,-0.14183668317564457,-1.850656137243134,6.070067186316785
last,1.44,0.0015457482753618215,-0.16192874374159308,-1.7874675171484076,6.570206620963764
last,1.45,-0.00013075819052698102,-0.173372549436173,-1.7191561978503276,7.093896145499533
last,1.46,-0.0018801088994654038,-0.1764975923515172,-1.6455271677971215,7.632867496972392
last,1.47,-0.0036470808275620298,-0.17689679326780758,-1.566480523416389,8.176745026147547
last,1.48,-0.005406194681947279,-0.17492597760923834,-1.4819945316529402,8.71994461256451
last,1.49,-0.007142733229440126,-0.17238173188932873,-1.3921008348726343,9.25749940937593
last,1.5,-0.008873602314252051,-0.17379208507307514,-1.2968559209059114,9.78966776830086
last,1.51,-0.010563568772549586,-0.1642012065864423,-1.1964454987226487,10.288672173204672
last,1.52,-0.012183530696125761,-0.15979117812880078,-1.0911106176899226,10.773956847148936
last,1.53,-0.013728057982632227,-0.14911427917250214,-0.9811502885025281,11.212092394359534
last,1.54,-0.015250997825786953,-0.15547368945845172,-0.8667227109076833,11.667706339106816
last,1.55,-0.01689264160647219,-0.17285506667860523,-0.747715700807141,12.127615475113855
last,1.56,-0.01870699205076597,-0.19001502218016106,-0.6243099077975205,12.54612442811404
last,1.57,-0.020706471911048664,-0.20988094987638847,-0.49689184947344195,12.928945344858525
last,1.58,-0.022923851284575993,-0.2335949248290854,-0.3658184716735452,13.276133792601648
last,1.59,-0.025349060777236282,-0.2514469737029861,-0.2317275085265654,13.531087346180083
last,1.6,-0.027967008659865438,-0.272142602822859,-0.09534767044571901,13.733100424910685
last,1.61,-0.030747370187285437,-0.28392970266111633,0.04244477386146319,13.812933928658502
last,1.62,-0.03357693320320036,-0.28198290052183383,0.18027995111602563,13.74170427706436
last,1.6300000000000001,-0.03648328476377013,-0.2992874115920862,0.31755534087814036,13.700764111045856
last,1.6400000000000001,-0.0396326688870726,-0.33058941306837586,0.45440871075111566,13.65691698393306
last,1.6500000000000001,-0.04312551471462926,-0.3679797524429204,0.5905848246762173,13.565250049237552
last,1.6600000000000001,-0.04698746768129629,-0.4044108408904908,0.7254357992566632,13.392486487222357
last,1.67,-0.051127616887434744,-0.42361900033720734,0.8578498126182194,13.080202577181666
last,1.68,-0.05530814325746032,-0.41248627366789575,0.9863267515074534,12.609201948019106
last,1.69,-0.05934760188418449,-0.39540545167692837,1.1098439137541825,12.090332011298766
last,1.7,-0.06318381949642807,-0.3718380707717765,1.2279963098537474,11.538330183428512
last,1.71,-0.06686011908651586,-0.3634218472457749,1.3407136455657196,11.003093096488698
last,1.72,-0.0705734990122207,-0.3792541378951887,1.4481588847437044,10.482696915624265
last,1.73,-0.07450374850675033,-0.40679576101072895,1.5503423115496526,9.950729752816763
last,1.74,-0.07873767770594613,-0.4399900788284172,1.6471170052555244,9.401484111949697
last,1.75,-0.08331404246775254,-0.4752828735328552,1.7383210212216538,8.837370197337968
last,1.76,-0.08823866310228552,-0.5096412533737069,1.8238391375793976,8.265214765964709
last,1.77,-0.0934923889709647,-0.5411039203620812,1.9036340564560343,7.693636520722504
last,1.78,-0.09898976695689585,-0.5583716768241778,1.9778531570051534,7.151512799370098
last,1.79,-0.10462904066617,-0.5694830650306599,2.0467659581915565,6.633078488978875
last,1.8,-0.11028084351019449,-0.5608775037742514,2.110819156122556,6.180834298635803
last,1.81,-0.11577844692089245,-0.5386431783653158,2.1706499324976343,5.789287130579945
last,1.82,-0.12102638468980578,-0.5109443754173165,2.226771928590995,5.43926805571169
last,1.83,-0.12598393873832112,-0.48056643428572404,2.279564042881519,5.123327603487923
last,1.84,-0.130634595003557,-0.44956481876143106,2.3293323703827205,4.83442218831701
last,1.85,-0.1349733842701204,-0.41819303455122525,2.37634017134132,4.571112149220467
last,1.86,-0.1390092067035691,-0.38897145213850476,2.420789130656817,4.322462933221167
last,1.87,-0.1427740278457429,-0.36399277629621923,2.462774130631688,4.0780762093810425
last,1.8800000000000001,-0.14629405311713561,-0.34001227798231515,2.502398285793438,3.8501356083352642
last,1.8900000000000001,-0.14959016076119375,-0.3192092508292998,2.539771601047843,3.6277045596723188
last,1.9000000000000001,-0.15270379517488994,-0.303517631909927,2.574896532349545,3.400221246741259
last,1.9100000000000001,-0.15567938561275602,-0.29160045566328374,2.607744285489015,3.172059069636235
last,1.92,-0.15856642767644608,-0.2858079570747217,2.6382434339112,2.9302548748356503
last,1.93,-0.16145105717061337,-0.29111794175871236,2.6661258242719046,2.6483914192004527
last,1.94,-0.16438886577387715,-0.2964437788940273,2.691252410936606,2.378910241079726
last,1.95,-0.1673753460518694,-0.3008522767043914,2.713764914410826,2.1254000173699614
last,1.96,-0.1703549971157655,-0.29507793607481375,2.73405306172079,1.9339557612825382
last,1.97,-0.17325656835998232,-0.28523631276853884,2.7525811304762073,1.773272777888802
last,1.98,-0.1760551403699996,-0.2744780892349086,2.7695731523738703,1.626625717734313
last,1.99,-0.1787264522910964,-0.2597842949844198,2.7852444295881327,1.5090340062775283
last,2.0,-0.18124613643318624,-0.24415253343351562,2.7998054130069545,1.404475933072909
last,2.0100000000000002,-0.18361087000421564,-0.22879418077238348,2.8133521639014814,1.306098094035312
last,2.02,-0.18581947137786484,-0.21292609395750461,2.825964447333342,1.2175025158345654
last,2.0300000000000002,-0.18785870193337612,-0.1949200171447613,2.8377808901120587,1.146866993308599
last,2.04,-0.189718128449886,-0.1769652861572127,2.848921436236943,1.0822625458137956
last,2.05,-0.19138808527130463,-0.1570260781265118,2.8594988536239767,1.0341963870807944
last,2.06,-0.19286140274564692,-0.1376374167419282,2.86960975168971,0.9889150411031646
last,2.07,-0.19414173995437176,-0.11843002500303638,2.879290545848691,0.948136230918564
last,2.08,-0.1952313647826874,-0.09949494066007938,2.8885826614840573,0.9111433823319909
last,2.09,-0.1961316982053252,-0.08057174386747729,2.8975299095603133,0.8791313899148406
last,2.1,-0.19684585916645328,-0.062260448358138494,2.9061650094995573,0.8486841838522323
last,2.11,-0.19739118541746026,-0.046804801843246244,2.9144420266182958,0.8074770536552761
last,2.12,-0.19778009949614966,-0.03097801389463747,2.9223394112436467,0.7727239784976411
last,2.13,-0.1980143255980019,-0.01586720647581455,2.9298912611351535,0.7383376633228333
last,2.14,-0.19809802701208715,-0.0008730763412316813,2.9371165334818516,0.7073787006830912
last,2.15,-0.19802897020931443,0.014684436895767502,2.9440671478039433,0.6833819046657286
last,2.16,-0.1978087953902988,0.02935052690736453,2.9507724220304734,0.6582872569641985
last,2.17,-0.19744305594363573,0.04379736242524753,2.9572389820242493,0.6356171204938332
last,2.18,-0.19693801097691502,0.057211630918900254,2.9634682017879577,0.610796301915886
last,2.19,-0.19630451349459216,0.06948786554567006,2.9694349564040374,0.5830990801261982
last,2.2,-0.19554906955822118,0.08160092172853177,2.9751363742131622,0.5577047455065169
last,2.21,-0.19467556427007415,0.09310013590089486,2.980582418648816,0.5320006958652178
last,2.22,-0.1936869520178157,0.10462231455079751,2.9857867364226363,0.5093375327631038
last,2.23,-0.19258694171238805,0.11537974653474511,2.990757475164777,0.4852630993954598
last,2.24,-0.19138297039221266,0.1254145175003216,2.9954809969258562,0.4598711924713776
last,2.25,-0.19007685092063964,0.13580937681428634,2.9999731889487173,0.4389764451902365
last,2.2600000000000002,-0.18867038612359666,0.14548358259431585,3.004248706843352,0.4165162525542773
last,2.27,-0.18716637005225406,0.15531963167421067,3.008315565634973,0.3972258095769215
last,2.2800000000000002,-0.1855672124985582,0.16451187906495807,3.012182733451323,0.37655958294757846
last,2.29,-0.183873095709671,0.17431147871247984,3.0158703616679965,0.36130193505998437
last,2.3000000000000003,-0.1820847956427,0.18334853468171844,3.0193943367503993,0.34381372708836216
last,2.31,-0.18020380377275055,0.19284983930818309,3.0227657108456367,0.3307681170418339
last,2.32,-0.1782313941133418,0.20163209257356393,3.0259958887186715,0.31556122963777195
last,2.33,-0.17616629603649828,0.211387522795122,3.0291095554509564,0.3074557892298905
last,2.34,-0.17400936765837005,0.21999815283052246,3.032118998404072,0.2947065211162165
last,2.35,-0.17176217581817516,0.22944021520845223,3.0350320278007805,0.28816461899425083
last,2.36,-0.16942630828828298,0.2377332907699758,3.037855795635395,0.2768457206501015
last,2.37,-0.16700326248042144,0.2468758708023247,3.0405974709169086,0.27173891201977163
last,2.38,-0.16448983028187397,0.2558105689071828,3.043289782581192,0.266968397732934
last,2.39,-0.16188701741373257,0.2647520047210866,3.045941894143571,0.2636953218035091
last,2.4,-0.1591967019468288,0.273311088659685,3.048557920102395,0.25974786699565683
last,2.41,-0.15642087219674466,0.28185486135713395,3.051141163088047,0.2571358185568816
last,2.42,-0.1535614439759727,0.29003078279725836,3.0536951425833063,0.25389230714564004
last,2.43,-0.15061774337055708,0.29870933828584506,3.0562375510605633,0.25482099062981295
last,2.44,-0.14759125291490663,0.3065887528442556,3.0587740780247263,0.25271507409469757
last,2.45,-0.1444855652909058,0.3145487719558891,3.0612986888423035,0.2524368355660326
last,2.46,-0.1413124028009918,0.3200837260269338,3.06376023344596,0.24009543232736802
last,2.47,-0.13807194642870765,0.32800754842988805,3.066171153368274,0.2423081289223269
last,2.48,-0.134765579907803,0.333265755751055,3.068536937625095,0.23106334168415968
last,2.49,-0.13139514213693634,0.34082179842225885,3.0708603115514514,0.23382302270971164
last,2.5,-0.12796276131187076,0.3456543665908987,3.0731421547502196,0.2227525647655979
last,2.5100000000000002,-0.12447010130818555,0.35287763414613565,3.07538569730749,0.2261602521060954
last,2.52,-0.12091876851874149,0.35738892374269304,3.077594271425923,0.2157548342110117
last,2.5300000000000002,-0.11731036688068736,0.3642914038681205,3.0797710334898105,0.2197957982451846
last,2.54,-0.11364897246957749,0.3679874783538989,3.081905246487607,0.20724023589911553
last,2.5500000000000003,-0.10993565769218022,0.3746754771255663,3.0840026041995854,0.21242229786388953
last,2.56,-0.10617268096848627,0.3779198676132371,3.086062013147956,0.19964610408374048
last,2.57,-0.10236033557718974,0.38454921064607406,3.088093079301333,0.20675207278419705
last,2.58,-0.09848739734379099,0.3900384360336475,3.0901691740830524,0.20865562934446666
last,2.59,-0.09455659551729102,0.39612192926637424,3.0922864771312524,0.21499778182807566
last,2.6,-0.09056968059073903,0.4012610560440232,3.094446824237005,0.2172680234582524
last,2.61,-0.08653103517445639,0.40646802721254094,3.09663766856508,0.22110015732902533
last,2.62,-0.08244361515814458,0.41101597604982126,3.0988545483558037,0.2224772229977166
last,2.63,-0.07831068892673743,0.4155692702316448,3.1010914032848347,0.2250970964513409
last,2.64,-0.07414387540437535,0.4177934342407391,3.103295905437782,0.21600306484684398
last,2.65,-0.06994199000834858,0.422583644964616,3.1054866479164387,0.22234462137692998
last,2.66,-0.0657029105510424,0.42523224649659835,3.107687359979404,0.21799726000768097
last,2.67,-0.06143209026140763,0.42893181143037507,3.1098797431062954,0.22067855541989664
last,2.68,-0.05712986240093382,0.4315137606643839,3.1120738967954624,0.21835096205593246
last,2.69,-0.05280000070657501,0.4344585782074135,3.1142608092394157,0.21923006539263365
last,2.7,-0.04844392796504346,0.43675597009889294,3.1164444949670376,0.21770499534074006
last,2.71,-0.04406464677224105,0.43910026846162475,3.118620167215478,0.2176268232270846
last,2.72,-0.039664061878037685,0.4410167103790442,3.120789097456764,0.2163558166453893
last,2.73,-0.03524543532543303,0.44270860014192254,3.1229449751142178,0.21501510558466055
last,2.74,-0.030811055408265196,0.4441673832916418,3.125086828792028,0.21354972579520942
last,2.75,-0.026363183979752642,0.4454069024109044,3.1272137566137648,0.21202856769501086
last,2.7600000000000002,-0.02190404558060543,0.4464207774185338,3.1293249820044826,0.2104077979664654
last,2.77,-0.01743585964937681,0.44721640882722524,3.131419670484183,0.20871967336893404
last,2.7800000000000002,-0.01296081741970134,0.4477920371078649,3.1334970537168085,0.2069451653602283
last,2.79,-0.0084810957724159,0.44815229234925896,3.1355563484133695,0.2051003149310625
last,2.8000000000000003,-0.003998847007401072,0.4482974606537023,3.1375968090640556,0.2031766372213035
last,2.81,0.0004837953747667231,0.44823101577989255,3.139617691831431,0.2011829538312436
last,2.82,0.004964721715369577,0.4479542523407141,3.1416182786496023,0.19911559820344393
last,2.83,0.009441043287219586,0.44731006202928214,3.143593410499738,0.1960897248376386
last,2.84,0.013908958708728363,0.44627302227250726,3.145532718399221,0.19194748059832523
last,2.85,0.01836590290592932,0.44511581716767945,3.1474325085037207,0.18818261165735775
last,2.86,0.022810256825935113,0.44375496683351207,3.1492941307791127,0.18431044869969923
last,2.87,0.027245420532260832,0.44327777443162614,3.1511466208917667,0.18635577088050984
last,2.88,0.031675030706939784,0.4426442605041665,3.153020283148299,0.1885469237368703
last,2.89,0.036096554855904066,0.4416605692886513,3.1549112495562284,0.1898180368839375
last,2.9,0.040507125745400066,0.4404536086105508,3.1568138848538303,0.19088173298243108
last,2.91,0.04490568255580233,0.4392577534698647,3.158732656643332,0.19304696437429927
last,2.92,0.04929495630040841,0.43859699545137104,3.1606931943806487,0.19923879054868254
last,2.93,0.053672187141114526,0.4368491726898354,3.162690843131769,0.20047228531359357
last,2.94,0.05802802028389494,0.43431745586625753,3.164684501666597,0.19844000400159767
last,2.95,0.06235815996239638,0.43171047983400035,3.1666611590178855,0.19707060162180545
last,2.96,0.06666073679614437,0.4288048869156043,3.168621199617699,0.19511508032750244
last,2.97,0.07093315558698482,0.42567887125245724,3.1705608844806266,0.192997597107249
last,2.98,0.07517311815862865,0.42231364307634034,3.172478015235713,0.19060234379037758
last,2.99,0.07937829462511672,0.4187216502212683,3.1743700973181705,0.18798558337800303
last,3.0,0.08354643053612748,0.41490553198091196,3.176234919490177,0.18514788215120603
last,3.0100000000000002,0.08767541424214802,0.41089120922319106,3.178070916717034,0.18221798288873023
last,3.02,0.09176316157140599,0.4066582566284342,3.179876521199407,0.17906656955413977
last,3.0300000000000002,0.09580768690244942,0.40224680958024694,3.1816505482495088,0.17589964096658786
last,3.04,0.0998079095673054,0.39779772339097713,3.1833966680823877,0.17348266208775365
last,3.0500000000000003,0.10376230872962094,0.3930821090721294,3.1851159564778095,0.17053088906379463
last,3.06,0.10766865338754181,0.388186822512071,3.186805399813056,0.16751094738325528
last,3.0700000000000003,0.11152502832462238,0.38308816490403874,3.1884635773470897,0.16427488573335558
last,3.08,0.11532947526602103,0.37780122337571864,3.1900886603350282,0.1608890337088366
last,3.09,0.11908011896616677,0.3723275166534593,3.191679102266,0.15734352829241482
last,3.1,0.12277512411460068,0.3666735130333115,3.193233390609624,0.15365513016373433
last,3.11,0.1264127121444851,0.36084409294359004,3.1947501332141752,0.14983097409939058
last,3.12,0.1299911557847403,0.35484463510743885,3.196228018912169,0.14588022319215602
last,3.13,0.13350878115812673,0.3486804395698719,3.1976658224448884,0.14181090377050318
last,3.14,0.13696396884220896,0.3423570972465686,3.1990624035691,0.13763200030796158
last,3.15,0.14035524800893037,0.3358987360977345,3.200417223058769,0.133454791715055
last,3.16,0.14368454620097776,0.3299609023117236,3.201748369253162,0.132895389367816
last,3.17,0.1469525200350386,0.32363386450044423,3.2030667529890353,0.13090095902986282
last,3.18,0.15015642402580734,0.31714693365327595,3.2043643374193946,0.12873363087736484
last,3.19,0.15329116154700181,0.3098005705856493,3.205619934648198,0.12249969321897881
last,3.2,0.1563508345759708,0.3021340352081469,3.206807685763812,0.11515819956672055
last,3.21,0.15933478059516637,0.29465516863099883,3.207930403230762,0.10948712660183706
last,3.22,0.16224875605428832,0.28813992319337667,3.2090261430088893,0.10976046961890239
last,3.23,0.16509477742615272,0.2810643511795219,3.210112074814839,0.10752441434773259
last,3.24,0.16786971475165344,0.27392311392061053,3.211176770237533,0.10551128950351697
last,3.25,0.17057126805444137,0.2663875466369803,3.2122132917861865,0.1018870787856754
last,3.2600000000000002,0.173190754928568,0.25750982818834106,3.2131791646160774,0.09137515892577171
last,3.27,0.1757236613473913,0.2490714555763419,3.2140546409356263,0.08379960335726977
last,3.2800000000000002,0.17817107458307882,0.24041119156114404,3.2148505355784947,0.0754515678437333
last,3.29,0.1805320525246149,0.2317843967460808,3.2155659771257343,0.06770167362997939
last,3.3000000000000003,0.18280649800450785,0.2231046992325004,3.21620433879135,0.060028576994715206
last,3.31,0.1849940851045598,0.21441272077791076,3.2167673043971137,0.052615603448102205
last,3.3200000000000003,0.18709465787517843,0.20570183334581224,3.217257087798288,0.045385477208615604
last,3.33,0.1891080799290154,0.19698257742158765,3.217675611186431,0.03835711695547146
last,3.34,0.19103428976599818,0.18825938997499359,3.2180248222067123,0.0315166964422016
last,3.35,0.1928732795302348,0.17953856287233233,3.218306586820733,0.02486169813939681
last,3.36,0.19462509908697095,0.17082534847490216,3.2185227220765102,0.0183848523936468
last,3.37,0.19628985425829304,0.16212568578950778,3.2186749962447854,0.01208366917852633
last,3.38,0.19786770616747668,0.1534446960472289,3.21876513532091,0.0059520842655408635
last,3.39,0.1993588686044619,0.14478779134981043,3.218794816802394,-1.3424902157211402e-05
last,3.4,0.20076360906297339,0.13616030035249618,3.2187656848381376,-0.0058159343747026145
last,3.41,0.20208224608215392,0.12756710348359945,3.218679345441352,-0.011460112316936354
last,3.42,0.20331514807831266,0.11901329574815653,3.218537368162591,-0.016948568548135354
last,3.43,0.20446273344029328,0.11050377664796712,3.2183412953221575,-0.02228414174119991
last,3.44,0.20552487908450426,0.10192535219423193,3.2180893730139837,-0.02812357604438607
last,3.45,0.20650177660411576,0.09345415172807572,3.2177812854674013,-0.03352227772272097
last,3.46,0.20739421759649418,0.08503404674760713,3.2174197354030754,-0.038820940782829584
last,3.47,0.20820284752033774,0.07669193802110548,3.217006323475811,-0.04389935806306824
last,3.48,0.20892842535735112,0.0684236293815793,3.216542996268394,-0.048808529640989716
last,3.49,0.20957172484734923,0.06023626861802929,3.2160315095862044,-0.05353562451324191
last,3.5,0.21013356926160642,0.05213261423341642,3.215473630868656,-0.05809114721598768
last,3.5100000000000002,0.21061481648977512,0.044116831400316886,3.2148710662610536,-0.06247685709749614
last,3.52,0.21101636271153126,0.036192412950915194,3.2142254903661924,-0.0666973063688186
last,3.5300000000000002,0.21133913872492868,0.028362789728563934,3.213538535117384,-0.07075648058537835
last,3.54,0.21158411014905454,0.020631495096606094,3.2128117999505315,-0.07465690752478418
last,3.5500000000000003,0.2117522762080948,0.013001716711443657,3.2120468539591758,-0.07840215597846724
last,3.56,0.21184466672726002,0.005476387121600162,3.21124522731084,-0.08199635986101513
last,3.5700000000000003,0.21186234191820869,-0.0019413489318667143,3.210408419154966,-0.08544164155547593
last,3.58,0.21180639202141932,-0.009248630426007093,3.209537903660676,-0.08874087711345377
last,3.59,0.21167793395640944,-0.016442982575970228,3.2086351195597387,-0.09189828132603653
last,3.6,0.21147811219196333,-0.023521370313244475,3.2077014828902235,-0.09491417993350812
last,3.61,0.21120809640963015,-0.030481786153393163,3.206738381834044,-0.09779382140335113
last,3.62,0.2108690794652448,-0.03732160272367522,3.2057471730448186,-0.1005382654992021
last,3.63,0.2104622777703979,-0.04403873624570868,3.2047291912242586,-0.1031508450657429
last,3.64,0.2099889292777986,-0.05063096227415113,3.2036857452823946,-0.10563338786354422
last,3.65,0.2094525901912891,-0.056636855027752,3.2026308656073104,-0.10543840637327206
last,3.66,0.20886121280760317,-0.06163862170942332,3.2016029114760713,-0.10024549265144428
last,3.67,0.20821669571349094,-0.06726479711301823,3.200606810040922,-0.09906524080458723
last,3.68,0.20751869671868672,-0.07233500184782062,3.1996352276906355,-0.09533923442996874
last,3.69,0.2067684878816775,-0.07770676555402777,3.1986899239686104,-0.09380729050286242
last,3.7,0.20596616821769914,-0.08275716724164987,3.1977662909689486,-0.09100296681071597
last,3.71,0.20511403801304467,-0.08766887368925103,3.196872056174556,-0.08792495022708635
last,3.72,0.20421328555783322,-0.0924816173530389,3.196008937113564,-0.08477698429063169
last,3.73,0.20326444380103567,-0.09728673400648113,3.1951751846752408,-0.08204899396473196
last,3.74,0.20226795283950708,-0.1020114582992363,3.1943686944995084,-0.07932205305655614
last,3.75,0.20122431566492385,-0.10671597661741242,3.1935878604356165,-0.07691546804619319
last,3.7600000000000002,0.20013397256487597,-0.1113526433921622,3.192830868206079,-0.07455152236997405
last,3.77,0.19899740466805613,-0.11596093597181292,3.192096260597121,-0.07243653128577045
last,3.7800000000000002,0.19781535790275176,-0.1204484170890615,3.191384172288243,-0.07004559040746879
last,3.79,0.19658909705568323,-0.12480375232465706,3.190697741483202,-0.06730266720562553
last,3.8000000000000003,0.19531884982851436,-0.12924569310911146,3.1900344899693596,-0.06540770147304464
last,3.81,0.1940048261488042,-0.13355904283292722,3.189391966438738,-0.06315515484558772
last,3.8200000000000003,0.19264747827275533,-0.13791053237684206,3.1887691787851136,-0.061458781972323386
last,3.83,0.19124706967673963,-0.1421711868263048,3.1881641939596475,-0.05959295623090291
last,3.84,0.18980400799692268,-0.14644114913709563,3.187575976910666,-0.058103736184317835
last,3.85,0.188318588955789,-0.15064265908964078,3.1870029616496898,-0.056551049127570086
last,3.86,0.18679119417803733,-0.15483629646070382,3.186444144144189,-0.05526294269203755
last,3.87,0.18522213901992213,-0.15897473516233349,3.1858982285585555,-0.053969492118882655
last,3.88,0.1836090981015951,-0.16363344850309255,3.1853493293454886,-0.05586050725264506
last,3.89,0.18194868410301437,-0.16844935121305354,3.1847756417393884,-0.05892938483642696
last,3.9,0.18023902031233466,-0.17348340692289235,3.1841636163338176,-0.0635315775401232
last,3.91,0.17847960677771643,-0.1783993000007428,3.1835071389593863,-0.06782379357671467
last,3.92,0.17667160037763122,-0.18320198001630672,3.1828090537622287,-0.07185690165477344
last,3.93,0.1748166274963371,-0.18779259624250313,3.1820745855469172,-0.07510364613649897
last,3.94,0.17291623768770545,-0.19228536548383604,3.1813083349018996,-0.07821626242250232
last,3.95,0.17097383423390158,-0.19619532527692699,3.1805250238265765,-0.07851708842269174
last,3.96,0.16899304339806734,-0.1999628418899335,3.1797405218019112,-0.07845436515940837
last,3.97,0.16697471261520005,-0.20370331468351266,3.1789552610912843,-0.07866901970956622
last,3.98,0.16491940077421213,-0.207359053514079,3.178168064777303,-0.0788416397671799
last,3.99,0.1628296223566479,-0.21059662999875922,3.1773886071878166,-0.07712035736936991
last,4.0,0.1607109910352408,-0.21312963428266427,3.1766438218088866,-0.07190400265765946
last,4.01,0.15856519521884252,-0.21602952899701958,3.1759390292109497,-0.06911832140025462
last,4.0200000000000005,0.15639155670196261,-0.21869817437894712,3.175266620403647,-0.06542413650617164
last,4.03,0.1541861081517615,-0.22239153566129558,3.174600896360588,-0.0677813049177975
last,4.04,0.1519462484811457,-0.22558039846189354,3.173923776511739,-0.06770411168164267
last,4.05,0.14967378669108403,-0.22891195955045548,3.1732416228578173,-0.06878890642467718
last,4.0600000000000005,0.1473688560456411,-0.2320741695380961,3.172551455240757,-0.06930736934013128
last,4.07,0.1450323917774567,-0.23521868409879548,3.171854709829041,-0.07010518776091688
last,4.08,0.14266495093961973,-0.23826948346860746,3.171150683346902,-0.07076417794018547
last,4.09,0.14026729214428613,-0.241262275598124,3.170439754157016,-0.07148638209419456
last,4.1,0.13784008932925343,-0.24417828740842665,3.1697217920760408,-0.07217137472923112
last,4.11,0.13538407231763394,-0.24702511491544593,3.168996939574079,-0.07286509298972624
last,4.12,0.13289995778375588,-0.24979779186017853,3.168265228530467,-0.07354369594985616
last,4.13,0.1303884821310843,-0.25249733867414326,3.167526763305427,-0.07421653699466317
last,4.14,0.12784942693243798,-0.2553137010551247,3.1667763067054135,-0.07594318562349729
last,4.15,0.1252807346235581,-0.2584247607208049,3.1659983358290984,-0.07972187172852908
last,4.16,0.12268208189693097,-0.26130578460462445,3.1651868146089277,-0.0826562332646844
last,4.17,0.12005554914539386,-0.2640007657027995,3.1643488806485522,-0.08500677054693391
last,4.18,0.11740662816210246,-0.265783430955485,3.1635104825863753,-0.08274874404739388
last,4.19,0.11474254299424064,-0.267033602616862,3.1627071957321125,-0.07798122045705644
last,4.2,0.11206450507045103,-0.26857398214109285,3.1619413769424662,-0.0752518576070968
last,4.21,0.10937219127395405,-0.26988877715833526,3.1612070582109997,-0.07167829790381343
last,4.22,0.10666624448852731,-0.27130057992704243,3.160503812387568,-0.06903451359153198
last,4.23,0.10394670957262608,-0.27260640325315333,3.159828057140872,-0.06617757718652141
last,4.24,0.1012140117696287,-0.2739331573463235,3.1591784752970864,-0.06379750238589685
last,4.25,0.09846834232699814,-0.275200731179789,3.1585525909528793,-0.06143592878992451
last,4.26,0.09571004486551152,-0.27645876111753315,3.157948904402712,-0.059355955516927
last,4.2700000000000005,0.09293937240688568,-0.27767573060758455,3.1573655332060464,-0.05737102357541526
last,4.28,0.0901566384596317,-0.2788710588432108,3.1568010418796124,-0.05557828616519358
last,4.29,0.08736212317750072,-0.28003199758298736,3.1562539123652003,-0.053897096160069734
last,4.3,0.08455613240384598,-0.2811661571479593,3.1557228640201127,-0.05236060653468473
last,4.3100000000000005,0.08173895921470561,-0.2822684806800639,3.1552066328372583,-0.05093232927109813
last,4.32,0.07891090789179167,-0.2833417839027201,3.15470409717567,-0.04962012450102215
last,4.33,0.07607140226084474,-0.28455934228666174,3.154209319189734,-0.04938029177447716
last,4.34,0.07321930238303356,-0.2858606332755838,3.153713268513481,-0.04987498207938684
last,4.3500000000000005,0.07035467267905789,-0.28706530751951087,3.1532135995732062,-0.050104150988778226
last,4.36,0.06747894773735054,-0.2880796808219706,3.1527155623422654,-0.049548134719374644
last,4.37,0.06459342498413502,-0.28902486982114656,3.15222365615031,-0.04887733561620804
last,4.38,0.061697492792309426,-0.29016156854398584,3.151731805474042,-0.049537632256948114
last,4.39,0.05879102747031491,-0.2911314958549294,3.1512366391325415,-0.04954046936367534
last,4.4,0.055872082652317974,-0.29265746774442536,3.150724645284231,-0.05290501690434799
last,4.41,0.05293632481838356,-0.2944940990424904,3.1501689481242012,-0.058285148482747434
last,4.42,0.0499835363281114,-0.2960635990119727,3.149565310283909,-0.06249743285244009
last,4.43,0.04701372966271413,-0.29789773406751463,3.148910513663162,-0.0685216529446214
last,4.44,0.044023916495641566,-0.3000648993469034,3.1481843818138806,-0.07677094934970172
last,4.45,0.041013848192079407,-0.3019487613654886,3.147381576984992,-0.0838631550993196
last,4.46,0.0379859612706965,-0.3036286229110514,3.1465112681288425,-0.0902778494366985
last,4.47,0.03494233438387476,-0.3050967544532574,3.145580267529825,-0.09600697977314249
last,4.48,0.03188506727211911,-0.30635666789777655,3.144595174237452,-0.10110126763620628
last,4.49,0.028816231363729187,-0.30741051378019235,3.1435621357946157,-0.10560040312005112
last,4.5,0.02573787422130379,-0.30826091470487493,3.1424869054231777,-0.10954346847995589
last,4.51,0.022652018719198218,-0.30891018571622747,3.1413748695476116,-0.11296480831787772
last,4.5200000000000005,0.01956066266205392,-0.30936102571256535,3.1402310749540776,-0.11589806104636252
last,4.53,0.016464483420896535,-0.3098748225189008,3.1390530568784216,-0.11981267177495597
last,4.54,0.013364274059366375,-0.3101670497871198,3.137838806220466,-0.12314782679413269
last,4.55,0.010262244717691714,-0.310238818547801,3.1365939932317577,-0.12592787481222278
last,4.5600000000000005,0.007160580466386953,-0.31009403171308414,3.135323982293514,-0.12818966975987997
last,4.57,0.004061426309725258,-0.3097367996192732,3.13403377838154,-0.12996837261239652
last,4.58,0.0009669804431636592,-0.3091523736930648,3.1327285706831036,-0.1311917092584788
last,4.59,-0.002119695433430595,-0.3081828016258041,3.1314182656537177,-0.13098809929553634
last,4.6000000000000005,-0.005196666267186072,-0.30721136512525477,3.1301064821546953,-0.1314876386444578
last,4.61,-0.008262900611645318,-0.30603550376661215,3.128791806307394,-0.13156677340846992
last,4.62,-0.01131851042817335,-0.3050864595390121,3.1274664563158194,-0.1336237168929239
last,4.63,-0.014363521084506984,-0.3039156717277328,3.1261230698677642,-0.1351756309570942
last,4.64,-0.017395686248477645,-0.3025173610664169,3.124766813059709,-0.13619888392423699
last,4.65,-0.020413086531314538,-0.30096269550092614,3.123400964781825,-0.13709477948451745
last,4.66,-0.023414168969760302,-0.2992537921882431,3.122026714627071,-0.13788000867116654
last,4.67,-0.02639702015935047,-0.29731644572980814,3.1206472086539097,-0.13814635057234323
last,4.68,-0.029359406928622035,-0.2951609081245225,3.119267340980531,-0.13795232094495605
last,4.69,-0.03229770040375012,-0.2924977869010727,3.1178997577988605,-0.13568818370479332
last,4.7,-0.035205273358858556,-0.28901680412061603,3.1165738321319503,-0.12961696255812227
last,4.71,-0.038077870928301095,-0.28550270976789394,3.115305980673663,-0.12406810261211042
last,4.72,-0.040914702015390436,-0.2818635076499742,3.1140936887633486,-0.1185000135910032
last,4.73,-0.04371460950323686,-0.27811798991926084,3.1129367779904045,-0.11298685524219741
last,4.74,-0.04647655262321651,-0.27427063407667057,3.1118347248686598,-0.10752351019812474
last,4.75,-0.04919954446546331,-0.2703277343726912,3.11078700526667,-0.10211522547710694
last,4.76,-0.051882659775155486,-0.26629532756574537,3.1097930482872758,-0.09676611140249308
last,4.7700000000000005,-0.054525033259744136,-0.262179369351939,3.1088522426160536,-0.09148014478258679
last,4.78,-0.05712585851606869,-0.2579856819129742,3.107963939203562,-0.08626089923801272
last,4.79,-0.05968446148712255,-0.2537349122978008,3.1071270397601394,-0.08119469430177362
last,4.8,-0.06220044525365525,-0.24946184100873842,3.106339186568025,-0.07644721463026956
last,4.8100000000000005,-0.06467332816245348,-0.2451147407508645,3.1055987596538084,-0.07170513480950128
last,4.82,-0.06710243949437007,-0.2407075256324563,3.104905447722419,-0.067019944736665
last,4.83,-0.06948719896242557,-0.23624436797864765,3.10425869383125,-0.062389303546255825
last,4.84,-0.07182707377262126,-0.23173059406049576,3.1036579309226977,-0.05781757639739576
last,4.8500000000000005,-0.07412158374993907,-0.2271714014030246,3.10310255029588,-0.053308730575069206
last,4.86,-0.07637030024161522,-0.22257189693219942,3.1025919044145756,-0.048866569408291975
last,4.87,-0.07857284494889037,-0.21793704452283666,3.1021253098973,-0.044494461882007015
last,4.88,-0.08072888840113016,-0.21327164592511932,3.101702052294881,-0.04019525537025069
last,4.89,-0.08283814947898792,-0.20858056964643282,3.1013213848696326,-0.03597256320423103
last,4.9,-0.08490039336400527,-0.20386820735700364,3.1009825359330203,-0.03182776439590477
last,4.91,-0.08691543037036034,-0.19913919391401047,3.1006847111469393,-0.027764012027362634
last,4.92,-0.08888311596871065,-0.19439792575605155,3.1004270890761374,-0.02378357488588751
last,4.93,-0.09080334883116006,-0.18964864673383475,3.1002088275805577,-0.01988832702876711
last,4.94,-0.0926761378268799,-0.18490915241010386,3.1000286872090292,-0.016155896929301698
last,4.95,-0.09450359512990396,-0.18058230819471088,3.099873956779684,-0.014804163002545083
last,4.96,-0.0962871759041881,-0.17613384666211815,3.099735710040385,-0.01285746658172866
last,4.97,-0.098026390914808,-0.17170915546186186,3.0996159111907384,-0.011112938129067376
last,4.98,-0.09972116460691607,-0.16724558295972528,3.0995143263447744,-0.009212991085297795
last,4.99,-0.10137125658305873,-0.1627728122688073,3.099431736679412,-0.007312177499413421
last,5.0,-0.10297653490239445,-0.15828285159833613,3.099368424511874,-0.005355733831648248
last,5.01,-0.10453686464384929,-0.15378309669263548,3.0993247938755677,-0.003374081042015993
last,5.0200000000000005,-0.1060521531341217,-0.14927460136182455,3.0993011214845847,-0.0013622687350235505
last,5.03,-0.10752233173250252,-0.14476111831433922,3.0992976594309747,0.0006698240019460222
last,5.04,-0.10894736374637251,-0.14024528445966394,3.0993145925904404,0.0027186277469185634
last,5.05,-0.11032929726285177,-0.1361414188361898,3.099340641601559,0.002493507848739269
last,5.0600000000000005,-0.11167267546717441,-0.13253422202832837,3.0993507191928704,-0.00047733127134254576
last,5.07,-0.11297782995190005,-0.12849667491681738,3.0993430367777,-0.0010598995107615557
last,5.08,-0.11424373594629222,-0.12468452396161721,3.0993232453390425,-0.002900464629926528
last,5.09,-0.11547034464606769,-0.12063721599347756,3.09929150587207,-0.003450393196228948
last,5.1000000000000005,-0.1166569384351453,-0.11668154182202954,3.0992516333643594,-0.004528211198851467
last,5.11,-0.11780329460673014,-0.11258969249494223,3.0992046435090934,-0.004874175089805105
last,5.12,-0.1189088657517647,-0.10852453651197112,3.0991533220293825,-0.005395008051414445
last,5.13,-0.11997335866308036,-0.10437404575116799,3.0990990159357015,-0.005471166310883388
last,5.14,-0.12099632907149686,-0.10022003593213731,3.099043897265263,-0.00555760171619699
last,5.15,-0.12197746827263807,-0.09600780429608967,3.0989893790834326,-0.005350880990943218
last,5.16,-0.12291640221159504,-0.09177898349530852,3.0989372418304124,-0.005081171588059498
last,5.17,-0.12381283548774835,-0.08750767173535988,3.098888841289771,-0.004603105226104805
last,5.18,-0.12466644990766235,-0.08321521224744492,3.098845680773766,-0.004032649825930491
last,5.19,-0.12547697765574717,-0.07889033736951495,3.098809011992406,-0.003304098153669555
last,5.2,-0.12624415136940811,-0.0745444053626791,3.0987801198122105,-0.0024765798701576456
last,5.21,-0.12696773925810265,-0.070173172376229,3.0987601337637884,-0.0015220069283090262
last,5.22,-0.12764752264431,-0.06578350486524277,3.0987501592551308,-0.00047332182954894306
last,5.23,-0.1282837650520857,-0.06146497668988848,3.098748679663564,0.0001775654305927922
last,5.24,-0.12887755004618795,-0.0572920221305624,3.0987496708239473,2.0685123125751225e-05
last,5.25,-0.12942877291317686,-0.05295255126722021,3.09875371566552,0.0007889991514486087
last,5.26,-0.12993709190386113,-0.04871124686963729,3.0987627373028332,0.001016249188309727
last,5.2700000000000005,-0.13040248422542464,-0.044367217443062296,3.098776908943051,0.0018197285348592765
last,5.28,-0.13082563919366322,-0.04026377620465906,3.0987924844086154,0.001296538028911877
last,5.29,-0.1312064458724121,-0.035897559545113256,3.0988101582884853,0.0022402688111472393
last,5.3,-0.13154460023029915,-0.031733312032295964,3.098831721085717,0.002074169047984455
last,5.3100000000000005,-0.1318400065422649,-0.02734795036084791,3.0988578165757104,0.003147782110236109
last,5.32,-0.1320925377073648,-0.023158282659126807,3.098889298073718,0.003151371895873841
last,5.33,-0.1323026446943412,-0.018863114736153267,3.09892382917147,0.003758252900275287
last,5.34,-0.1324712396688359,-0.014855880162789097,3.0989565378097863,0.0027859964158729483
last,5.3500000000000005,-0.1325988863000536,-0.010673446080757562,3.0989844664002417,0.002802259879641132
last,5.36,-0.13268549196237636,-0.006647686383797198,3.0990082857519963,0.0019633873278045375
last,5.37,-0.13273072229758884,-0.0023983806586996316,3.0990299776401398,0.0023771441696293035
last,5.38,-0.13273454199589946,0.0016344409965737198,3.0990498619579854,0.0016011683025741715
last,5.39,-0.13269659259497457,0.005955439188407124,3.0990700313079445,0.002434908640980736
last,5.4,-0.132616909356922,0.009981208422111008,3.0990904071986822,0.0016417551365135808
last,5.41,-0.1324950993917652,0.01438078460924489,3.0991132753817507,0.002934269710994647
last,5.42,-0.13233128555659807,0.018381982424186386,3.099138084348302,0.002029554937749469
last,5.43,-0.13212502262856593,0.022870603182242964,3.0991674365398305,0.0038438298050907462
last,5.44,-0.1318765445916623,0.026825004198478608,3.0992001974487935,0.002711149201415723
last,5.45,-0.131585638895724,0.031356134989188995,3.0992377212138034,0.004797334345886516
last,5.46,-0.13125303944082112,0.0351637559913862,3.0992761425854103,0.002890130356029717
last,5.47,-0.13087802722804473,0.039838686563895664,3.0993196578481665,0.005817131687584089
last,5.48,-0.13046120230927466,0.04352629719011645,3.0993651772456965,0.003290657211275595
last,5.49,-0.13000165580904557,0.04838300285570451,3.099417990806113,0.007277202487311565
last,5.5,-0.1295002602439895,0.051896110155508976,3.099473547359017,0.0038388479233605554
last,5.51,-0.12895584352452982,0.05698723373644136,3.099538652297051,0.0091883648322737
last,5.5200000000000005,-0.12836963958602252,0.06025355396501817,3.099606814261667,0.004449939508882769
last,5.53,-0.12774011341812988,0.06565167961351648,3.0996869227686683,0.011579454466182821
last,5.54,-0.1270689774861381,0.06857550678484205,3.099769912215669,0.005025585637327964
last,5.55,-0.126354202514153,0.07437948761217394,3.0998674967322355,0.014500507299552028
last,5.5600000000000005,-0.12559813356347668,0.076834302523063,3.0999671921214706,0.005447309874462188
last,5.57,-0.12479807216494737,0.08317797718279242,3.1000845206641303,0.018029490536379464
last,5.58,-0.12395719975224262,0.08499650535814657,3.100202462200698,0.0055690934437731335
last,5.59,-0.12307061033857672,0.09232137737505261,3.1003488967048716,0.023731441906183398
last,5.6000000000000005,-0.12214334864650651,0.09313096103899303,3.100496613730173,0.005825045214843052
last,5.61,-0.12116954338010318,0.10163009224168999,3.1006790180348642,0.03067284659960834
last,5.62,-0.12015642986374946,0.10099261102907404,3.100856929891469,0.004925305724387915
last,5.63,-0.11909602071741757,0.11108921823732518,3.1010756702640228,0.03884313623516443
last,5.64,-0.11799796260715745,0.10852240381471796,3.1012828649546678,0.0026142492437514894
last,5.65,-0.11685184698842858,0.12070071993105111,3.1015374425723663,0.048324870957468555
last,5.66,-0.11566964862510143,0.11573895273439624,3.101774292824615,-0.0009338211974478849
last,5.67,-0.11443914787358316,0.13036119756929426,3.1020625657756136,0.058615048161003845
last,5.68,-0.11317075437513953,0.12331750211946604,3.102346024048061,-0.001898117090029047
last,5.69,-0.11185725260605066,0.13938285169832293,3.102666283768295,0.06597967861907546
last,5.7,-0.11050361411821188,0.13134484586946651,3.1029974819612165,0.00028951299704628116
last,5.71,-0.10910624589595237,0.14812879858247702,3.103361377488148,0.07252322339194095
last,5.72,-0.10766882387692463,0.13935560522310317,3.1037395397738945,0.003143003174344671
last,5.73,-0.10618883861021614,0.15664144811861028,3.104147966663902,0.07858009196042927
last,5.74,-0.10466744354107092,0.1476375657104695,3.1045824794339296,0.008361318951395027
last,5.75,-0.10310575093984409,0.16470095453493025,3.105039268495622,0.08303861157688894
last,5.76,-0.10150036000392337,0.15637723264925016,3.105539713629326,0.01709527101360252
last,5.7700000000000005,-0.09985522299809438,0.17265016851655918,3.106064590980184,0.08792848768098205
last,5.78,-0.0981745442075022,0.16348558960191795,3.1065934082004767,0.017882344768584222
last,5.79,-0.09645320912447153,0.1807814270042596,3.107157457662185,0.09497945711527549
last,5.8,-0.09470265713203228,0.16932897148363119,3.107696269880581,0.012831176688800433
last,5.8100000000000005,-0.09291387779603369,0.1884268957161126,3.108262834404668,0.1005337757832393
last,5.82,-0.09109283943684572,0.1757807761215407,3.108827082021368,0.012366364880032059
last,5.83,-0.08923777382307635,0.19523234663240172,3.109401914847482,0.10265300907321818
last,5.84,-0.08734862651184296,0.1825971156143374,3.1099907639588062,0.015169664571338568
last,5.8500000000000005,-0.08542868753648589,0.20139067945710942,3.1105785659702816,0.10244469691966283
last,5.86,-0.08347387441991265,0.18957194385759346,3.111191199970603,0.020137146745533616
last,5.87,-0.08148887976428079,0.20742698726884554,3.111805939401091,0.10286711166315746
last,5.88,-0.07947087734383265,0.19617349682084922,3.112441831840845,0.024368556177439372
last,5.89,-0.07742371358934673,0.21325925407640062,3.1130809771599544,0.10351906742644851
last,5.9,-0.07534620477641948,0.20224250850907963,3.1137334311611315,0.027030432067677062
last,5.91,-0.07323992613660343,0.21901321945420632,3.114394001208934,0.10514406941818681
last,5.92,-0.07110541549452912,0.20788890896073897,3.1150632952610926,0.028774972607619832
last,5.93,-0.06894520759732016,0.22415267048112197,3.115730880475672,0.1048031736003914
last,5.94,-0.06675644318632472,0.21360021171800023,3.116416278000701,0.032338054673474566
last,5.95,-0.06454350210620867,0.22898800430527802,3.117098889928584,0.10424676168496712
last,5.96,-0.062303197093959935,0.21907299814454356,3.1178001426309545,0.03606697385828983
last,5.97,-0.060039910068485636,0.23358440695038846,3.1184995116802483,0.10387075189044022
last,5.98,-0.057761961242149794,0.222005358316814,3.1191545731540136,0.027200513638033566
last,5.99,-0.05546467517893291,0.23745185432663812,3.1197948770780224,0.10091883593890681
last,6.0,-0.05315331366958718,0.22482044754258254,3.120394671913033,0.019094079846489757
last,6.01,-0.05082378907525764,0.24108447132340258,3.1209799400948235,0.09801313186144531
last,6.0200000000000005,-0.04846874329791397,0.22992468414536396,3.1215947578261027,0.025005782206566126
last,6.03,-0.04610181776650407,0.24346042213669483,3.122166670677177,0.08942905482548687
last,6.04,-0.04370520497351275,0.2358621364616472,3.1227977508239158,0.036843939876815016
last,6.05,-0.041293953303605926,0.24638819751969215,3.1234078113350083,0.08522393649075086
last,6.0600000000000005,-0.03885765811038719,0.24087084112396984,3.1240579978613203,0.044872004875807926
last,6.07,-0.036406347708447515,0.24939123926392417,3.1246961207866977,0.0828108276199533
last,6.08,-0.03393306363697886,0.24526557502976248,3.1253643290387596,0.050891172209984424
last,6.09,-0.03144521759050791,0.2523036342643823,3.126025071523136,0.08131755337612608
last,6.1000000000000005,-0.028937859152946582,0.24916805324784153,3.126709461739284,0.05562226904969107
last,6.11,-0.02641678487599961,0.25504680214157893,3.1273890104167497,0.08034949835843778
last,6.12,-0.023878362905609334,0.25263759193650104,3.1280876079378426,0.059433084744070094
last,6.13,-0.021327291828239697,0.257576623537453,3.1287829429830376,0.07969731823563167
last,6.140000000000001,-0.018760872793258745,0.2557071834587177,3.1294938065133038,0.06253963681942239
last,6.15,-0.01618300933269514,0.25986550865403,3.1302023727718074,0.07923815310109372
last,6.16,-0.013591695929065853,0.2583971720718462,3.130923651352798,0.065082735444389
last,6.17,-0.010990237135402835,0.26189458666077436,3.1316432011226416,0.07889281061770397
last,6.18,-0.008377157200306101,0.26072140035858926,3.132373148254291,0.06716258853958515
last,6.19,-0.0057552985262336095,0.2636503344558794,3.1331016668557194,0.07860748267863157
last,6.2,-0.0031236003412436894,0.26268930254212197,3.133838625047199,0.0688508087018567
last,6.21,-0.0004892908052404868,0.26417260465851605,3.134547859527489,0.07306069689292427
last,6.22,0.0021496598583492323,0.26361752805939487,3.1352445198652203,0.06633422321950173
last,6.23,0.004790618006375111,0.2645741015457231,3.135917757868474,0.06837457224974179
last,6.24,0.0074342748500602395,0.26415726719132254,3.136575086620647,0.06315050611398919
last,6.25,0.010078733650398963,0.2647344928764421,3.137209540730642,0.0637979118399467
last,6.26,0.012724624345040061,0.2644436460517961,3.137828080322336,0.0599658614085561
last,6.2700000000000005,0.015370648935555417,0.2647612720512468,3.1384268575107286,0.05984388738245042
last,6.28,0.018017050489686024,0.26451903877487953,3.1390104871501125,0.05693473772553168
last,6.29,0.020665791001603196,0.2652290636085588,3.1395930495610296,0.05963081500910454
last,6.3,0.023319113465615403,0.26543542919388596,3.140190187994962,0.05985105682832044
last,6.3100000000000005,0.025975183822961143,0.26577864227524584,3.1407949585106287,0.06115822346279747
last,6.32,0.028633632167214613,0.2659110265754778,3.1414086018082443,0.06162617894929856
last,6.33,0.03129752203406636,0.26686694679489925,3.142051485498256,0.0670091959891446
last,6.34,0.0339701529936,0.2676592451118548,3.1427454521222264,0.07184736773135304
last,6.3500000000000005,0.03665274088520174,0.26885833320847347,3.1435010387988,0.07933887416384712
last,6.36,0.03934545162436031,0.2696838146232683,3.1443232840403654,0.08518504896858324
last,6.37,0.04204576557969014,0.27037897644272624,3.1452026618316986,0.09077055428686644
last,6.38,0.04475186223460493,0.27084035454026045,3.146133843549498,0.09555049528713226
last,6.390000000000001,0.047460900450265235,0.27096728859177416,3.1471061099601636,0.09899118622407102
last,6.4,0.05017042607694745,0.27093783674469774,3.148111116169074,0.10210147085448658
last,6.41,0.05287856864937324,0.27069067774048633,3.149143940737549,0.10455732949578238
last,6.42,0.05558349010334884,0.27029361305466476,3.1501999933127904,0.10674915856832703
last,6.43,0.05828358054126077,0.2697244745277483,3.1512760785290075,0.10856564562453885
last,6.44,0.06097716873231638,0.2689931636833268,3.1523687685636803,0.11007172394895662
last,6.45,0.06366262601535937,0.2680982929252701,3.1534749642057363,0.11126793305317512
last,6.46,0.06633833172817759,0.26704284963837444,3.1545916838305907,0.11217742085175898
last,6.47,0.0690026868808075,0.2658281808876115,3.155716123822587,0.11281265529161066
last,6.48,0.07165411060309784,0.26445656357041164,3.156845623569291,0.11318978272299185
last,6.49,0.07429104389980126,0.26293009577027127,3.1579776718659587,0.11332255139839395
last,6.5,0.07691194934063157,0.2612509923957901,3.1591098915322284,0.11322402993973715
last,6.51,0.07951511825115791,0.2593827897094803,3.160238955213813,0.11269098753197779
last,6.5200000000000005,0.08209883185992285,0.2573599320434644,3.161361462241279,0.11191205998845664
last,6.53,0.08466163700568632,0.2552010971092298,3.1624754527184997,0.1109868797431272
last,6.54,0.08720215853776798,0.2529032093071057,3.1635793543352455,0.10989334347846653
last,6.55,0.0897190291613795,0.25047091541519895,3.1646715837916566,0.10865136355223022
last,6.5600000000000005,0.0922109156279058,0.2479063778900217,3.16575068376945,0.10726623253743243
last,6.57,0.09467651012799362,0.24521252212754005,3.166815267148065,0.10574670439912293
last,6.58,0.09711453423738013,0.24239229974976292,3.1678640313748674,0.10410094628629678
last,6.59,0.09952373855926436,0.23944856462708222,3.168895749377165,0.10233589362210997
last,6.6000000000000005,0.10190290307001446,0.2363843375228949,3.1699092640846622,0.10045877794559666
last,6.61,0.10425083833510164,0.23320271549454408,3.1709034911430365,0.09847660395072487
last,6.62,0.10656640834960136,0.22991128740540226,3.1718775374405963,0.09642078858850102
last,6.63,0.10884853472243848,0.2265139871620246,3.1728307203567567,0.09430202972319345
last,6.640000000000001,0.11109613156427377,0.22300538120499303,3.1737622023133203,0.09207861760945614
last,6.65,0.1133081182309761,0.219391952135474,3.1746710569249417,0.08977450034933639
last,6.66,0.11548345624274067,0.21567565021744425,3.1755564690932108,0.08738799423728696
last,6.67,0.11762113663598261,0.21186042843094524,3.176417660255717,0.08492809475569428
last,6.68,0.11972018501781098,0.20794924793472946,3.17725391220945,0.08239788305616261
last,6.69,0.12177966029048959,0.20394580660095843,3.178064556080569,0.07980414872806288
last,6.7,0.1237986558912129,0.19985331354370747,3.1788489755448506,0.07715061649635943
last,6.71,0.12577629832583287,0.19567517338028587,3.1796065952957178,0.07444176896909377
last,6.72,0.1277117493742299,0.19141503629913983,3.1803368895914987,0.07168315668632055
last,6.73,0.12960420517240206,0.18707612333527246,3.1810393759544646,0.06887765576627937
last,6.74,0.13145289684427322,0.18266221103897753,3.1817136142599116,0.06603097883608962
last,6.75,0.1332570911573454,0.1781766515754767,3.1823592085641046,0.06314625325905815
last,6.76,0.13501608868687495,0.1736228543304513,3.182975794721476,0.06022671420016157
last,6.7700000000000005,0.13672922615237496,0.169004638769538,3.1835630513470017,0.057277682659518436
last,6.78,0.13839587595269845,0.16432532129517297,3.1841206954572776,0.05430152120655995
last,6.79,0.14001544527196952,0.1595885425590587,3.184648475934018,0.05130224332951969
last,6.8,0.1415873770332572,0.15479780969849372,3.185146177426162,0.04828299216708594
last,6.8100000000000005,0.14311114944558034,0.14995667276612043,3.185613616634666,0.04524703791244185
last,6.82,0.1445862765880326,0.14506875572434208,3.1860506445323917,0.042197967900592284
last,6.83,0.1460123080163926,0.14013752994766993,3.1864571433445685,0.039138448040708505
last,6.84,0.14738882828628622,0.13516652403107474,3.1868330232365243,0.036071403013514414
last,6.8500000000000005,0.1487154578591776,0.1301593905471878,3.187178226833597,0.03300040315378737
last,6.86,0.14999185169569879,0.1251193767570574,3.1874927210799853,0.029926743928627295
last,6.87,0.1512177006146365,0.12005040703049512,3.187776504583557,0.026855465809585144
last,6.88,0.15239273066112238,0.1149556022667014,3.188029604087726,0.023787157627055897
last,6.890000000000001,0.1535167019264614,0.10983865080109449,3.1882520680467277,0.02072557496944854
last,6.9,0.15458940938259624,0.10470284042588111,3.1884439715124397,0.017672284020756605
last,6.91,0.15561068269137315,0.09955182132950685,3.188605415471451,0.01463090808522318
last,6.92,0.15658038551312764,0.09438874302140164,3.1887365235496197,0.011602353551391819
last,6.93,0.15749841544708001,0.08921724376908255,3.188837442345042,0.008590310818516592
last,6.94,0.15836470416246556,0.08404049930802276,3.188908342951747,0.005595990700720792
last,6.95,0.1591792161587577,0.07886189995041802,3.1889494150035773,0.0026218921559173296
last,6.96,0.15994194956437072,0.07368478117218952,3.188960872140596,-0.0003296803511946002
last,6.97,0.16065293539756167,0.068512385466013,3.188942949069849,-0.0032568159951114526
last,6.98,0.1613122368988588,0.06334791479340537,3.1888958991395495,-0.00615769566905049
last,6.99,0.16191994900654016,0.0581945067428685,3.188819992810882,-0.00903071433717541
last,7.0,0.16247639980841247,0.05309565363160164,3.1887166374775586,-0.01164996758376597
last,7.01,0.1629829515567112,0.04821469602814728,3.188592832139371,-0.013122472028554367
last,7.0200000000000005,0.1634402641463796,0.043247821905527256,3.1884515665075517,-0.01514376090220881
last,7.03,0.16384793258769823,0.038285866358194545,3.1882898209719146,-0.017220320041554563
last,7.04,0.16420591127119286,0.03330987034073854,3.188106460256453,-0.019468783445362063
last,7.05,0.1645141167145981,0.028331218340311347,3.1879000208096695,-0.02183817866293109
last,7.0600000000000005,0.16477210961976102,0.023267362692270317,3.187666937299043,-0.0247999564558315
last,7.07,0.16497897146718465,0.018105006792459726,3.187400839296845,-0.028444137191210743
last,7.08,0.1651380630647647,0.013713312723551203,3.1871189334693004,-0.02796258248793024
last,7.09,0.16525215092632564,0.00910425958863309,3.1868350468763436,-0.028840865525789877
last,7.1000000000000005,0.16532085373711294,0.004636302568826881,3.18654551116216,-0.029092632067200627
last,7.11,0.16534458774020294,0.00011049804917365646,3.186251061237786,-0.029824371928177166
last,7.12,0.16532334708241955,-0.004358629605855546,3.185950057650936,-0.030403888577574683
last,7.13,0.16525738942272117,-0.008832902333821759,3.185642290605112,-0.031177765135140187
last,7.140000000000001,0.16514685114845598,-0.013274752519216346,3.185326838838809,-0.031941524096910506
last,7.15,0.16499196388327356,-0.017702700517263126,3.1850032687393472,-0.03280221139551882
last,7.16,0.16479293227376132,-0.022103621385182955,3.1846709522717855,-0.03369160304779829
last,7.17,0.16455000361959043,-0.026482109448995116,3.184329450817923,-0.03464006759157455
last,7.18,0.16426342826026893,-0.030832962415303616,3.1839782924794404,-0.035623870789655974
last,7.19,0.163933481509651,-0.03515638770827266,3.1836170915015836,-0.03664952418590209
last,7.2,0.16356045194958488,-0.03944952430495226,3.1832454810642985,-0.037706719886042794
last,7.21,0.16314464789105607,-0.04371128740080788,3.1828631472283164,-0.038795189423349544
last,7.22,0.16268769015124906,-0.04768026056059784,3.182477003203536,-0.03846845507159439
last,7.23,0.162190514487324,-0.05175487222441648,3.182090145491969,-0.03893835521890548
last,7.24,0.1616522715569347,-0.055893713853444715,3.1816957477771464,-0.0399773986795978
last,7.25,0.16107306767092558,-0.05994706334837872,3.18129224848272,-0.040759377676333856
last,7.26,0.160453359508164,-0.06399456920393894,3.1808799851403142,-0.04173108856266255
last,7.2700000000000005,0.15979344432893433,-0.0679884666419885,3.180458360618802,-0.04263242887796559
last,7.28,0.15909373425167156,-0.07195354881056752,3.180027365626101,-0.04360606425026058
last,7.29,0.15835459939737787,-0.0758734220481773,3.179586706098947,-0.04456620457873616
last,7.3,0.15757645612833882,-0.07975523175963352,3.179136292482075,-0.04555777963567199
last,7.3100000000000005,0.15675971770739847,-0.0835924524284265,3.1786759647436633,-0.0465499266690793
last,7.32,0.15590479808881488,-0.0873914712882897,3.178205512890946,-0.04758353797614623
last,7.33,0.15501303511076095,-0.09096112432249982,3.1777298009453245,-0.04760195655739362
last,7.34,0.15408538496286908,-0.09456890525587987,3.177251550371365,-0.0480917085098078
last,7.3500000000000005,0.1531220330513472,-0.09810147704848264,3.176769182871924,-0.048425642579355895
last,7.36,0.1521234520529495,-0.10161472263106312,3.1762826955458405,-0.04891611791169256
last,7.37,0.1510899880918481,-0.10507806958922344,3.175791359083197,-0.04939590352198112
last,7.38,0.150022071561262,-0.10850523652800512,3.1752948864653936,-0.049943844628059356
last,7.390000000000001,0.14892010890526378,-0.11188729467162106,3.1747928294449568,-0.050513298989295165
last,7.4,0.1477845383372021,-0.115226818940725,3.174284886039186,-0.051121671936291496
last,7.41,0.1466158005022947,-0.11852074804076156,3.173770735706805,-0.051755257303276875
last,7.42,0.14541435403444128,-0.12176854552992775,3.173250124125103,-0.05241451802385247
last,7.43,0.1441806881447243,-0.12496463241347261,3.1727229316475474,-0.05307203097560192
last,7.44,0.14291532266909254,-0.1281084627128503,3.172189173050741,-0.053728335266313806
last,7.45,0.14161875707062768,-0.13120465698012318,3.17164871430807,-0.05441267903903073
last,7.46,0.14029148813020195,-0.13424913110503153,3.1711013699629955,-0.05510608273895936
last,7.47,0.13893403160680654,-0.13724217357405616,3.1705470226185946,-0.05581391896899424
last,7.48,0.13754691173521305,-0.14018180074461908,3.1699855638716787,-0.05652900982599025
last,7.49,0.13613066511219685,-0.1430675238586327,3.169416915362686,-0.05725252558387107
last,7.5,0.13468583846732243,-0.14589780511626205,3.1688410159348828,-0.057979851200565785
last,7.51,0.1332155085804321,-0.1481681722618004,3.168271819404114,-0.05591084432864524
last,7.5200000000000005,0.13172116609216608,-0.1507003253913783,3.1677145096112467,-0.05560163978947623
last,7.53,0.13020283807495425,-0.15296527805098523,3.1671661983127133,-0.0541100871627935
last,7.54,0.1286613129432748,-0.15533974828490246,3.166628280626386,-0.05352213517234892
last,7.55,0.12709667868550445,-0.15758710326918576,3.16609831291332,-0.052519164344446354
last,7.5600000000000005,0.12550941802774007,-0.15986502828368168,3.1655760916351636,-0.0519722751545539
last,7.57,0.12389975999486903,-0.162066578290548,3.165060043273734,-0.05128398067350256
last,7.58,0.1222681155609169,-0.16426230849989842,3.164549640356167,-0.05084274435261969
last,7.59,0.12061478496640028,-0.16640381040343233,3.164043769492894,-0.050377026532046114
last,7.6000000000000005,0.11894015366263593,-0.16852245034941635,3.1635418175101995,-0.05005868010663165
last,7.61,0.11724445802972439,-0.1706166762329002,3.1630423631446765,-0.049877338946427985
last,7.62,0.11552771675968211,-0.17273157777556375,3.1625427897067078,-0.050082681301021476
last,7.63,0.11379023717405755,-0.1747643393493552,3.162042081888166,-0.05010423346778379
last,7.640000000000001,0.11203181050162175,-0.17692099513777695,3.161536354223174,-0.05108754337121046
last,7.65,0.11025209690053242,-0.17902172508009867,3.1610209606927024,-0.05203826648615649
last,7.66,0.1084516178518265,-0.18107408466109226,3.160495991338837,-0.05300358132187791
last,7.67,0.10663074693357559,-0.18310009898909513,3.1599606623657825,-0.05411119279958159
last,7.68,0.1047900051142169,-0.18504826488264975,3.1594149517319132,-0.05508079009330279
last,7.69,0.10293005590073498,-0.18694157781371065,3.158859573945334,-0.0560454959504738
last,7.7,0.10105150590152095,-0.18876842202910368,3.1582948742876984,-0.056945978580331354
last,7.71,0.09915499705859888,-0.19053334655531823,3.157721343885803,-0.05781242836712473
last,7.72,0.09724116319584039,-0.19223342599638876,3.1571393806183257,-0.05863329396253389
last,7.73,0.09531064921165992,-0.1938693708396811,3.1565493980824937,-0.05941699068872523
last,7.74,0.09336785447720493,-0.19468957605132048,3.1559726289012313,-0.05598891898906451
last,7.75,0.09141643700105073,-0.19559391917952482,3.155426263011028,-0.05333363122784943
last,7.76,0.08945636296352188,-0.1964208883262533,3.15490713605002,-0.05053865159483688
last,7.7700000000000005,0.08748814122139155,-0.19722346009978245,3.154415248405713,-0.04788330692717172
last,7.78,0.08551229338682746,-0.19794610681303926,3.153950819548015,-0.04504438966329225
last,7.79,0.0835289822639562,-0.1987161177612204,3.15351222477254,-0.04271418414241129
last,7.8,0.08153825047009874,-0.19943024101027432,3.153097311686415,-0.04030589763016755
last,7.8100000000000005,0.07954023787351439,-0.20017227830656958,3.152704597750704,-0.038272367596890434
last,7.82,0.07753500485370861,-0.20087432565459204,3.1523322792734687,-0.03622495462335824
last,7.83,0.07552267700958872,-0.20159124316939303,3.151979026373917,-0.03445754290512236
last,7.84,0.0735033271065051,-0.20227873744734712,3.1516433185065797,-0.03271421398502783
last,7.8500000000000005,0.07147707080131027,-0.20297252359160375,3.151323970762959,-0.03118406642766573
last,7.86,0.06944399026496784,-0.20364358367690036,3.151019700204723,-0.029697416083074406
last,7.87,0.06740419456205667,-0.2043155569053549,3.1507294557089476,-0.02837760691969066
last,7.88,0.06535777137100918,-0.2049690813041586,3.1504521435177772,-0.027109790128783902
last,7.890000000000001,0.06330482690730221,-0.2056198114372153,3.150186843489096,-0.025974104838943572
last,7.9,0.061245452294517076,-0.20625511111983247,3.1499326169183877,-0.02489410263049965
last,7.91,0.059179419091892,-0.20695152940520234,3.1496868096877884,-0.024289544452174135
last,7.92,0.057106733391021625,-0.20758561076888032,3.1494481148905593,-0.023470653586615434
last,7.930000000000001,0.05502757572245393,-0.20824592294463107,3.149216238027959,-0.022925464653726812
last,7.94,0.05294203053404999,-0.2088631147361655,3.148990384521814,-0.022265384698489588
last,7.95,0.05085008265046707,-0.2095264619804282,3.1487692409081993,-0.0219832315061207
last,7.96,0.04875272334463154,-0.20994539918669652,3.148557110476756,-0.020461806896359194
last,7.97,0.04665032326206644,-0.21053461732634493,3.148354899288589,-0.01999867953594799
last,7.98,0.044542840154999284,-0.21096200408705665,3.1481612690414513,-0.018744623765356985
last,7.99,0.04243045160950915,-0.2115157050109763,3.14797615409777,-0.018295038160098306
last,8.0,0.04031300930539782,-0.2119727558112998,3.147797719296092,-0.01740767375667052
last,8.01,0.03818987455505465,-0.2126541942573447,3.1476214475742785,-0.017862836525055752
last,8.02,0.03606084346291079,-0.2131520241714377,3.1474452403784254,-0.017394342899053183
last,8.03,0.03392632608508043,-0.21375145139464327,3.147270420588761,-0.01758552948419748
last,8.040000000000001,0.03178615507556252,-0.2142827505088707,3.1470951037087875,-0.01749367731046533
last,8.05,0.02963984737447471,-0.21497878970869977,3.14691565287985,-0.01841315317448195
last,8.06,0.02748573721080891,-0.21584324302443464,3.146721829374309,-0.020369409914254923
last,8.07,0.02532062079914611,-0.21718003930815646,3.1464947712594786,-0.025063100035741397
last,8.08,0.023142471784219458,-0.21844976367720542,3.146221979082212,-0.02952035694288991
last,8.09,0.020951460754522297,-0.21975244226225785,3.1459029152076425,-0.03432165844974388
last,8.1,0.018747635763319247,-0.22101255597838326,3.1455361086067084,-0.039073230369662135
last,8.11,0.016531849681551473,-0.22214466037520325,3.1451243013813417,-0.04332583503513154
last,8.120000000000001,0.014305267803865792,-0.22317171516188547,3.1446717271763576,-0.04723030313616535
last,8.13,0.012068969701510097,-0.2240879053092853,3.144181921097298,-0.050775565271368374
last,8.14,0.0098240532681989,-0.22489538135298642,3.14365831732072,-0.05399288841526132
last,8.15,0.007570684431342322,-0.22577838601836114,3.1430989863289835,-0.05792429310733993
last,8.16,0.005309087268641936,-0.22654104652174856,3.1425021265718533,-0.061502024120774997
last,8.17,0.003042038605525747,-0.22686868610152147,3.1418799202541954,-0.06299577662273265
last,8.18,0.000772057560779611,-0.2271275228477373,3.1412429815137393,-0.06445004708895088
last,8.19,-0.0014999531055676296,-0.22727461042174243,3.140592857429751,-0.06563397740409313
last,8.2,-0.0037729137865060874,-0.22731752576598072,3.1399320074387895,-0.06659614900545884
last,8.21,-0.006045787253928713,-0.22725716771849536,3.1392625969597376,-0.06734680170106823
last,8.22,-0.008317551550437348,-0.22709569158324144,3.138586660342082,-0.06790196996715366
last,8.23,-0.01058869202473358,-0.2271324032760515,3.137897818929903,-0.06992908589000889
last,8.24,-0.012861358461382907,-0.227400884053792,3.1371803709050465,-0.073625873724628
last,8.25,-0.015136831537703562,-0.22769373121031664,3.136423290605431,-0.07785917520833241
last,8.26,-0.017414309094386154,-0.22780178012617971,3.1356269123648643,-0.08148898234652412
last,8.27,-0.019692339388781607,-0.22780427875288872,3.13479496742943,-0.08497573000335858
last,8.28,-0.021969941006571837,-0.22771604480513485,3.133928379069138,-0.08842080687810461
last,8.290000000000001,-0.02424574144352293,-0.22744404258498102,3.1330300552349053,-0.09132566437225864
last,8.3,-0.02651792006383849,-0.22699168147810844,3.1321052218014125,-0.09372509505460651
last,8.31,-0.028784691112361448,-0.22636252822646052,3.131158766250123,-0.09565201555610708
last,8.32,-0.03104172259503491,-0.2250437683082477,3.1302096076971795,-0.09426552794667717
last,8.33,-0.03328373959616383,-0.22335963191756175,3.1292818947133334,-0.09136099765016681
last,8.34,-0.03550873312927518,-0.22163907470473226,3.1283817386591215,-0.08875166672396714
last,8.35,-0.03771599664090979,-0.21981362762221288,3.1275081623348386,-0.08604263359682178
last,8.36,-0.03990457860251847,-0.2179027646995445,3.126661694891254,-0.08332743187941843
last,8.370000000000001,-0.042074195772829615,-0.2160206693626302,3.125839299262679,-0.08122613650178387
last,8.38,-0.04422460429731976,-0.21406103553542088,3.125037850058002,-0.07913624874992585
last,8.39,-0.04635493690456595,-0.21200548591383897,3.1242578006864723,-0.0769442213536488
last,8.4,-0.04846427553998749,-0.20986224117049188,3.123500003281905,-0.07468383214986497
last,8.41,-0.05055175708064433,-0.20763406696089726,3.1227651257827644,-0.07235815664203071
last,8.42,-0.05261662581116628,-0.2053396791435146,3.1220533640220496,-0.07005859022917801
last,8.43,-0.0546583131509259,-0.20299778880843175,3.1213639997373166,-0.06787663954480833
last,8.44,-0.05667615357830149,-0.20057029666670828,3.1206969751589164,-0.06558861454889192
last,8.45,-0.058669357284066054,-0.19807044448622743,3.1200530448948838,-0.06325567854512673
last,8.46,-0.06063720753428746,-0.1954996055580045,3.119432683161986,-0.060872766683696414
last,8.47,-0.06257901494164353,-0.19286187591322926,3.118836340525746,-0.058449677379682895
last,8.48,-0.06449412833731137,-0.1901608032203583,3.1182643859465826,-0.055992940381702855
last,8.49,-0.06638193095626871,-0.18739972057112747,3.117717130000422,-0.05350770802660503
last,8.5,-0.0682418412956011,-0.18458234729537076,3.1171948218153265,-0.05100112328255289
last,8.51,-0.07007331285224153,-0.18171196403273662,3.1166976518965566,-0.04847777286003826
last,8.52,-0.07187583347924024,-0.17879216136702633,3.1162257567553677,-0.04594387387917107
last,8.53,-0.07364892450361597,-0.17582604350813977,3.1157792245643154,-0.04340288112974292
last,8.540000000000001,-0.07539214001110056,-0.17281705798873018,3.115358099625227,-0.04086011810010651
last,8.55,-0.07710506839585837,-0.1697686189628514,3.114962374010163,-0.03832071198338434
last,8.56,-0.07878733002398625,-0.1666837066627417,3.114592000509952,-0.03578739521172481
last,8.57,-0.08043857658978197,-0.16356560649642105,3.1142468959652034,-0.033264628801713575
last,8.58,-0.08205943334596924,-0.16060574474105008,3.113921706231706,-0.03180271061317421
last,8.59,-0.08365074562946209,-0.15765671195754197,3.1136099614962207,-0.030574281205767863
last,8.6,-0.08521224467099632,-0.15464309634932685,3.113311456696559,-0.02915348654887503
last,8.61,-0.08674345799647373,-0.15159956874617764,3.1130271903237117,-0.0277253031284062
last,8.620000000000001,-0.08824403141125348,-0.14851511420973929,3.1127575810330463,-0.026220726398963057
last,8.63,-0.08971359517580256,-0.14539763870009595,3.1125032137867112,-0.024675504175938674
last,8.64,-0.09115192763236823,-0.14226885261306005,3.112263933949097,-0.023201889703655252
last,8.65,-0.092560300410284,-0.1394057029701159,3.1120313742093098,-0.023331177120729227
last,8.66,-0.09393892815779671,-0.13631984653243287,3.1118030707567814,-0.02234974690105601
last,8.67,-0.09528708262535641,-0.13331104697951543,3.1115818292019983,-0.02191840749180797
last,8.68,-0.09660463339800035,-0.13019910754927866,3.1113671661050684,-0.02103325380071417
last,8.69,-0.09789110876456977,-0.12709596576461074,3.1111605336596457,-0.02031162405709588
last,8.700000000000001,-0.0991462692336022,-0.12393612804183193,3.110962135436857,-0.01938557081014168
last,8.71,-0.10037119486510235,-0.12104899825820163,3.110764894137822,-0.020080869961727088
last,8.72,-0.10156720738014742,-0.11815350475081644,3.1105603885830173,-0.02083910856853609
last,8.73,-0.10273385199529778,-0.11517541827925888,3.1103500299463853,-0.021251859932734662
last,8.74,-0.10387057724837995,-0.11216963233718132,3.1101357361944837,-0.021626470885300793
last,8.75,-0.10497692053582493,-0.10909902515181762,3.1099189089980426,-0.02175866853487379
last,8.76,-0.10605237681555658,-0.10599223079451786,3.109701172776228,-0.02180832100804224
last,8.77,-0.10709649349758621,-0.10283110561141245,3.1094838549734516,-0.021674863940606963
last,8.78,-0.10810880454511723,-0.09963110389479876,3.109268360402522,-0.021443465214691235
last,8.790000000000001,-0.10908887849204724,-0.09638368549117277,3.1090559114220753,-0.02106540359750956
last,8.8,-0.11003628506436618,-0.09309762897261815,3.1088477405500416,-0.020587410817467816
last,8.81,-0.11095062023795006,-0.08976940574416363,3.1086449576068826,-0.019987274487949392
last,8.82,-0.1118314895969435,-0.08640446605452747,3.1084486484835767,-0.019292017382047378
last,8.83,-0.11267852104147008,-0.08300182285079219,3.1082598102746686,-0.01849236759438542
last,8.84,-0.11349174077373166,-0.07964212360152467,3.108077269232723,-0.01803216761159694
last,8.85,-0.11427162749055134,-0.0763352197624134,3.107897371447269,-0.017963654613618162
last,8.86,-0.1150178740134318,-0.072914084813683,3.107720840692184,-0.017358213071204782
last,8.870000000000001,-0.11573005948589733,-0.06952300967940514,3.107549054487021,-0.01701443361476037
last,8.88,-0.11640788679071444,-0.06604245128401948,3.107382725478826,-0.01626609586523575
last,8.89,-0.1170509814676629,-0.06257648410567483,3.107223028499588,-0.015687504114697964
last,8.9,-0.11765906451932145,-0.05904012622603623,3.1070706418280607,-0.01480323344187143
last,8.91,-0.11823242362154764,-0.05563169421920036,3.1069231394194006,-0.014710568338419605
last,8.92,-0.11877098000084291,-0.05207958163985474,3.1067801514478655,-0.013899611162914084
last,8.93,-0.11927438873704888,-0.048602165601341625,3.10664281726797,-0.013579520643994817
last,8.94,-0.11974243818599288,-0.0450077241874623,3.1065115615248025,-0.012683111642189146
last,8.950000000000001,-0.12017529390553634,-0.0415634197212142,3.1063847525655177,-0.01269017113443117
last,8.96,-0.12057267968775519,-0.03791373672255705,3.106263228947082,-0.011625078042767509
last,8.97,-0.12093433959030485,-0.034418243787376464,3.1061477545092195,-0.011480204769591395
last,8.98,-0.1212602882997698,-0.030771498105613845,3.1060376143930677,-0.010557377308568663
last,8.99,-0.12155166624373943,-0.027504090688316742,3.105925879229866,-0.01180011378939087
last,9.0,-0.12180787697045442,-0.02373805465468666,3.1058152456471633,-0.01033625315432589
last,9.01,-0.12202902993788446,-0.020492538831322658,3.1057045101186023,-0.011821283827065668
last,9.02,-0.12221443749916368,-0.01658897342452355,3.1055968814460906,-0.009713954429827469
last,9.03,-0.12236435328397653,-0.013394183538049114,3.105490369999787,-0.01159823681548982
last,9.040000000000001,-0.12247796268756383,-0.00932769717940603,3.105388914348397,-0.008701738171566704
last,9.05,-0.12255570683198057,-0.006221131703942328,3.1052895177663165,-0.011186909889050904
last,9.06,-0.12259659804442101,-0.0019571107841423346,3.105197118091585,-0.007301151414840422
last,9.07,-0.12260132249355576,0.001012220957190804,3.1051074058163355,-0.010649672521754128
last,9.08,-0.12256865623376717,0.005521031000525964,3.105026684787832,-0.0055015141601584315
last,9.09,-0.12249960551066834,0.008289113619239464,3.1049489322150334,-0.010056365073745265
last,9.1,-0.12239262704079676,0.01310658035507914,3.104882289505742,-0.003277873068857617
last,9.11,-0.12224930690374988,0.015557447054297804,3.1048175906638202,-0.009668102052610561
last,9.120000000000001,-0.12206798580158457,0.020706773378761426,3.10476369180399,-0.0011161160508578623
last,9.13,-0.12185077903161835,0.022734580614479125,3.104708558707791,-0.009915967623451158
last,9.14,-0.12159489006312772,0.028443213083656015,3.1046674151058298,0.0016838129631060927
last,9.15,-0.12130326906376854,0.02988098678818474,3.104623657685223,-0.010439583845625716
last,9.16,-0.1209722086723195,0.036331091501624294,3.1045976327779825,0.005232648039575794
last,9.17,-0.12060575776077456,0.036959090807349486,3.1045667172945817,-0.01141885499872758
last,9.18,-0.12019901420472888,0.04438962040177196,3.1045579632433173,0.009667638043435383
last,9.19,-0.11975743426104894,0.04392636833420598,3.1045410249571663,-0.01305724898646086
last,9.200000000000001,-0.11927461062115623,0.05263835964432677,3.104551390095868,0.015131553745569175
last,9.21,-0.11875770955149215,0.05074185428849191,3.1045493189939166,-0.015546323963881434
last,9.22,-0.11819857036556373,0.061085982897195065,3.104580119462747,0.02170966316701616
last,9.23,-0.11760622905599333,0.05738227901688509,3.104593778612937,-0.01897691520561096
last,9.24,-0.11697077337035483,0.06970885811081798,3.104645419098386,0.029310096972644573
last,9.25,-0.11630286981017027,0.06387185392609522,3.1046760845266657,-0.023174647935500083
last,9.26,-0.11559139197639923,0.07842371282807627,3.1047477339534146,0.037511409798553455
last,9.27,-0.11484772033884093,0.0703106146835431,3.1047975536859815,-0.02754332596147053
last,9.28,-0.11405984413241971,0.08726462660066138,3.104892520148712,0.04654570485670454
last,9.290000000000001,-0.11323990160462537,0.07672387895813994,3.1049657377698705,-0.03189600910304509
last,9.3,-0.11237548824209967,0.09615879354706135,3.1050864978362362,0.05605938561559972
last,9.31,-0.1114775298861734,0.08343287763825229,3.1051947772537476,-0.03439407026434238
last,9.32,-0.11053715490999265,0.10464211759796167,3.1053404381893897,0.06353994116971202
last,9.33,-0.10956115240180658,0.09055838403931177,3.1054865691522306,-0.034300934503367665
last,9.34,-0.10854473687157928,0.112724722006223,3.105660543437475,0.06911208842428199
last,9.35,-0.10748932079441977,0.09835849342575315,3.105855467306422,-0.030110105215627896
last,9.36,-0.10639600180178253,0.12030530510177091,3.106066303584084,0.07229702046765492
last,9.370000000000001,-0.10526240525654044,0.10641400394668289,3.1063073941929473,-0.024057508995549322
last,9.38,-0.1040924695952021,0.12757312832106515,3.1065581750899307,0.07423697477360156
last,9.39,-0.10288190674041288,0.11453944263686557,3.1068438336725572,-0.017079818568043744
last,9.4,-0.10163545685883686,0.13475053367842343,3.1071395960545867,0.07625966040385666
last,9.41,-0.10034919167059739,0.12250250396956532,3.1074688957254537,-0.010370318963844972
last,9.42,-0.09902669804016584,0.14199622211683643,3.1078136033245958,0.07934364900735578
last,9.43,-0.09766749553026348,0.12984427986372796,3.10817826630483,-0.006378444629418222
last,9.44,-0.09627232950889415,0.14918892441023016,3.1085607323959352,0.08290691254030207
last,9.450000000000001,-0.09483819444760765,0.13763808784712184,3.1089797813283244,0.000940419788847892
last,9.46,-0.09337055826193942,0.15588914928662972,3.1094073238184325,0.08460740158152745
last,9.47,-0.0918692676487428,0.14436897335279592,3.109846540269219,0.003275264081825242
last,9.48,-0.09033181089212886,0.16312237797009885,3.110313779275139,0.09021549556796148
last,9.49,-0.0887662819452302,0.14998341140973961,3.1107666207956384,0.0003933677906516114
last,9.5,-0.08716690526101922,0.16989192543255982,3.11123961979315,0.09424995119207849
last,9.51,-0.08553793231959854,0.1559026628516932,3.1117117330787076,0.00021498528120537713
last,9.52,-0.08387757522004338,0.1761687570594498,3.1121954681068047,0.09657652656686305
last,9.53,-0.08218579140463744,0.16218800602185698,3.1126936956453117,0.00311362840618844
last,9.540000000000001,-0.08046530194462362,0.18190988598096008,3.113194015321864,0.09699630171541165
last,9.55,-0.07871294841371781,0.16856082020032492,3.113716699378501,0.007587397616687695
last,9.56,-0.07693454796298932,0.1871192699454968,3.114232278765695,0.09557582034246577
last,9.57,-0.07512435575372355,0.17491917190778133,3.1147754794396456,0.013113106131686475
last,9.58,-0.07328772828845344,0.1924063211463617,3.115319502460139,0.09574138833741021
last,9.59,-0.07142299693514854,0.18053994951474364,3.115876581661576,0.01572452009003863
last,9.6,-0.06953129360985501,0.19780071554409542,3.116443465188517,0.09770414468104945
last,9.61,-0.06761328605148731,0.1858007961295794,3.1170195301558854,0.01756063995048235
last,9.620000000000001,-0.06567013337965108,0.20282973823773082,3.117601476584996,0.09888196284200423
last,9.63,-0.06370127274768642,0.1909423881553374,3.1181956012974825,0.01999641928731792
last,9.64,-0.061709944216399276,0.2073233181022312,3.1187871394561135,0.09836537409283587
last,9.65,-0.059692752478725575,0.19611502943264886,3.119398179254084,0.023897589740623237
last,9.66,-0.057654910294636944,0.21145340738521912,3.120003085567374,0.09713900990332706
last,9.67,-0.05560219991072304,0.19908866939770514,3.120573022383617,0.016899612506644037
last,9.68,-0.05353091797119467,0.2151677185081121,3.12113167384463,0.094881824528387
last,9.69,-0.05144560775665335,0.20189432440029817,3.1216568366909914,0.010197935411597407
last,9.700000000000001,-0.04934318959047057,0.21858930883633057,3.122168485000114,0.09217860675436201
last,9.71,-0.047226623427385706,0.2047239237807934,3.1226529582742355,0.004759549258026413
last,9.72,-0.04509388101670409,0.22182455835567752,3.123124165669832,0.08952513684594587
last,9.73,-0.04293817288870683,0.20931706724392654,3.123622405552614,0.010167634909831533
last,9.74,-0.040773586076665674,0.22360029516445373,3.1240721071912785,0.07981385806527348
last,9.75,-0.038579431522276844,0.21523061571346785,3.1245906953603164,0.02395054159185279
last,9.76,-0.036372387797241335,0.22617812929378622,3.125088307511921,0.07561731180793142
last,9.77,-0.03414090769372655,0.220117891409266,3.1256318276384576,0.033135655733248025
last,9.78,-0.03189573049052566,0.22891754923092114,3.126164531921583,0.0734538888314606
last,9.790000000000001,-0.02962925303107208,0.2243779426597229,3.126731579680532,0.0400068280527315
last,9.8,-0.027349276538167835,0.2316173559211364,3.1272927021755326,0.07226886603328624
last,9.81,-0.025050417126905748,0.22815452633129266,3.1278808798955957,0.045419818291771906
last,9.82,-0.022738709409941407,0.2341870170615783,3.128465776457327,0.07161288678419152
last,9.83,-0.020410199095931145,0.23151504574047232,3.129072558314952,0.049798227872844804
last,9.84,-0.0180697375499644,0.23657726345287472,3.129677564338916,0.07125818259450083
last,9.85,-0.015714369383018355,0.2344963699363342,3.1303005197251124,0.05338916310683165
last,9.86,-0.01334809945501731,0.23875761566387327,3.130922556104336,0.07107480686734585
last,9.870000000000001,-0.010968707886333471,0.23712069807277786,3.131559403461591,0.05635217142068935
last,9.88,-0.008582226309391055,0.24017561731563722,3.132181004047999,0.06802459235456212
last,9.89,-0.006186502901145991,0.2389690643333067,3.132802707537439,0.05637226942486628
last,9.9,-0.0037865545607075747,0.2410206037543882,3.1334000128510437,0.06314323982127851
last,9.91,-0.0013793227472547285,0.24042575893627308,3.133993177921908,0.055543167498886215
last,9.92,0.0010319373865108215,0.24182626781688818,3.134567335595374,0.059340674413820634
last,9.93,0.00344893477728055,0.24157321033702978,3.1351351170112025,0.05426681907182769
last,9.94,0.005869263352437486,0.24249250469432962,3.1356862375652663,0.05600739280000087
last,9.950000000000001,0.008293527026242944,0.24236023006664403,3.1362270594303494,0.05220578444383425
last,9.96,0.01072025950059271,0.24298626480327737,3.136752375488379,0.05290512989761246
last,9.97,0.013149880678288622,0.24293797073589454,3.1372673838636804,0.05014301561534796
last,9.98,0.015581327283993569,0.24335135040508396,3.1377689773351523,0.050221184684273924
last,9.99,0.01801471976677342,0.2433271461509336,3.13826056004046,0.048139689879729546
last,10.0,0.02044925072211034,0.24357904491649754,3.1387403195890213,0.04785569791025789
