run_id,seed,algorithm,label,case,window,samples,terminated_before_window,angle_pass_fraction,omega_pass_fraction,x_pass_fraction,v_pass_fraction,all_pass_fraction,final_violated,final_x,final_v,final_angle_error,final_omega,log_sha256
train_confirm_ddpg_on_warmup5000_seed3,3,DDPG,best,validation_1000,all,1001,False,0.22277722277722278,0.22577422577422576,0.6203796203796204,0.37462537462537465,0.06493506493506493,"[""angle"", ""omega"", ""x""]",-0.22690365899451015,-0.06540504458349336,-0.8702349143981254,3.355382004321478,9536633b3724806f3501d49f87e2ece324685cb0f39631fdf07d27eee7294f41
train_confirm_ddpg_on_warmup5000_seed3,3,DDPG,best,validation_1000,last2,201,False,0.6865671641791045,0.6417910447761194,0.6368159203980099,0.4129353233830846,0.14427860696517414,"[""angle"", ""omega"", ""x""]",-0.22690365899451015,-0.06540504458349336,-0.8702349143981254,3.355382004321478,9536633b3724806f3501d49f87e2ece324685cb0f39631fdf07d27eee7294f41
train_confirm_ddpg_on_warmup5000_seed3,3,DDPG,best,validation_1001,all,1001,False,0.23976023976023977,0.23176823176823177,0.6153846153846154,0.34865134865134867,0.03796203796203796,"[""v""]",-0.14195079578119124,-0.3884437482001961,0.005594497681808086,0.12255397605245633,f2c38d998d27822ffd2477602e6cd1b0c2e5321aa61e9b56917bafdc1c5445ea
train_confirm_ddpg_on_warmup5000_seed3,3,DDPG,best,validation_1001,last2,201,False,0.9303482587064676,0.8855721393034826,0.6716417910447762,0.47761194029850745,0.1890547263681592,"[""v""]",-0.14195079578119124,-0.3884437482001961,0.005594497681808086,0.12255397605245633,f2c38d998d27822ffd2477602e6cd1b0c2e5321aa61e9b56917bafdc1c5445ea
train_confirm_ddpg_on_warmup5000_seed3,3,DDPG,best,validation_1002,all,1001,False,0.24875124875124874,0.2597402597402597,0.6613386613386614,0.4925074925074925,0.22477522477522477,[],-0.11307124541183479,-0.07723493603380947,-0.05128989781412294,-0.09984950811401071,c36a50cc7645afa76e6ba3c0d7c4eb62c6daf397bdd3ce5d19ca2f34e0f3e80b
train_confirm_ddpg_on_warmup5000_seed3,3,DDPG,best,validation_1002,last2,201,False,1.0,1.0,1.0,1.0,1.0,[],-0.11307124541183479,-0.07723493603380947,-0.05128989781412294,-0.09984950811401071,c36a50cc7645afa76e6ba3c0d7c4eb62c6daf397bdd3ce5d19ca2f34e0f3e80b
train_confirm_ddpg_on_warmup5000_seed3,3,DDPG,best,validation_1003,all,1001,False,0.0,0.04895104895104895,0.5414585414585414,0.3676323676323676,0.0,"[""angle"", ""omega"", ""v""]",-0.19530147586616373,0.5958950560503505,-3.0945879555461646,-12.103587089573823,6ceaad2c2397c8ae5ab2cb73a9de9cfef5717bd22bb91dd691033159326044f9
train_confirm_ddpg_on_warmup5000_seed3,3,DDPG,best,validation_1003,last2,201,False,0.0,0.04975124378109453,0.4427860696517413,0.44776119402985076,0.0,"[""angle"", ""omega"", ""v""]",-0.19530147586616373,0.5958950560503505,-3.0945879555461646,-12.103587089573823,6ceaad2c2397c8ae5ab2cb73a9de9cfef5717bd22bb91dd691033159326044f9
train_confirm_ddpg_on_warmup5000_seed3,3,DDPG,best,validation_1004,all,1001,False,0.03996003996003996,0.06993006993006994,0.5744255744255744,0.33666333666333664,0.0,"[""angle"", ""omega"", ""v""]",-0.07321904164196527,-0.5454355478795332,-2.379429132074658,10.381749342795425,da17681ead09d2beb06c02a9fa92b57cc6f1b76fcb44163868f871d98283f245
train_confirm_ddpg_on_warmup5000_seed3,3,DDPG,best,validation_1004,last2,201,False,0.0,0.03482587064676617,0.43283582089552236,0.36318407960199006,0.0,"[""angle"", ""omega"", ""v""]",-0.07321904164196527,-0.5454355478795332,-2.379429132074658,10.381749342795425,da17681ead09d2beb06c02a9fa92b57cc6f1b76fcb44163868f871d98283f245
train_confirm_ddpg_on_warmup5000_seed3,3,DDPG,best,validation_1005,all,1001,False,0.015984015984015984,0.04995004995004995,0.5394605394605395,0.33266733266733267,0.0,"[""angle"", ""omega"", ""v""]",-0.19142191301602574,-0.6233912862264883,1.2735884668314628,8.71514416943572,abb756ee2857a3f617e56cd244bd019a3937edd0edebf60a014b0fde3b0643e4
train_confirm_ddpg_on_warmup5000_seed3,3,DDPG,best,validation_1005,last2,201,False,0.0,0.04975124378109453,0.5074626865671642,0.31840796019900497,0.0,"[""angle"", ""omega"", ""v""]",-0.19142191301602574,-0.6233912862264883,1.2735884668314628,8.71514416943572,abb756ee2857a3f617e56cd244bd019a3937edd0edebf60a014b0fde3b0643e4
train_confirm_ddpg_on_warmup5000_seed3,3,DDPG,best,validation_1006,all,1001,False,0.5454545454545454,0.5554445554445554,0.8021978021978022,0.7162837162837162,0.5324675324675324,[],-0.06413770527702992,0.0055426972584108215,-0.012796130056024178,0.012559996783828185,07eb5d13d230a0f0f9be189d9e7607641b9c3de5b34595534cb2b5e347d7f4c5
train_confirm_ddpg_on_warmup5000_seed3,3,DDPG,best,validation_1006,last2,201,False,1.0,1.0,1.0,1.0,1.0,[],-0.06413770527702992,0.0055426972584108215,-0.012796130056024178,0.012559996783828185,07eb5d13d230a0f0f9be189d9e7607641b9c3de5b34595534cb2b5e347d7f4c5
train_confirm_ddpg_on_warmup5000_seed3,3,DDPG,best,validation_1007,all,1001,False,0.0969030969030969,0.12787212787212787,0.5504495504495505,0.3386613386613387,0.0,"[""angle"", ""omega"", ""v""]",-0.14938468416663003,-0.23982625431563337,-0.8519787665753908,-1.2504895079581113,fdc0b71dc392d91d5f4111c89d36da5e168c80009b1bbeffd51cf8ce2852652e
train_confirm_ddpg_on_warmup5000_seed3,3,DDPG,best,validation_1007,last2,201,False,0.0,0.0845771144278607,0.5323383084577115,0.31343283582089554,0.0,"[""angle"", ""omega"", ""v""]",-0.14938468416663003,-0.23982625431563337,-0.8519787665753908,-1.2504895079581113,fdc0b71dc392d91d5f4111c89d36da5e168c80009b1bbeffd51cf8ce2852652e
train_confirm_ddpg_on_warmup5000_seed3,3,DDPG,best,validation_1008,all,1001,False,0.3626373626373626,0.3676323676323676,0.7172827172827173,0.5684315684315684,0.34165834165834164,[],0.026727857215049982,-0.056542717436998784,0.008427889930765065,-0.020324648150721138,b3877b4743f0d55564f929a1a1cc5b4491e7dca7cdb7bf50af8572d7c96ac816
train_confirm_ddpg_on_warmup5000_seed3,3,DDPG,best,validation_1008,last2,201,False,1.0,1.0,1.0,1.0,1.0,[],0.026727857215049982,-0.056542717436998784,0.008427889930765065,-0.020324648150721138,b3877b4743f0d55564f929a1a1cc5b4491e7dca7cdb7bf50af8572d7c96ac816
train_confirm_ddpg_on_warmup5000_seed3,3,DDPG,best,validation_1009,all,1001,False,0.22777222777222778,0.24475524475524477,0.5994005994005994,0.3306693306693307,0.059940059940059943,"[""angle"", ""omega"", ""x""]",0.2362257252166902,0.05384104112304559,1.745585393763956,-7.206392479866044,60011d0a614001604ee588b4eb5d4d5392ce03611d36a23561782063231e47a1
train_confirm_ddpg_on_warmup5000_seed3,3,DDPG,best,validation_1009,last2,201,False,0.2935323383084577,0.30845771144278605,0.4527363184079602,0.3681592039800995,0.0,"[""angle"", ""omega"", ""x""]",0.2362257252166902,0.05384104112304559,1.745585393763956,-7.206392479866044,60011d0a614001604ee588b4eb5d4d5392ce03611d36a23561782063231e47a1
train_confirm_ddpg_on_warmup5000_seed3,3,DDPG,best,validation_1010,all,1001,False,0.5494505494505495,0.5584415584415584,0.8041958041958042,0.7182817182817183,0.5354645354645354,[],-0.009812786964595756,-0.137050882652567,0.0018554949752334299,-0.002024918672019363,9b08a2076f8bca18778a13edada5a57d74d3b96a339ce1b73983fa860e71503a
train_confirm_ddpg_on_warmup5000_seed3,3,DDPG,best,validation_1010,last2,201,False,1.0,1.0,1.0,1.0,1.0,[],-0.009812786964595756,-0.137050882652567,0.0018554949752334299,-0.002024918672019363,9b08a2076f8bca18778a13edada5a57d74d3b96a339ce1b73983fa860e71503a
train_confirm_ddpg_on_warmup5000_seed3,3,DDPG,best,validation_1011,all,1001,False,0.3676323676323676,0.3946053946053946,0.7562437562437563,0.4245754245754246,0.2137862137862138,[],0.10451629276667893,-0.06860746064469006,0.03593344467117479,-0.04601435264607449,56bb6791b052c3453b44289d54badd0160c95f355c914b4c63b352b8b70495bc
train_confirm_ddpg_on_warmup5000_seed3,3,DDPG,best,validation_1011,last2,201,False,1.0,1.0,1.0,0.5671641791044776,0.5671641791044776,[],0.10451629276667893,-0.06860746064469006,0.03593344467117479,-0.04601435264607449,56bb6791b052c3453b44289d54badd0160c95f355c914b4c63b352b8b70495bc
train_confirm_ddpg_on_warmup5000_seed3,3,DDPG,best,validation_1012,all,1001,False,0.2787212787212787,0.2947052947052947,0.6073926073926074,0.41358641358641357,0.11888111888111888,"[""angle"", ""omega"", ""v""]",-0.13191893814861233,0.911449755962364,-0.7662674533943208,-1.8232926229422384,8ca8f1be144115126bb078a7eb383bbc101fc2222d693a1139eff01197fc3d31
train_confirm_ddpg_on_warmup5000_seed3,3,DDPG,best,validation_1012,last2,201,False,0.5422885572139303,0.527363184079602,0.39303482587064675,0.6766169154228856,0.20398009950248755,"[""angle"", ""omega"", ""v""]",-0.13191893814861233,0.911449755962364,-0.7662674533943208,-1.8232926229422384,8ca8f1be144115126bb078a7eb383bbc101fc2222d693a1139eff01197fc3d31
train_confirm_ddpg_on_warmup5000_seed3,3,DDPG,best,validation_1013,all,1001,False,0.4305694305694306,0.44455544455544455,0.7452547452547452,0.6273726273726273,0.4005994005994006,[],0.0736145780422726,-0.09295861910264268,0.026273746377065945,-0.017259758754712397,90b980b24c683d87262202e4e521dde22dea00e70f9251991cd04cef29de0c03
train_confirm_ddpg_on_warmup5000_seed3,3,DDPG,best,validation_1013,last2,201,False,1.0,1.0,1.0,0.9104477611940298,0.9104477611940298,[],0.0736145780422726,-0.09295861910264268,0.026273746377065945,-0.017259758754712397,90b980b24c683d87262202e4e521dde22dea00e70f9251991cd04cef29de0c03
train_confirm_ddpg_on_warmup5000_seed3,3,DDPG,best,validation_1014,all,1001,False,0.0,0.04995004995004995,0.5324675324675324,0.3856143856143856,0.0,"[""angle"", ""omega"", ""v""]",-0.09445405308358505,-0.44219912211136464,0.9871171605712681,1.8403723839555324,5e2aa45f916aa0dd573edf6576e331320c70601ea8ab35709073c76f464cdd44
train_confirm_ddpg_on_warmup5000_seed3,3,DDPG,best,validation_1014,last2,201,False,0.0,0.05970149253731343,0.47761194029850745,0.48258706467661694,0.0,"[""angle"", ""omega"", ""v""]",-0.09445405308358505,-0.44219912211136464,0.9871171605712681,1.8403723839555324,5e2aa45f916aa0dd573edf6576e331320c70601ea8ab35709073c76f464cdd44
train_confirm_ddpg_on_warmup5000_seed3,3,DDPG,best,validation_1015,all,1001,False,0.0,0.04695304695304695,0.5374625374625375,0.3806193806193806,0.0,"[""angle"", ""omega"", ""v""]",-0.08660514222862858,-0.4347516206241553,1.038849732631718,2.09018584322292,4c76ff8fe3651f4e8a2365223bca0e7442fb7f543b89a9e3b42236f4dc863185
train_confirm_ddpg_on_warmup5000_seed3,3,DDPG,best,validation_1015,last2,201,False,0.0,0.04975124378109453,0.48258706467661694,0.4626865671641791,0.0,"[""angle"", ""omega"", ""v""]",-0.08660514222862858,-0.4347516206241553,1.038849732631718,2.09018584322292,4c76ff8fe3651f4e8a2365223bca0e7442fb7f543b89a9e3b42236f4dc863185
train_confirm_ddpg_on_warmup5000_seed3,3,DDPG,best,validation_1016,all,1001,False,0.0,0.058941058941058944,0.6213786213786214,0.33666333666333664,0.0,"[""angle"", ""omega"", ""v""]",0.009034399814404494,0.4928238438436295,1.75579323555057,-10.637725484189275,4e7ee9a16ea684998ea0f86bcfb32149ceda8c51d94177a9a543a2ac4067bdc7
train_confirm_ddpg_on_warmup5000_seed3,3,DDPG,best,validation_1016,last2,201,False,0.0,0.05472636815920398,0.9552238805970149,0.24378109452736318,0.0,"[""angle"", ""omega"", ""v""]",0.009034399814404494,0.4928238438436295,1.75579323555057,-10.637725484189275,4e7ee9a16ea684998ea0f86bcfb32149ceda8c51d94177a9a543a2ac4067bdc7
train_confirm_ddpg_on_warmup5000_seed3,3,DDPG,best,validation_1017,all,1001,False,0.005994005994005994,0.04495504495504495,0.5574425574425574,0.3306693306693307,0.0,"[""angle"", ""omega"", ""v""]",-0.043911665527362226,1.1766398053961487,-0.2674179664410392,1.5517937904152332,1bd8fbadccd44ecd0afd9f826a671c9be675761309de106251d72d944f87e2d3
train_confirm_ddpg_on_warmup5000_seed3,3,DDPG,best,validation_1017,last2,201,False,0.029850746268656716,0.029850746268656716,0.4577114427860697,0.38308457711442784,0.0,"[""angle"", ""omega"", ""v""]",-0.043911665527362226,1.1766398053961487,-0.2674179664410392,1.5517937904152332,1bd8fbadccd44ecd0afd9f826a671c9be675761309de106251d72d944f87e2d3
train_confirm_ddpg_on_warmup5000_seed3,3,DDPG,best,validation_1018,all,1001,False,0.1838161838161838,0.1968031968031968,0.5704295704295704,0.36563436563436563,0.03896103896103896,"[""angle"", ""omega"", ""x""]",0.23676654350654167,0.16080936512375266,2.8251032374032263,-12.214309963669521,cc4b7ced657290dd4ae6f268face1138923f634e56833503a204849160d551d0
train_confirm_ddpg_on_warmup5000_seed3,3,DDPG,best,validation_1018,last2,201,False,0.3582089552238806,0.36318407960199006,0.5223880597014925,0.2935323383084577,0.0,"[""angle"", ""omega"", ""x""]",0.23676654350654167,0.16080936512375266,2.8251032374032263,-12.214309963669521,cc4b7ced657290dd4ae6f268face1138923f634e56833503a204849160d551d0
train_confirm_ddpg_on_warmup5000_seed3,3,DDPG,best,validation_1019,all,1001,False,0.2647352647352647,0.2787212787212787,0.6563436563436563,0.37962037962037964,0.08891108891108891,"[""angle"", ""omega"", ""x""]",-0.2399989617060438,0.0005534869085669115,1.3923207692383048,9.461990985275479,4084110ff75f49fc47f5b10d031d3f0659a053caf7989b34762ddf689eb7830d
train_confirm_ddpg_on_warmup5000_seed3,3,DDPG,best,validation_1019,last2,201,False,0.8656716417910447,0.8258706467661692,0.7611940298507462,0.5124378109452736,0.29850746268656714,"[""angle"", ""omega"", ""x""]",-0.2399989617060438,0.0005534869085669115,1.3923207692383048,9.461990985275479,4084110ff75f49fc47f5b10d031d3f0659a053caf7989b34762ddf689eb7830d
train_confirm_ddpg_on_warmup5000_seed3,3,DDPG,last,validation_1000,all,1001,False,0.7902097902097902,0.7562437562437563,0.929070929070929,0.38961038961038963,0.3126873126873127,[],0.07413423618062684,-0.018488127656923977,0.07064959056047052,0.0370131873108672,6f8f4971927eac6190f01180aaabc2d0d61c1b9dc6acf64b0b257f30f9aa5156
train_confirm_ddpg_on_warmup5000_seed3,3,DDPG,last,validation_1000,last2,201,False,1.0,1.0,1.0,0.48258706467661694,0.48258706467661694,[],0.07413423618062684,-0.018488127656923977,0.07064959056047052,0.0370131873108672,6f8f4971927eac6190f01180aaabc2d0d61c1b9dc6acf64b0b257f30f9aa5156
train_confirm_ddpg_on_warmup5000_seed3,3,DDPG,last,validation_1001,all,1001,False,0.7892107892107892,0.7552447552447552,0.926073926073926,0.3906093906093906,0.3116883116883117,[],0.07437262358505556,-0.011365575413506728,0.07032934605383125,0.040320129570178304,ba8e450a46dcbaff965f9166fe919fe9b16391a4ef66c31ce5549e5670d8a266
train_confirm_ddpg_on_warmup5000_seed3,3,DDPG,last,validation_1001,last2,201,False,1.0,1.0,1.0,0.47761194029850745,0.47761194029850745,[],0.07437262358505556,-0.011365575413506728,0.07032934605383125,0.040320129570178304,ba8e450a46dcbaff965f9166fe919fe9b16391a4ef66c31ce5549e5670d8a266
train_confirm_ddpg_on_warmup5000_seed3,3,DDPG,last,validation_1002,all,1001,False,0.7922077922077922,0.7562437562437563,0.9300699300699301,0.3876123876123876,0.3126873126873127,[],0.07439672510449573,-0.014128018313628758,0.07051032293553508,0.039130113707329946,3258fa6203e70e0378fafaa695b603f184329188e8787ad625fa61e438b2ff46
train_confirm_ddpg_on_warmup5000_seed3,3,DDPG,last,validation_1002,last2,201,False,1.0,1.0,1.0,0.47761194029850745,0.47761194029850745,[],0.07439672510449573,-0.014128018313628758,0.07051032293553508,0.039130113707329946,3258fa6203e70e0378fafaa695b603f184329188e8787ad625fa61e438b2ff46
train_confirm_ddpg_on_warmup5000_seed3,3,DDPG,last,validation_1003,all,1001,False,0.7902097902097902,0.7592407592407593,0.9280719280719281,0.3926073926073926,0.31368631368631367,[],0.07314676653388098,-0.042896350491676866,0.07161986403727229,0.023855945945965365,c89f8fa579881c2c2d9d05cff8b4710b48cffda3848cb164456b138d50e191da
train_confirm_ddpg_on_warmup5000_seed3,3,DDPG,last,validation_1003,last2,201,False,1.0,1.0,1.0,0.47761194029850745,0.47761194029850745,[],0.07314676653388098,-0.042896350491676866,0.07161986403727229,0.023855945945965365,c89f8fa579881c2c2d9d05cff8b4710b48cffda3848cb164456b138d50e191da
train_confirm_ddpg_on_warmup5000_seed3,3,DDPG,last,validation_1004,all,1001,False,0.7872127872127872,0.7522477522477522,0.9270729270729271,0.38961038961038963,0.3076923076923077,[],0.07454814237593951,-0.005882759367552829,0.07007844757727469,0.04286368417776616,3414048bbeadc7e969fedeaca4b3fcaf772fa70e21ff229e1558608e92caec40
train_confirm_ddpg_on_warmup5000_seed3,3,DDPG,last,validation_1004,last2,201,False,1.0,1.0,1.0,0.47761194029850745,0.47761194029850745,[],0.07454814237593951,-0.005882759367552829,0.07007844757727469,0.04286368417776616,3414048bbeadc7e969fedeaca4b3fcaf772fa70e21ff229e1558608e92caec40
train_confirm_ddpg_on_warmup5000_seed3,3,DDPG,last,validation_1005,all,1001,False,0.7902097902097902,0.7552447552447552,0.926073926073926,0.38961038961038963,0.3106893106893107,[],0.07433759093945255,0.017429028028505406,0.06854923791418724,0.05261014029069116,3224b3c05026221f9f0e2a294b75823120a0f7f3a2d4cc9693801d80fd6c828a
train_confirm_ddpg_on_warmup5000_seed3,3,DDPG,last,validation_1005,last2,201,False,1.0,1.0,1.0,0.47761194029850745,0.47761194029850745,[],0.07433759093945255,0.017429028028505406,0.06854923791418724,0.05261014029069116,3224b3c05026221f9f0e2a294b75823120a0f7f3a2d4cc9693801d80fd6c828a
train_confirm_ddpg_on_warmup5000_seed3,3,DDPG,last,validation_1006,all,1001,False,0.7892107892107892,0.7542457542457542,0.926073926073926,0.3906093906093906,0.3106893106893107,[],0.07424685732652431,-0.021903705608579793,0.07091091048994017,0.03562176376270882,84ec840097f3a6f207c4c99b1386081fa9c75980533c08f842ec87e2376d2015
train_confirm_ddpg_on_warmup5000_seed3,3,DDPG,last,validation_1006,last2,201,False,1.0,1.0,1.0,0.47761194029850745,0.47761194029850745,[],0.07424685732652431,-0.021903705608579793,0.07091091048994017,0.03562176376270882,84ec840097f3a6f207c4c99b1386081fa9c75980533c08f842ec87e2376d2015
train_confirm_ddpg_on_warmup5000_seed3,3,DDPG,last,validation_1007,all,1001,False,0.7912087912087912,0.7582417582417582,0.9280719280719281,0.3926073926073926,0.31368631368631367,[],0.07408842679372234,-0.026398453846787052,0.07110508008940311,0.033525918562037696,532aa9234c9d14a165de692a65f39ef29f6b54cfbf40ac0a368894845a6aad6b
train_confirm_ddpg_on_warmup5000_seed3,3,DDPG,last,validation_1007,last2,201,False,1.0,1.0,1.0,0.47761194029850745,0.47761194029850745,[],0.07408842679372234,-0.026398453846787052,0.07110508008940311,0.033525918562037696,532aa9234c9d14a165de692a65f39ef29f6b54cfbf40ac0a368894845a6aad6b
train_confirm_ddpg_on_warmup5000_seed3,3,DDPG,last,validation_1008,all,1001,False,0.7892107892107892,0.7542457542457542,0.9270729270729271,0.3876123876123876,0.3096903096903097,[],0.074265591557708,0.020944250836196266,0.06828862420095418,0.05286269235392242,866baab602791a4563c962b0415a73000d283c1c27564edb24d6cc35031d06b4
train_confirm_ddpg_on_warmup5000_seed3,3,DDPG,last,validation_1008,last2,201,False,1.0,1.0,1.0,0.47761194029850745,0.47761194029850745,[],0.074265591557708,0.020944250836196266,0.06828862420095418,0.05286269235392242,866baab602791a4563c962b0415a73000d283c1c27564edb24d6cc35031d06b4
train_confirm_ddpg_on_warmup5000_seed3,3,DDPG,last,validation_1009,all,1001,False,0.7862137862137862,0.7532467532467533,0.926073926073926,0.3936063936063936,0.3086913086913087,[],0.07417334927172153,-0.021704355485247216,0.07086402508456249,0.035637737990031663,4a72ce18bafc331518ca65f984faddaba74ede4c16579a290e6ff250cf319108
train_confirm_ddpg_on_warmup5000_seed3,3,DDPG,last,validation_1009,last2,201,False,1.0,1.0,1.0,0.47761194029850745,0.47761194029850745,[],0.07417334927172153,-0.021704355485247216,0.07086402508456249,0.035637737990031663,4a72ce18bafc331518ca65f984faddaba74ede4c16579a290e6ff250cf319108
train_confirm_ddpg_on_warmup5000_seed3,3,DDPG,last,validation_1010,all,1001,False,0.7922077922077922,0.7572427572427572,0.9300699300699301,0.3906093906093906,0.31368631368631367,[],0.07387306398628225,-0.033335908050769913,0.07142066687554419,0.030307966136686716,136102aa7ecfd09488cb96b08a9e6cc948053bf3b019f3e449a3e43fbb957371
train_confirm_ddpg_on_warmup5000_seed3,3,DDPG,last,validation_1010,last2,201,False,1.0,1.0,1.0,0.48258706467661694,0.48258706467661694,[],0.07387306398628225,-0.033335908050769913,0.07142066687554419,0.030307966136686716,136102aa7ecfd09488cb96b08a9e6cc948053bf3b019f3e449a3e43fbb957371
train_confirm_ddpg_on_warmup5000_seed3,3,DDPG,last,validation_1011,all,1001,False,0.7892107892107892,0.7562437562437563,0.926073926073926,0.3906093906093906,0.3106893106893107,[],0.07445889929123492,-0.00976150672967298,0.07027106628486404,0.041106764719383335,98c941a66220e9fa60ce8da7c180aece962477a582d7d4bacf50055ad579232b
train_confirm_ddpg_on_warmup5000_seed3,3,DDPG,last,validation_1011,last2,201,False,1.0,1.0,1.0,0.47761194029850745,0.47761194029850745,[],0.07445889929123492,-0.00976150672967298,0.07027106628486404,0.041106764719383335,98c941a66220e9fa60ce8da7c180aece962477a582d7d4bacf50055ad579232b
train_confirm_ddpg_on_warmup5000_seed3,3,DDPG,last,validation_1012,all,1001,False,0.7892107892107892,0.7552447552447552,0.926073926073926,0.3926073926073926,0.31368631368631367,[],0.07433416778450112,0.0013076911754994855,0.06954361894313112,0.04577196898220068,0461e05d9e36cf4efb764784a7eaf7bc90a3ef941ac6d9a31590773c342da7cf
train_confirm_ddpg_on_warmup5000_seed3,3,DDPG,last,validation_1012,last2,201,False,1.0,1.0,1.0,0.48258706467661694,0.48258706467661694,[],0.07433416778450112,0.0013076911754994855,0.06954361894313112,0.04577196898220068,0461e05d9e36cf4efb764784a7eaf7bc90a3ef941ac6d9a31590773c342da7cf
train_confirm_ddpg_on_warmup5000_seed3,3,DDPG,last,validation_1013,all,1001,False,0.7912087912087912,0.7592407592407593,0.9300699300699301,0.3876123876123876,0.3126873126873127,[],0.07424596322037598,-0.015677019925014784,0.0705321312397447,0.0383297615593252,77eb5be3629a44b4af96bdad27a52bd702435c037be3fdf1f87655c5cf7bb4c8
train_confirm_ddpg_on_warmup5000_seed3,3,DDPG,last,validation_1013,last2,201,False,1.0,1.0,1.0,0.47761194029850745,0.47761194029850745,[],0.07424596322037598,-0.015677019925014784,0.0705321312397447,0.0383297615593252,77eb5be3629a44b4af96bdad27a52bd702435c037be3fdf1f87655c5cf7bb4c8
train_confirm_ddpg_on_warmup5000_seed3,3,DDPG,last,validation_1014,all,1001,False,0.7912087912087912,0.7562437562437563,0.929070929070929,0.3886113886113886,0.3116883116883117,[],0.07377334605954151,-0.036114976044402926,0.07154200704755122,0.028996458323414152,5c4195c1e2efca97634dbb21022a1cac61e6857d61bc8ed31876fbcbbe35531f
train_confirm_ddpg_on_warmup5000_seed3,3,DDPG,last,validation_1014,last2,201,False,1.0,1.0,1.0,0.47761194029850745,0.47761194029850745,[],0.07377334605954151,-0.036114976044402926,0.07154200704755122,0.028996458323414152,5c4195c1e2efca97634dbb21022a1cac61e6857d61bc8ed31876fbcbbe35531f
train_confirm_ddpg_on_warmup5000_seed3,3,DDPG,last,validation_1015,all,1001,False,0.7902097902097902,0.7562437562437563,0.9280719280719281,0.3916083916083916,0.3126873126873127,[],0.07351918617407897,-0.03831011584300611,0.0715458479667668,0.027476995023823107,4e70db4add1a372c87fb9b12729092e9bcf705273eba146daca4d95b01d24b90
train_confirm_ddpg_on_warmup5000_seed3,3,DDPG,last,validation_1015,last2,201,False,1.0,1.0,1.0,0.47761194029850745,0.47761194029850745,[],0.07351918617407897,-0.03831011584300611,0.0715458479667668,0.027476995023823107,4e70db4add1a372c87fb9b12729092e9bcf705273eba146daca4d95b01d24b90
train_confirm_ddpg_on_warmup5000_seed3,3,DDPG,last,validation_1016,all,1001,False,0.7902097902097902,0.7572427572427572,0.9270729270729271,0.3916083916083916,0.3126873126873127,[],0.0744479263085669,-0.01056696531820735,0.07031476672391636,0.040748083764517086,72634dcc781a73924789bc5bae1a16cbd8147518aedfbde1b87dfa9e7a22ec63
train_confirm_ddpg_on_warmup5000_seed3,3,DDPG,last,validation_1016,last2,201,False,1.0,1.0,1.0,0.48258706467661694,0.48258706467661694,[],0.0744479263085669,-0.01056696531820735,0.07031476672391636,0.040748083764517086,72634dcc781a73924789bc5bae1a16cbd8147518aedfbde1b87dfa9e7a22ec63
train_confirm_ddpg_on_warmup5000_seed3,3,DDPG,last,validation_1017,all,1001,False,0.7912087912087912,0.7562437562437563,0.9310689310689311,0.38461538461538464,0.3106893106893107,[],0.07443230730902745,-0.008334934067598245,0.07017342642970206,0.04168743009062119,7a4c0244b86cb757a4a8b1db731044a8fc50fb3b1225c44cbf81cd9a0b969081
train_confirm_ddpg_on_warmup5000_seed3,3,DDPG,last,validation_1017,last2,201,False,1.0,1.0,1.0,0.47761194029850745,0.47761194029850745,[],0.07443230730902745,-0.008334934067598245,0.07017342642970206,0.04168743009062119,7a4c0244b86cb757a4a8b1db731044a8fc50fb3b1225c44cbf81cd9a0b969081
train_confirm_ddpg_on_warmup5000_seed3,3,DDPG,last,validation_1018,all,1001,False,0.7922077922077922,0.7572427572427572,0.9310689310689311,0.3836163836163836,0.3106893106893107,[],0.07460277833453102,-0.0005279713502575951,0.06977644817049745,0.04526776922839531,de20b31f7dfe060a8011e746ecccab023010dde49ded03e0ad8904c112fefa43
train_confirm_ddpg_on_warmup5000_seed3,3,DDPG,last,validation_1018,last2,201,False,1.0,1.0,1.0,0.47761194029850745,0.47761194029850745,[],0.07460277833453102,-0.0005279713502575951,0.06977644817049745,0.04526776922839531,de20b31f7dfe060a8011e746ecccab023010dde49ded03e0ad8904c112fefa43
train_confirm_ddpg_on_warmup5000_seed3,3,DDPG,last,validation_1019,all,1001,False,0.7902097902097902,0.7572427572427572,0.9270729270729271,0.3906093906093906,0.3126873126873127,[],0.07380388498639247,-0.033524265933957416,0.07139891050727899,0.030163144755282548,f54749f5f58b8f08ab517881940cad08c9a10007ca5665f93921a18a54d9c651
train_confirm_ddpg_on_warmup5000_seed3,3,DDPG,last,validation_1019,last2,201,False,1.0,1.0,1.0,0.48258706467661694,0.48258706467661694,[],0.07380388498639247,-0.033524265933957416,0.07139891050727899,0.030163144755282548,f54749f5f58b8f08ab517881940cad08c9a10007ca5665f93921a18a54d9c651
train_confirm_ddpg_on_warmup5000_seed4,4,DDPG,best,validation_1000,all,1001,False,0.17282717282717283,0.1928071928071928,0.8561438561438561,0.3886113886113886,0.13386613386613386,"[""angle"", ""omega""]",-0.1829481437739304,0.18845215301498291,-1.0688131272848347,-0.8997152556638175,52cb131d678cc78928d45655d564fbe17859a21123c082a27d5b147fbc725c55
train_confirm_ddpg_on_warmup5000_seed4,4,DDPG,best,validation_1000,last2,201,False,0.31840796019900497,0.26865671641791045,0.8557213930348259,0.5024875621890548,0.24875621890547264,"[""angle"", ""omega""]",-0.1829481437739304,0.18845215301498291,-1.0688131272848347,-0.8997152556638175,52cb131d678cc78928d45655d564fbe17859a21123c082a27d5b147fbc725c55
train_confirm_ddpg_on_warmup5000_seed4,4,DDPG,best,validation_1001,all,1001,False,0.1798201798201798,0.1958041958041958,0.8581418581418582,0.3856143856143856,0.13986013986013987,"[""angle"", ""omega""]",-0.18673767754391737,-0.10705859779481525,-1.1047175272760068,1.896245942143441,b01dbff79ef1b2ea3d835f93f567e07dd5a8c91f44ab2c420d78c1cd11a2b743
train_confirm_ddpg_on_warmup5000_seed4,4,DDPG,best,validation_1001,last2,201,False,0.3482587064676617,0.2835820895522388,0.8606965174129353,0.48258706467661694,0.2736318407960199,"[""angle"", ""omega""]",-0.18673767754391737,-0.10705859779481525,-1.1047175272760068,1.896245942143441,b01dbff79ef1b2ea3d835f93f567e07dd5a8c91f44ab2c420d78c1cd11a2b743
train_confirm_ddpg_on_warmup5000_seed4,4,DDPG,best,validation_1002,all,1001,False,0.18981018981018982,0.2057942057942058,0.8571428571428571,0.3886113886113886,0.14985014985014986,"[""angle"", ""omega""]",-0.1853366540956823,0.1147830473700015,-1.4136143449750749,6.230086265033611,aad3000089fea3f2f64c87a18c09e0445426d6969a2c0be409e922efa6aac73b
train_confirm_ddpg_on_warmup5000_seed4,4,DDPG,best,validation_1002,last2,201,False,0.4129353233830846,0.3383084577114428,0.8557213930348259,0.5074626865671642,0.3283582089552239,"[""angle"", ""omega""]",-0.1853366540956823,0.1147830473700015,-1.4136143449750749,6.230086265033611,aad3000089fea3f2f64c87a18c09e0445426d6969a2c0be409e922efa6aac73b
train_confirm_ddpg_on_warmup5000_seed4,4,DDPG,best,validation_1003,all,1001,False,0.1918081918081918,0.2037962037962038,0.8581418581418582,0.3876123876123876,0.14985014985014986,"[""angle"", ""omega""]",-0.18637774441108074,0.158783036375817,-1.4820982411079884,6.825385487365837,01724eec24b20da24db5880531ac496317a10babf8cff31a004dc4e42d0abe33
train_confirm_ddpg_on_warmup5000_seed4,4,DDPG,best,validation_1003,last2,201,False,0.373134328358209,0.29850746268656714,0.8557213930348259,0.4626865671641791,0.2885572139303483,"[""angle"", ""omega""]",-0.18637774441108074,0.158783036375817,-1.4820982411079884,6.825385487365837,01724eec24b20da24db5880531ac496317a10babf8cff31a004dc4e42d0abe33
train_confirm_ddpg_on_warmup5000_seed4,4,DDPG,best,validation_1004,all,1001,False,0.1958041958041958,0.20679320679320679,0.8571428571428571,0.3886113886113886,0.15284715284715283,"[""angle"", ""omega"", ""v""]",-0.19002475825308202,0.2268152652804043,-1.6091996135060966,7.7782384716080575,cac841daea6902491c770fb3048a78c2a886780150d3bc69fa860f40ab468eeb
train_confirm_ddpg_on_warmup5000_seed4,4,DDPG,best,validation_1004,last2,201,False,0.4079601990049751,0.3333333333333333,0.8557213930348259,0.48756218905472637,0.32338308457711445,"[""angle"", ""omega"", ""v""]",-0.19002475825308202,0.2268152652804043,-1.6091996135060966,7.7782384716080575,cac841daea6902491c770fb3048a78c2a886780150d3bc69fa860f40ab468eeb
train_confirm_ddpg_on_warmup5000_seed4,4,DDPG,best,validation_1005,all,1001,False,0.19480519480519481,0.2087912087912088,0.8581418581418582,0.3906093906093906,0.15384615384615385,"[""angle"", ""omega"", ""v""]",-0.1959414200747147,0.3133654044189503,-1.7907135639596847,8.893585085022005,c800e235a188caf5e5679f7373e63f5a5e88b434faaba14b4dbcd775d49ba7e4
train_confirm_ddpg_on_warmup5000_seed4,4,DDPG,best,validation_1005,last2,201,False,0.4129353233830846,0.3383084577114428,0.8557213930348259,0.4925373134328358,0.3283582089552239,"[""angle"", ""omega"", ""v""]",-0.1959414200747147,0.3133654044189503,-1.7907135639596847,8.893585085022005,c800e235a188caf5e5679f7373e63f5a5e88b434faaba14b4dbcd775d49ba7e4
train_confirm_ddpg_on_warmup5000_seed4,4,DDPG,best,validation_1006,all,1001,False,0.1918081918081918,0.2047952047952048,0.8561438561438561,0.3876123876123876,0.14985014985014986,"[""angle"", ""omega"", ""v""]",-0.18874638530167454,0.2050157346490068,-1.5666220072822206,7.476494361199011,1a19c1eb0387085fc0d2c718a6ae24644f39b81e4e290a41f4f998d21005fb99
train_confirm_ddpg_on_warmup5000_seed4,4,DDPG,best,validation_1006,last2,201,False,0.39303482587064675,0.31840796019900497,0.8557213930348259,0.47761194029850745,0.31343283582089554,"[""angle"", ""omega"", ""v""]",-0.18874638530167454,0.2050157346490068,-1.5666220072822206,7.476494361199011,1a19c1eb0387085fc0d2c718a6ae24644f39b81e4e290a41f4f998d21005fb99
train_confirm_ddpg_on_warmup5000_seed4,4,DDPG,best,validation_1007,all,1001,False,0.1798201798201798,0.19480519480519481,0.8571428571428571,0.38961038961038963,0.13986013986013987,"[""angle"", ""omega""]",-0.18866089774227235,0.026368625421683063,-1.0618304522261144,0.594129673148657,155b7b307a50fd2fa64de3c089f9d03ba891fc8ca7e2a6ef588ef82698ed07df
train_confirm_ddpg_on_warmup5000_seed4,4,DDPG,best,validation_1007,last2,201,False,0.38308457711442784,0.30845771144278605,0.8557213930348259,0.5323383084577115,0.29850746268656714,"[""angle"", ""omega""]",-0.18866089774227235,0.026368625421683063,-1.0618304522261144,0.594129673148657,155b7b307a50fd2fa64de3c089f9d03ba891fc8ca7e2a6ef588ef82698ed07df
train_confirm_ddpg_on_warmup5000_seed4,4,DDPG,best,validation_1008,all,1001,False,0.17282717282717283,0.1928071928071928,0.8571428571428571,0.3876123876123876,0.13486513486513488,"[""angle"", ""omega"", ""v""]",-0.18027243481996885,0.25053069721519705,-1.0870250169182238,-1.4959201699057358,2af0f2b4fd57697b9bd351f5b3da69eec8412dba2f54acc6e67aebb2eb58443c
train_confirm_ddpg_on_warmup5000_seed4,4,DDPG,best,validation_1008,last2,201,False,0.34328358208955223,0.2935323383084577,0.8557213930348259,0.5124378109452736,0.26865671641791045,"[""angle"", ""omega"", ""v""]",-0.18027243481996885,0.25053069721519705,-1.0870250169182238,-1.4959201699057358,2af0f2b4fd57697b9bd351f5b3da69eec8412dba2f54acc6e67aebb2eb58443c
train_confirm_ddpg_on_warmup5000_seed4,4,DDPG,best,validation_1009,all,1001,False,0.19880119880119881,0.2087912087912088,0.8561438561438561,0.3926073926073926,0.15384615384615385,"[""angle"", ""omega"", ""x"", ""v""]",-0.2015744638903905,0.3841671679268559,-1.948493424708019,9.658466262710496,9fa0ee29f8f6df56f5078e67a4f116f7aa4e9dc0723bb2147c42c36866eea5c6
train_confirm_ddpg_on_warmup5000_seed4,4,DDPG,best,validation_1009,last2,201,False,0.3781094527363184,0.3034825870646766,0.8557213930348259,0.4577114427860697,0.2935323383084577,"[""angle"", ""omega"", ""x"", ""v""]",-0.2015744638903905,0.3841671679268559,-1.948493424708019,9.658466262710496,9fa0ee29f8f6df56f5078e67a4f116f7aa4e9dc0723bb2147c42c36866eea5c6
train_confirm_ddpg_on_warmup5000_seed4,4,DDPG,best,validation_1010,all,1001,False,0.27472527472527475,0.2867132867132867,0.8851148851148851,0.46353646353646355,0.23476523476523475,[],0.1462695121019494,-0.16942494752433646,0.1166231098470887,0.42971460797946376,2de15934ec095e97fd9df2ab523c836e9bcbbe0855d6cc4b0ac83a2dc36c7346
train_confirm_ddpg_on_warmup5000_seed4,4,DDPG,best,validation_1010,last2,201,False,0.7263681592039801,0.6716417910447762,1.0,0.7910447761194029,0.6716417910447762,[],0.1462695121019494,-0.16942494752433646,0.1166231098470887,0.42971460797946376,2de15934ec095e97fd9df2ab523c836e9bcbbe0855d6cc4b0ac83a2dc36c7346
train_confirm_ddpg_on_warmup5000_seed4,4,DDPG,best,validation_1011,all,1001,False,0.16683316683316685,0.1878121878121878,0.8571428571428571,0.3806193806193806,0.12887112887112886,"[""angle"", ""omega"", ""v""]",-0.1605782082103095,0.4259419947764291,-1.2269688190391894,-3.763568672206428,71687548f3fca34d327f7fd9fe66faaf18ac430bf8c36152067ccf1cf729a07e
train_confirm_ddpg_on_warmup5000_seed4,4,DDPG,best,validation_1011,last2,201,False,0.31343283582089554,0.263681592039801,0.8557213930348259,0.4975124378109453,0.24378109452736318,"[""angle"", ""omega"", ""v""]",-0.1605782082103095,0.4259419947764291,-1.2269688190391894,-3.763568672206428,71687548f3fca34d327f7fd9fe66faaf18ac430bf8c36152067ccf1cf729a07e
train_confirm_ddpg_on_warmup5000_seed4,4,DDPG,best,validation_1012,all,1001,False,0.18081918081918083,0.1978021978021978,0.8571428571428571,0.3886113886113886,0.14185814185814186,"[""angle"", ""omega""]",-0.1863335709835217,-0.11495031535582353,-1.1114190606248395,2.012741958785812,e73c9c51647814cc820891d4b657c71ce993c0574bf6673f2136d5b9e9917507
train_confirm_ddpg_on_warmup5000_seed4,4,DDPG,best,validation_1012,last2,201,False,0.35323383084577115,0.2885572139303483,0.8557213930348259,0.4925373134328358,0.27860696517412936,"[""angle"", ""omega""]",-0.1863335709835217,-0.11495031535582353,-1.1114190606248395,2.012741958785812,e73c9c51647814cc820891d4b657c71ce993c0574bf6673f2136d5b9e9917507
train_confirm_ddpg_on_warmup5000_seed4,4,DDPG,best,validation_1013,all,1001,False,0.1938061938061938,0.2057942057942058,0.8601398601398601,0.3916083916083916,0.15284715284715283,"[""angle"", ""omega"", ""x"", ""v""]",-0.20804809785736492,0.436395042814059,-2.098855925777398,10.268037826586363,211409e24fbdd4eb8ffc8ae978db5de4f4c766e38e59b9e35834b3d04638e1b5
train_confirm_ddpg_on_warmup5000_seed4,4,DDPG,best,validation_1013,last2,201,False,0.4129353233830846,0.3383084577114428,0.8656716417910447,0.4925373134328358,0.3283582089552239,"[""angle"", ""omega"", ""x"", ""v""]",-0.20804809785736492,0.436395042814059,-2.098855925777398,10.268037826586363,211409e24fbdd4eb8ffc8ae978db5de4f4c766e38e59b9e35834b3d04638e1b5
train_confirm_ddpg_on_warmup5000_seed4,4,DDPG,best,validation_1014,all,1001,False,0.16983016983016982,0.1938061938061938,0.8581418581418582,0.3866133866133866,0.13186813186813187,"[""angle"", ""omega"", ""v""]",-0.1730551893358509,0.3391670723121229,-1.130510686847809,-2.373706671786313,fea8f4f2a51d6c714ee88e9aef4dcaafdc030a6d53f3e468f11ed907ec796314
train_confirm_ddpg_on_warmup5000_seed4,4,DDPG,best,validation_1014,last2,201,False,0.3283582089552239,0.27860696517412936,0.8557213930348259,0.5074626865671642,0.2537313432835821,"[""angle"", ""omega"", ""v""]",-0.1730551893358509,0.3391670723121229,-1.130510686847809,-2.373706671786313,fea8f4f2a51d6c714ee88e9aef4dcaafdc030a6d53f3e468f11ed907ec796314
train_confirm_ddpg_on_warmup5000_seed4,4,DDPG,best,validation_1015,all,1001,False,0.1878121878121878,0.2047952047952048,0.8571428571428571,0.3886113886113886,0.14785214785214784,"[""angle"", ""omega""]",-0.18405204692734878,0.04449662095764204,-1.3136290299219329,5.213730470732744,84969e5c48c2277a7c4310a860f5b76c025c0aecc58ea543b558d87988f3ac17
train_confirm_ddpg_on_warmup5000_seed4,4,DDPG,best,validation_1015,last2,201,False,0.4228855721393035,0.3482587064676617,0.8557213930348259,0.5223880597014925,0.3383084577114428,"[""angle"", ""omega""]",-0.18405204692734878,0.04449662095764204,-1.3136290299219329,5.213730470732744,84969e5c48c2277a7c4310a860f5b76c025c0aecc58ea543b558d87988f3ac17
train_confirm_ddpg_on_warmup5000_seed4,4,DDPG,best,validation_1016,all,1001,False,0.1838161838161838,0.1998001998001998,0.8581418581418582,0.38961038961038963,0.14385614385614387,"[""angle"", ""omega""]",-0.1854350351354803,-0.11749863903608979,-1.1473439236367324,2.7886735624704153,31112888cf971826c2e53317a5f15fe56db1d1811fe7d0684944177ef938cf4a
train_confirm_ddpg_on_warmup5000_seed4,4,DDPG,best,validation_1016,last2,201,False,0.40298507462686567,0.3283582089552239,0.8606965174129353,0.527363184079602,0.31840796019900497,"[""angle"", ""omega""]",-0.1854350351354803,-0.11749863903608979,-1.1473439236367324,2.7886735624704153,31112888cf971826c2e53317a5f15fe56db1d1811fe7d0684944177ef938cf4a
train_confirm_ddpg_on_warmup5000_seed4,4,DDPG,best,validation_1017,all,1001,False,0.1928071928071928,0.2007992007992008,0.8561438561438561,0.3926073926073926,0.15184815184815184,"[""angle"", ""omega"", ""x"", ""v""]",-0.2040977957628698,0.40589722691562324,-2.0079105078940724,9.914716064773572,e2bc59cb47301aa21e8f9d31ceed814c413a9f590cca60a5d280aec4d81e9f1b
train_confirm_ddpg_on_warmup5000_seed4,4,DDPG,best,validation_1017,last2,201,False,0.3880597014925373,0.31840796019900497,0.8606965174129353,0.472636815920398,0.30845771144278605,"[""angle"", ""omega"", ""x"", ""v""]",-0.2040977957628698,0.40589722691562324,-2.0079105078940724,9.914716064773572,e2bc59cb47301aa21e8f9d31ceed814c413a9f590cca60a5d280aec4d81e9f1b
train_confirm_ddpg_on_warmup5000_seed4,4,DDPG,best,validation_1018,all,1001,False,0.1998001998001998,0.2137862137862138,0.8611388611388612,0.3946053946053946,0.15684315684315683,"[""angle"", ""omega"", ""x"", ""v""]",-0.21836311654303528,0.4154415508409133,-2.3534861258224793,11.372883615766002,624f212921622fa49dca097a1c74734e7a2638e581ad27d99bc58c3095f7632e
train_confirm_ddpg_on_warmup5000_seed4,4,DDPG,best,validation_1018,last2,201,False,0.40298507462686567,0.3283582089552239,0.8756218905472637,0.48258706467661694,0.31840796019900497,"[""angle"", ""omega"", ""x"", ""v""]",-0.21836311654303528,0.4154415508409133,-2.3534861258224793,11.372883615766002,624f212921622fa49dca097a1c74734e7a2638e581ad27d99bc58c3095f7632e
train_confirm_ddpg_on_warmup5000_seed4,4,DDPG,best,validation_1019,all,1001,False,0.17782217782217782,0.1978021978021978,0.8571428571428571,0.38961038961038963,0.13886113886113885,"[""angle""]",-0.1877456251726746,0.07754261554929687,-1.0586639874086212,0.10848285004571206,38f12862f816b76b74972f4b9fdd155578001fce020da9b0955d68285938ae3f
train_confirm_ddpg_on_warmup5000_seed4,4,DDPG,best,validation_1019,last2,201,False,0.373134328358209,0.31343283582089554,0.8557213930348259,0.5323383084577115,0.2935323383084577,"[""angle""]",-0.1877456251726746,0.07754261554929687,-1.0586639874086212,0.10848285004571206,38f12862f816b76b74972f4b9fdd155578001fce020da9b0955d68285938ae3f
train_confirm_ddpg_on_warmup5000_seed4,4,DDPG,last,validation_1000,all,1001,False,0.3206793206793207,0.11788211788211789,0.7432567432567433,0.43956043956043955,0.02097902097902098,"[""omega""]",0.08404439798064178,0.1419058602807367,0.033407973378957734,-0.7890881059861544,6ea3a5430d1e9ae5750835f3fa7869f84c09d0db9942c1239b3f56d42945fcb4
train_confirm_ddpg_on_warmup5000_seed4,4,DDPG,last,validation_1000,last2,201,False,0.36318407960199006,0.05970149253731343,0.7661691542288557,0.4228855721393035,0.0,"[""omega""]",0.08404439798064178,0.1419058602807367,0.033407973378957734,-0.7890881059861544,6ea3a5430d1e9ae5750835f3fa7869f84c09d0db9942c1239b3f56d42945fcb4
train_confirm_ddpg_on_warmup5000_seed4,4,DDPG,last,validation_1001,all,1001,False,0.2947052947052947,0.08091908091908091,0.7322677322677322,0.40559440559440557,0.0,"[""angle"", ""omega"", ""x""]",0.2393115059300932,-0.06284814785291097,-0.45366940618444096,-5.023255995678848,9e933393a9cde30efc843f014e1f4b3ea7f1a27a96c63885285673a93bc75170
train_confirm_ddpg_on_warmup5000_seed4,4,DDPG,last,validation_1001,last2,201,False,0.5870646766169154,0.10945273631840796,0.7512437810945274,0.47761194029850745,0.0,"[""angle"", ""omega"", ""x""]",0.2393115059300932,-0.06284814785291097,-0.45366940618444096,-5.023255995678848,9e933393a9cde30efc843f014e1f4b3ea7f1a27a96c63885285673a93bc75170
train_confirm_ddpg_on_warmup5000_seed4,4,DDPG,last,validation_1002,all,1001,False,0.34265734265734266,0.16583416583416583,0.7412587412587412,0.4305694305694306,0.054945054945054944,"[""angle"", ""omega"", ""v""]",0.1343832665429829,-0.5313585800767029,2.529781177611978,-14.76007868822953,c34e3b20ae028945677cb5468bb0b12a40115726e015f381550f151f4bbc1a2c
train_confirm_ddpg_on_warmup5000_seed4,4,DDPG,last,validation_1002,last2,201,False,0.472636815920398,0.11940298507462686,0.6766169154228856,0.3582089552238806,0.0,"[""angle"", ""omega"", ""v""]",0.1343832665429829,-0.5313585800767029,2.529781177611978,-14.76007868822953,c34e3b20ae028945677cb5468bb0b12a40115726e015f381550f151f4bbc1a2c
train_confirm_ddpg_on_warmup5000_seed4,4,DDPG,last,validation_1003,all,1001,False,0.34665334665334663,0.15684315684315683,0.7412587412587412,0.44655344655344653,0.052947052947052944,"[""angle"", ""omega"", ""v""]",0.13392663014428657,-0.5325062582287166,2.5199297311517284,-14.736153383677484,bb87d5bf2b829e061158ca3373589dd95d08fb9c6d97169d2a9c0e1b206ba232
train_confirm_ddpg_on_warmup5000_seed4,4,DDPG,last,validation_1003,last2,201,False,0.472636815920398,0.10945273631840796,0.6716417910447762,0.35323383084577115,0.0,"[""angle"", ""omega"", ""v""]",0.13392663014428657,-0.5325062582287166,2.5199297311517284,-14.736153383677484,bb87d5bf2b829e061158ca3373589dd95d08fb9c6d97169d2a9c0e1b206ba232
train_confirm_ddpg_on_warmup5000_seed4,4,DDPG,last,validation_1004,all,1001,False,0.3166833166833167,0.1028971028971029,0.7462537462537463,0.41058941058941056,0.0,"[""omega"", ""v""]",0.11475752711979019,0.23107017424901435,-0.08891420746868893,-0.5975802182272455,c1a251a31d16c0c166644857c04ea2c9b3e071bc22205b39883dc046f498b440
train_confirm_ddpg_on_warmup5000_seed4,4,DDPG,last,validation_1004,last2,201,False,0.44776119402985076,0.05970149253731343,0.835820895522388,0.47761194029850745,0.0,"[""omega"", ""v""]",0.11475752711979019,0.23107017424901435,-0.08891420746868893,-0.5975802182272455,c1a251a31d16c0c166644857c04ea2c9b3e071bc22205b39883dc046f498b440
train_confirm_ddpg_on_warmup5000_seed4,4,DDPG,last,validation_1005,all,1001,False,0.3166833166833167,0.0989010989010989,0.7472527472527473,0.41058941058941056,0.0,"[""v""]",0.14803143655489612,0.47940075982853736,-0.12602169891089918,0.13931312906915935,ba70e3fa5fa1c9ad4613f907a72745be5d3fa31b2c372a175a0ec3842a2d2d6c
train_confirm_ddpg_on_warmup5000_seed4,4,DDPG,last,validation_1005,last2,201,False,0.5024875621890548,0.08955223880597014,0.835820895522388,0.47761194029850745,0.0,"[""v""]",0.14803143655489612,0.47940075982853736,-0.12602169891089918,0.13931312906915935,ba70e3fa5fa1c9ad4613f907a72745be5d3fa31b2c372a175a0ec3842a2d2d6c
train_confirm_ddpg_on_warmup5000_seed4,4,DDPG,last,validation_1006,all,1001,False,0.3196803196803197,0.1018981018981019,0.7472527472527473,0.4125874125874126,0.0,"[""omega"", ""v""]",0.12333169324127363,0.2731672943302942,-0.10919858529876923,-0.5582961003969421,73bdc80598eeb74b384f407795f7761826067dad2ba78a8d9fb7f3b1f6d59d7e
train_confirm_ddpg_on_warmup5000_seed4,4,DDPG,last,validation_1006,last2,201,False,0.46766169154228854,0.05970149253731343,0.835820895522388,0.48258706467661694,0.0,"[""omega"", ""v""]",0.12333169324127363,0.2731672943302942,-0.10919858529876923,-0.5582961003969421,73bdc80598eeb74b384f407795f7761826067dad2ba78a8d9fb7f3b1f6d59d7e
train_confirm_ddpg_on_warmup5000_seed4,4,DDPG,last,validation_1007,all,1001,False,0.3436563436563437,0.16983016983016982,0.7442557442557443,0.43156843156843155,0.054945054945054944,"[""angle"", ""omega"", ""v""]",0.13291000452120502,-0.5339422475644642,2.496424466145258,-14.679768985046811,44a6460ad5859b670cb389a58aad939e94ed31220fffb7359f4027d87b8567fe
train_confirm_ddpg_on_warmup5000_seed4,4,DDPG,last,validation_1007,last2,201,False,0.472636815920398,0.12437810945273632,0.6766169154228856,0.35323383084577115,0.0,"[""angle"", ""omega"", ""v""]",0.13291000452120502,-0.5339422475644642,2.496424466145258,-14.679768985046811,44a6460ad5859b670cb389a58aad939e94ed31220fffb7359f4027d87b8567fe
train_confirm_ddpg_on_warmup5000_seed4,4,DDPG,last,validation_1008,all,1001,False,0.2857142857142857,0.07992007992007992,0.7212787212787213,0.3926073926073926,0.0,"[""angle"", ""omega"", ""v""]",0.19822970220240255,-0.45955550998247524,-1.9355739834950672,-13.090503187277337,0ce607baa658096a51584a9aaf27993a104666a5715b366e5dbf34fae5b5ccb5
train_confirm_ddpg_on_warmup5000_seed4,4,DDPG,last,validation_1008,last2,201,False,0.5323383084577115,0.12437810945273632,0.6716417910447762,0.417910447761194,0.0,"[""angle"", ""omega"", ""v""]",0.19822970220240255,-0.45955550998247524,-1.9355739834950672,-13.090503187277337,0ce607baa658096a51584a9aaf27993a104666a5715b366e5dbf34fae5b5ccb5
train_confirm_ddpg_on_warmup5000_seed4,4,DDPG,last,validation_1009,all,1001,False,0.3026973026973027,0.0919080919080919,0.7352647352647352,0.3986013986013986,0.0,"[""angle"", ""omega"", ""x""]",0.23993912225605793,-0.01089363750982314,-0.39164909313556484,-4.46747242278501,beab285f8aa36ebc309b5476a6bc8edd77225d7fb50cc086dbcb42caefac99a2
train_confirm_ddpg_on_warmup5000_seed4,4,DDPG,last,validation_1009,last2,201,False,0.5870646766169154,0.11940298507462686,0.7562189054726368,0.47761194029850745,0.0,"[""angle"", ""omega"", ""x""]",0.23993912225605793,-0.01089363750982314,-0.39164909313556484,-4.46747242278501,beab285f8aa36ebc309b5476a6bc8edd77225d7fb50cc086dbcb42caefac99a2
train_confirm_ddpg_on_warmup5000_seed4,4,DDPG,last,validation_1010,all,1001,False,0.34065934065934067,0.16183816183816183,0.7412587412587412,0.4275724275724276,0.053946053946053944,"[""angle"", ""omega"", ""v""]",0.12511208573992033,-0.5340276179499116,2.2711320467830993,-14.09176256541035,882c9a0447031bf7a98b9766aa7f99f91f7b4e974c8c08d5b938cf0349d086b4
train_confirm_ddpg_on_warmup5000_seed4,4,DDPG,last,validation_1010,last2,201,False,0.4626865671641791,0.12437810945273632,0.6766169154228856,0.3482587064676617,0.0,"[""angle"", ""omega"", ""v""]",0.12511208573992033,-0.5340276179499116,2.2711320467830993,-14.09176256541035,882c9a0447031bf7a98b9766aa7f99f91f7b4e974c8c08d5b938cf0349d086b4
train_confirm_ddpg_on_warmup5000_seed4,4,DDPG,last,validation_1011,all,1001,False,0.31868131868131866,0.1008991008991009,0.7472527472527473,0.4005994005994006,0.0,"[""v""]",0.192170767278032,0.6185675885851362,-0.08341464406488319,0.46913603078690014,2f52e4465381b2104b191f76c02638337dd27c8b199697d48af6a8cd3f027b1c
train_confirm_ddpg_on_warmup5000_seed4,4,DDPG,last,validation_1011,last2,201,False,0.5373134328358209,0.10945273631840796,0.835820895522388,0.48258706467661694,0.0,"[""v""]",0.192170767278032,0.6185675885851362,-0.08341464406488319,0.46913603078690014,2f52e4465381b2104b191f76c02638337dd27c8b199697d48af6a8cd3f027b1c
train_confirm_ddpg_on_warmup5000_seed4,4,DDPG,last,validation_1012,all,1001,False,0.28771228771228774,0.08191808191808192,0.7282717282717283,0.39760239760239763,0.0,"[""angle"", ""omega"", ""x"", ""v""]",0.20542600953687834,-0.38971789140658364,-1.71255858715397,-12.258007428938186,319e66303221edae6ff0ad005b31a371420e645bbda31dc2b66186036179724b
train_confirm_ddpg_on_warmup5000_seed4,4,DDPG,last,validation_1012,last2,201,False,0.5422885572139303,0.11940298507462686,0.681592039800995,0.42786069651741293,0.0,"[""angle"", ""omega"", ""x"", ""v""]",0.20542600953687834,-0.38971789140658364,-1.71255858715397,-12.258007428938186,319e66303221edae6ff0ad005b31a371420e645bbda31dc2b66186036179724b
train_confirm_ddpg_on_warmup5000_seed4,4,DDPG,last,validation_1013,all,1001,False,0.34965034965034963,0.17582417582417584,0.7412587412587412,0.45054945054945056,0.06793206793206794,"[""angle"", ""omega"", ""v""]",0.16180207176380276,-0.5016609098894381,-2.913914193334718,-15.460581955299288,20b044efa5b4ccc83878f0d480853ac15ea7b3ac0112eb37628f6ebe09535c3f
train_confirm_ddpg_on_warmup5000_seed4,4,DDPG,last,validation_1013,last2,201,False,0.4925373134328358,0.12437810945273632,0.681592039800995,0.3781094527363184,0.0,"[""angle"", ""omega"", ""v""]",0.16180207176380276,-0.5016609098894381,-2.913914193334718,-15.460581955299288,20b044efa5b4ccc83878f0d480853ac15ea7b3ac0112eb37628f6ebe09535c3f
train_confirm_ddpg_on_warmup5000_seed4,4,DDPG,last,validation_1014,all,1001,False,0.34165834165834164,0.16383616383616384,0.7412587412587412,0.43156843156843155,0.054945054945054944,"[""angle"", ""omega"", ""v""]",0.11676535739420016,-0.5139952603286875,2.0688051240623166,-13.492561175105811,3338a1850d37686a13aecf3e6e08c2197f6a988d9254f6635e2e938892812939
train_confirm_ddpg_on_warmup5000_seed4,4,DDPG,last,validation_1014,last2,201,False,0.4577114427860697,0.12437810945273632,0.6766169154228856,0.34328358208955223,0.0,"[""angle"", ""omega"", ""v""]",0.11676535739420016,-0.5139952603286875,2.0688051240623166,-13.492561175105811,3338a1850d37686a13aecf3e6e08c2197f6a988d9254f6635e2e938892812939
train_confirm_ddpg_on_warmup5000_seed4,4,DDPG,last,validation_1015,all,1001,False,0.34065934065934067,0.16383616383616384,0.7422577422577422,0.4355644355644356,0.054945054945054944,"[""angle"", ""omega"", ""v""]",0.1195646639500115,-0.5239144495452372,2.136862684673671,-13.69570392317177,fb15ef3fe29352d825b40b8c19e06f744a4d418a735b1fa02da299bcda0c4e83
train_confirm_ddpg_on_warmup5000_seed4,4,DDPG,last,validation_1015,last2,201,False,0.4527363184079602,0.11940298507462686,0.6766169154228856,0.3383084577114428,0.0,"[""angle"", ""omega"", ""v""]",0.1195646639500115,-0.5239144495452372,2.136862684673671,-13.69570392317177,fb15ef3fe29352d825b40b8c19e06f744a4d418a735b1fa02da299bcda0c4e83
train_confirm_ddpg_on_warmup5000_seed4,4,DDPG,last,validation_1016,all,1001,False,0.3156843156843157,0.12487512487512488,0.7442557442557443,0.43656343656343655,0.025974025974025976,"[""omega""]",0.0816424777411445,0.13901851978711777,0.04715223204975538,-0.848464613328264,618040dac705c4ac97b520d7149bd747ba8795202bcb6d813dc9e7697e93649a
train_confirm_ddpg_on_warmup5000_seed4,4,DDPG,last,validation_1016,last2,201,False,0.35323383084577115,0.05472636815920398,0.7562189054726368,0.4228855721393035,0.0,"[""omega""]",0.0816424777411445,0.13901851978711777,0.04715223204975538,-0.848464613328264,618040dac705c4ac97b520d7149bd747ba8795202bcb6d813dc9e7697e93649a
train_confirm_ddpg_on_warmup5000_seed4,4,DDPG,last,validation_1017,all,1001,False,0.34065934065934067,0.15884115884115885,0.7422577422577422,0.43656343656343655,0.052947052947052944,"[""angle"", ""omega"", ""v""]",0.08400734633166419,-0.3672489957512745,1.1832157904761131,-9.527322017569103,5297a4568db80bfc3849d56fc1b07ea9f5c9844d05ba1480a10eda2300977eb9
train_confirm_ddpg_on_warmup5000_seed4,4,DDPG,last,validation_1017,last2,201,False,0.417910447761194,0.12437810945273632,0.6766169154228856,0.3333333333333333,0.0,"[""angle"", ""omega"", ""v""]",0.08400734633166419,-0.3672489957512745,1.1832157904761131,-9.527322017569103,5297a4568db80bfc3849d56fc1b07ea9f5c9844d05ba1480a10eda2300977eb9
train_confirm_ddpg_on_warmup5000_seed4,4,DDPG,last,validation_1018,all,1001,False,0.34565434565434566,0.16583416583416583,0.7412587412587412,0.4385614385614386,0.054945054945054944,"[""angle"", ""omega"", ""v""]",0.14343786167032352,-0.5005253136255731,2.800370680870928,-15.365179159079238,e4a20edcb0e6412c378b7f1ce6ed360d75762b25dfd0c7b0e109277150ee1951
train_confirm_ddpg_on_warmup5000_seed4,4,DDPG,last,validation_1018,last2,201,False,0.48258706467661694,0.11940298507462686,0.6716417910447762,0.36318407960199006,0.0,"[""angle"", ""omega"", ""v""]",0.14343786167032352,-0.5005253136255731,2.800370680870928,-15.365179159079238,e4a20edcb0e6412c378b7f1ce6ed360d75762b25dfd0c7b0e109277150ee1951
train_confirm_ddpg_on_warmup5000_seed4,4,DDPG,last,validation_1019,all,1001,False,0.32167832167832167,0.13886113886113885,0.7442557442557443,0.43456543456543456,0.03896103896103896,"[""angle"", ""omega""]",0.05932894534020697,0.1500247988647971,0.25627847542582793,-1.9889251274588493,5cbd885d552b25e0143452f366750e090dd9a28dfd0e2bb586a0b1d051ec7623
train_confirm_ddpg_on_warmup5000_seed4,4,DDPG,last,validation_1019,last2,201,False,0.3333333333333333,0.06467661691542288,0.681592039800995,0.3781094527363184,0.0,"[""angle"", ""omega""]",0.05932894534020697,0.1500247988647971,0.25627847542582793,-1.9889251274588493,5cbd885d552b25e0143452f366750e090dd9a28dfd0e2bb586a0b1d051ec7623
train_confirm_ddpg_on_warmup5000_seed5,5,DDPG,best,validation_1000,all,1001,False,0.8261738261738262,0.8241758241758241,0.972027972027972,0.8861138861138861,0.8061938061938062,[],-0.0886103904821618,-0.018712386896456067,6.020968035283027e-05,-0.00296753483139391,a9a781c25ab73427e861ffdae23e0759076a6bd3ba59fddf08f67632e282cf30
train_confirm_ddpg_on_warmup5000_seed5,5,DDPG,best,validation_1000,last2,201,False,1.0,1.0,1.0,1.0,1.0,[],-0.0886103904821618,-0.018712386896456067,6.020968035283027e-05,-0.00296753483139391,a9a781c25ab73427e861ffdae23e0759076a6bd3ba59fddf08f67632e282cf30
train_confirm_ddpg_on_warmup5000_seed5,5,DDPG,best,validation_1001,all,1001,False,0.8251748251748252,0.8221778221778222,0.972027972027972,0.8721278721278721,0.7932067932067932,[],-0.0891096712199117,-0.01903626618307626,-4.0359648309373096e-05,-0.00360254387171546,aa941eb7997e000f5565b8934262f40d103674751f566e0651dfe24c2644d3c5
train_confirm_ddpg_on_warmup5000_seed5,5,DDPG,best,validation_1001,last2,201,False,1.0,1.0,1.0,1.0,1.0,[],-0.0891096712199117,-0.01903626618307626,-4.0359648309373096e-05,-0.00360254387171546,aa941eb7997e000f5565b8934262f40d103674751f566e0651dfe24c2644d3c5
train_confirm_ddpg_on_warmup5000_seed5,5,DDPG,best,validation_1002,all,1001,False,0.8281718281718282,0.8251748251748252,0.972027972027972,0.8451548451548452,0.7822177822177823,[],-0.09135351463115045,-0.01994743576110633,-0.0006399414333928315,-0.005244736185504687,54c9a3cac0a6a8f00545edaf8d7b29d54244fb95f7becd2d2624dbf8d33e4923
train_confirm_ddpg_on_warmup5000_seed5,5,DDPG,best,validation_1002,last2,201,False,1.0,1.0,1.0,1.0,1.0,[],-0.09135351463115045,-0.01994743576110633,-0.0006399414333928315,-0.005244736185504687,54c9a3cac0a6a8f00545edaf8d7b29d54244fb95f7becd2d2624dbf8d33e4923
train_confirm_ddpg_on_warmup5000_seed5,5,DDPG,best,validation_1003,all,1001,False,0.8281718281718282,0.8241758241758241,0.972027972027972,0.8311688311688312,0.7822177822177823,[],-0.09444993153654536,-0.02003742273282535,-0.0016251933481494557,-0.005525785931430887,c1ecae6ca0e2356fc6ffd0198e6b737a41a7d2a57499de1c57db38975bd69b01
train_confirm_ddpg_on_warmup5000_seed5,5,DDPG,best,validation_1003,last2,201,False,1.0,1.0,1.0,1.0,1.0,[],-0.09444993153654536,-0.02003742273282535,-0.0016251933481494557,-0.005525785931430887,c1ecae6ca0e2356fc6ffd0198e6b737a41a7d2a57499de1c57db38975bd69b01
train_confirm_ddpg_on_warmup5000_seed5,5,DDPG,best,validation_1004,all,1001,False,0.8271728271728271,0.8211788211788211,0.972027972027972,0.8331668331668332,0.7842157842157842,[],-0.09872184949166421,-0.01755873529582263,-0.0029520295260680777,-0.00431075058765271,984394efc07f3f255268e8621af61d1cd8cd11c53a73f81c3a191a15b6c1b960
train_confirm_ddpg_on_warmup5000_seed5,5,DDPG,best,validation_1004,last2,201,False,1.0,1.0,1.0,1.0,1.0,[],-0.09872184949166421,-0.01755873529582263,-0.0029520295260680777,-0.00431075058765271,984394efc07f3f255268e8621af61d1cd8cd11c53a73f81c3a191a15b6c1b960
train_confirm_ddpg_on_warmup5000_seed5,5,DDPG,best,validation_1005,all,1001,False,0.8261738261738262,0.8221778221778222,0.972027972027972,0.8451548451548452,0.7802197802197802,[],-0.09106382712493423,-0.020098007738404977,-0.0005704252916076451,-0.005183756204883067,19b6b4cfa8090e5a93fc419a1e40e25f7d57a8f71f3a1a190f4c09ff354309a5
train_confirm_ddpg_on_warmup5000_seed5,5,DDPG,best,validation_1005,last2,201,False,1.0,1.0,1.0,1.0,1.0,[],-0.09106382712493423,-0.020098007738404977,-0.0005704252916076451,-0.005183756204883067,19b6b4cfa8090e5a93fc419a1e40e25f7d57a8f71f3a1a190f4c09ff354309a5
train_confirm_ddpg_on_warmup5000_seed5,5,DDPG,best,validation_1006,all,1001,False,0.8261738261738262,0.8221778221778222,0.971028971028971,0.8501498501498501,0.7812187812187812,[],-0.09045747267146202,-0.019858110236935286,-0.00039249368243485727,-0.004855514223826762,f4be07e1f4b75a423896d4c64089af66aa1383db134aac6f89dd9a9dcb5f0290
train_confirm_ddpg_on_warmup5000_seed5,5,DDPG,best,validation_1006,last2,201,False,1.0,1.0,1.0,1.0,1.0,[],-0.09045747267146202,-0.019858110236935286,-0.00039249368243485727,-0.004855514223826762,f4be07e1f4b75a423896d4c64089af66aa1383db134aac6f89dd9a9dcb5f0290
train_confirm_ddpg_on_warmup5000_seed5,5,DDPG,best,validation_1007,all,1001,False,0.8281718281718282,0.8251748251748252,0.972027972027972,0.8331668331668332,0.7822177822177823,[],-0.09345411519042601,-0.02022260671963958,-0.0013075789170373434,-0.0056045319043017865,6feec0a76cc7691af9b581935c33edf9cb2b49a77efd351682c8a0fafb211729
train_confirm_ddpg_on_warmup5000_seed5,5,DDPG,best,validation_1007,last2,201,False,1.0,1.0,1.0,1.0,1.0,[],-0.09345411519042601,-0.02022260671963958,-0.0013075789170373434,-0.0056045319043017865,6feec0a76cc7691af9b581935c33edf9cb2b49a77efd351682c8a0fafb211729
train_confirm_ddpg_on_warmup5000_seed5,5,DDPG,best,validation_1008,all,1001,False,0.8251748251748252,0.8211788211788211,0.972027972027972,0.8511488511488512,0.7822177822177823,[],-0.09048891231234597,-0.019777214333729698,-0.0003943977003648451,-0.004851665063849484,c50da336099c20a490fa4d6ffdbdda24cffe8ecb98d93f2642893e945155c367
train_confirm_ddpg_on_warmup5000_seed5,5,DDPG,best,validation_1008,last2,201,False,1.0,1.0,1.0,1.0,1.0,[],-0.09048891231234597,-0.019777214333729698,-0.0003943977003648451,-0.004851665063849484,c50da336099c20a490fa4d6ffdbdda24cffe8ecb98d93f2642893e945155c367
train_confirm_ddpg_on_warmup5000_seed5,5,DDPG,best,validation_1009,all,1001,False,0.8261738261738262,0.8221778221778222,0.971028971028971,0.8301698301698301,0.7822177822177823,[],-0.0960224770588716,-0.01966589974480275,-0.0021398886709424795,-0.0052515445347906045,dc9d13b2577de8ded16654b48c7c536a94f68c10e193168c348de0180039b3c6
train_confirm_ddpg_on_warmup5000_seed5,5,DDPG,best,validation_1009,last2,201,False,1.0,1.0,1.0,1.0,1.0,[],-0.0960224770588716,-0.01966589974480275,-0.0021398886709424795,-0.0052515445347906045,dc9d13b2577de8ded16654b48c7c536a94f68c10e193168c348de0180039b3c6
train_confirm_ddpg_on_warmup5000_seed5,5,DDPG,best,validation_1010,all,1001,False,0.8291708291708292,0.8261738261738262,0.972027972027972,0.8351648351648352,0.7842157842157842,[],-0.09335916723454818,-0.019946270812532082,-0.0012557575882296882,-0.005535346185394871,31319b595b0c8a3e0a77f88f0c027f6bde9f9081baf208bdc37828356050b7d7
train_confirm_ddpg_on_warmup5000_seed5,5,DDPG,best,validation_1010,last2,201,False,1.0,1.0,1.0,1.0,1.0,[],-0.09335916723454818,-0.019946270812532082,-0.0012557575882296882,-0.005535346185394871,31319b595b0c8a3e0a77f88f0c027f6bde9f9081baf208bdc37828356050b7d7
train_confirm_ddpg_on_warmup5000_seed5,5,DDPG,best,validation_1011,all,1001,False,0.8261738261738262,0.8241758241758241,0.972027972027972,0.8371628371628371,0.7802197802197802,[],-0.09197858918102902,-0.020298418977081574,-0.000849224184656027,-0.005484109547824703,7197041688e51f525df9f71753fec0385be72a2011995cee5f60949fec72bfb0
train_confirm_ddpg_on_warmup5000_seed5,5,DDPG,best,validation_1011,last2,201,False,1.0,1.0,1.0,1.0,1.0,[],-0.09197858918102902,-0.020298418977081574,-0.000849224184656027,-0.005484109547824703,7197041688e51f525df9f71753fec0385be72a2011995cee5f60949fec72bfb0
train_confirm_ddpg_on_warmup5000_seed5,5,DDPG,best,validation_1012,all,1001,False,0.8251748251748252,0.8221778221778222,0.972027972027972,0.8791208791208791,0.7982017982017982,[],-0.08887439325533439,-0.01889759843613491,8.251726505893023e-06,-0.0032957301302731887,8b3ecce15b1e6ad9de547039786c475d2b5643abf1382dad8835ed0b8d888587
train_confirm_ddpg_on_warmup5000_seed5,5,DDPG,best,validation_1012,last2,201,False,1.0,1.0,1.0,1.0,1.0,[],-0.08887439325533439,-0.01889759843613491,8.251726505893023e-06,-0.0032957301302731887,8b3ecce15b1e6ad9de547039786c475d2b5643abf1382dad8835ed0b8d888587
train_confirm_ddpg_on_warmup5000_seed5,5,DDPG,best,validation_1013,all,1001,False,0.8261738261738262,0.8251748251748252,0.972027972027972,0.8911088911088911,0.8141858141858141,[],-0.0874036498375038,-0.01792416431322044,0.00025167546254880674,-0.0022226527215768906,91b300780fed854ecbef151aaf25676b137b757919bfbcc52df5fa0e68e795ee
train_confirm_ddpg_on_warmup5000_seed5,5,DDPG,best,validation_1013,last2,201,False,1.0,1.0,1.0,1.0,1.0,[],-0.0874036498375038,-0.01792416431322044,0.00025167546254880674,-0.0022226527215768906,91b300780fed854ecbef151aaf25676b137b757919bfbcc52df5fa0e68e795ee
train_confirm_ddpg_on_warmup5000_seed5,5,DDPG,best,validation_1014,all,1001,False,0.8271728271728271,0.8261738261738262,0.972027972027972,0.8941058941058941,0.8151848151848152,[],-0.08801219194019769,-0.018196925722353423,0.00016493245835149729,-0.002396730324304736,fd2cf7c12cfc0ba0cfa9ec606533637a8c63b5549ab66b8bdbdc1f3672f48032
train_confirm_ddpg_on_warmup5000_seed5,5,DDPG,best,validation_1014,last2,201,False,1.0,1.0,1.0,1.0,1.0,[],-0.08801219194019769,-0.018196925722353423,0.00016493245835149729,-0.002396730324304736,fd2cf7c12cfc0ba0cfa9ec606533637a8c63b5549ab66b8bdbdc1f3672f48032
train_confirm_ddpg_on_warmup5000_seed5,5,DDPG,best,validation_1015,all,1001,False,0.8271728271728271,0.8251748251748252,0.972027972027972,0.8431568431568431,0.7822177822177823,[],-0.0919742994335649,-0.020033178961649745,-0.0008276888190487991,-0.005420330302583167,31ac1b87ece31b60d3c0ffde081f0dcea590e23afdc3096296c3d5e6f9f24f15
train_confirm_ddpg_on_warmup5000_seed5,5,DDPG,best,validation_1015,last2,201,False,1.0,1.0,1.0,1.0,1.0,[],-0.0919742994335649,-0.020033178961649745,-0.0008276888190487991,-0.005420330302583167,31ac1b87ece31b60d3c0ffde081f0dcea590e23afdc3096296c3d5e6f9f24f15
train_confirm_ddpg_on_warmup5000_seed5,5,DDPG,best,validation_1016,all,1001,False,0.8271728271728271,0.8221778221778222,0.972027972027972,0.8321678321678322,0.7812187812187812,[],-0.09290900109434748,-0.020270927231765254,-0.0011352579761189966,-0.005596070120382073,b55f19c4051191b39c59e339538e402a459adbda0be47aae2ecbb8b46f849783
train_confirm_ddpg_on_warmup5000_seed5,5,DDPG,best,validation_1016,last2,201,False,1.0,1.0,1.0,1.0,1.0,[],-0.09290900109434748,-0.020270927231765254,-0.0011352579761189966,-0.005596070120382073,b55f19c4051191b39c59e339538e402a459adbda0be47aae2ecbb8b46f849783
train_confirm_ddpg_on_warmup5000_seed5,5,DDPG,best,validation_1017,all,1001,False,0.8261738261738262,0.8251748251748252,0.971028971028971,0.8921078921078921,0.8141858141858141,[],-0.08373826523346618,-0.01570697860895317,0.0007937829117763646,-0.0022471323699502868,a02cd90ce66e72410f68bc8fa551269d9c508402cf8bb078fdbabe5192748f7a
train_confirm_ddpg_on_warmup5000_seed5,5,DDPG,best,validation_1017,last2,201,False,1.0,1.0,1.0,1.0,1.0,[],-0.08373826523346618,-0.01570697860895317,0.0007937829117763646,-0.0022471323699502868,a02cd90ce66e72410f68bc8fa551269d9c508402cf8bb078fdbabe5192748f7a
train_confirm_ddpg_on_warmup5000_seed5,5,DDPG,best,validation_1018,all,1001,False,0.8271728271728271,0.8241758241758241,0.972027972027972,0.8921078921078921,0.8141858141858141,[],-0.08780197070202196,-0.018002135697704383,0.00020093247635901768,-0.0023113843376874527,0c20e555174c7439be4446a6047202c52297f0d3a851e282ed32e8353296fb56
train_confirm_ddpg_on_warmup5000_seed5,5,DDPG,best,validation_1018,last2,201,False,1.0,1.0,1.0,1.0,1.0,[],-0.08780197070202196,-0.018002135697704383,0.00020093247635901768,-0.0023113843376874527,0c20e555174c7439be4446a6047202c52297f0d3a851e282ed32e8353296fb56
train_confirm_ddpg_on_warmup5000_seed5,5,DDPG,best,validation_1019,all,1001,False,0.8271728271728271,0.8241758241758241,0.971028971028971,0.8341658341658341,0.7812187812187812,[],-0.0926158864488548,-0.020231995432223402,-0.0010397316562540165,-0.005561479637547871,f18210821f2f5bccaacf4d3b9dad54be09dfa39a455343a2af5d66ec62a1284b
train_confirm_ddpg_on_warmup5000_seed5,5,DDPG,best,validation_1019,last2,201,False,1.0,1.0,1.0,1.0,1.0,[],-0.0926158864488548,-0.020231995432223402,-0.0010397316562540165,-0.005561479637547871,f18210821f2f5bccaacf4d3b9dad54be09dfa39a455343a2af5d66ec62a1284b
train_confirm_ddpg_on_warmup5000_seed5,5,DDPG,last,validation_1000,all,1001,False,0.7812187812187812,0.7862137862137862,0.9340659340659341,0.48451548451548454,0.3626373626373626,"[""v""]",0.02044925072211034,0.24357904491649754,-0.0028523340007717835,0.04785569791025789,4231a65facdf2da86f692c35fe461f783a2c82db99f423ff3d9817740067fa00
train_confirm_ddpg_on_warmup5000_seed5,5,DDPG,last,validation_1000,last2,201,False,1.0,1.0,1.0,0.5970149253731343,0.5970149253731343,"[""v""]",0.02044925072211034,0.24357904491649754,-0.0028523340007717835,0.04785569791025789,4231a65facdf2da86f692c35fe461f783a2c82db99f423ff3d9817740067fa00
train_confirm_ddpg_on_warmup5000_seed5,5,DDPG,last,validation_1001,all,1001,False,0.7852147852147852,0.7872127872127872,0.955044955044955,0.4885114885114885,0.3876123876123876,"[""v""]",0.04384883418507128,0.24947057819684013,0.002460607615387911,0.08077328593353579,b05c026ca99b1543c5911c8a4be0311254623b4f5f2c15c9d4414e0eae83b0ca
train_confirm_ddpg_on_warmup5000_seed5,5,DDPG,last,validation_1001,last2,201,False,1.0,1.0,1.0,0.6019900497512438,0.6019900497512438,"[""v""]",0.04384883418507128,0.24947057819684013,0.002460607615387911,0.08077328593353579,b05c026ca99b1543c5911c8a4be0311254623b4f5f2c15c9d4414e0eae83b0ca
train_confirm_ddpg_on_warmup5000_seed5,5,DDPG,last,validation_1002,all,1001,False,0.7732267732267732,0.7832167832167832,0.8661338661338661,0.4695304695304695,0.3146853146853147,"[""v""]",0.009200439572604562,0.24368838454248823,-0.005131857179848432,0.05241622442408852,d97138fa0934068d39d168d5b4f76e9031b8f221d7ff7e8131333ebed506cc08
train_confirm_ddpg_on_warmup5000_seed5,5,DDPG,last,validation_1002,last2,201,False,1.0,1.0,1.0,0.5870646766169154,0.5870646766169154,"[""v""]",0.009200439572604562,0.24368838454248823,-0.005131857179848432,0.05241622442408852,d97138fa0934068d39d168d5b4f76e9031b8f221d7ff7e8131333ebed506cc08
train_confirm_ddpg_on_warmup5000_seed5,5,DDPG,last,validation_1003,all,1001,False,0.7752247752247752,0.7852147852147852,0.8861138861138861,0.4755244755244755,0.3276723276723277,"[""v""]",0.01236151012989994,0.24328113989887057,-0.004472399393503412,0.05055991897133687,6df37fb2d59fbc0d571b7f6ebd5edc6e75a08456374d9476234541ce82daf749
train_confirm_ddpg_on_warmup5000_seed5,5,DDPG,last,validation_1003,last2,201,False,1.0,1.0,1.0,0.5920398009950248,0.5920398009950248,"[""v""]",0.01236151012989994,0.24328113989887057,-0.004472399393503412,0.05055991897133687,6df37fb2d59fbc0d571b7f6ebd5edc6e75a08456374d9476234541ce82daf749
train_confirm_ddpg_on_warmup5000_seed5,5,DDPG,last,validation_1004,all,1001,False,0.7792207792207793,0.7852147852147852,0.9370629370629371,0.48151848151848153,0.3646353646353646,"[""v""]",0.015925221338056912,0.2432393751518892,-0.0037570476949997382,0.049959032242147434,43c14320d97934ed813b44b59174b2b1292b369168b684b8a738a195eaa63bc7
train_confirm_ddpg_on_warmup5000_seed5,5,DDPG,last,validation_1004,last2,201,False,1.0,1.0,1.0,0.5970149253731343,0.5970149253731343,"[""v""]",0.015925221338056912,0.2432393751518892,-0.0037570476949997382,0.049959032242147434,43c14320d97934ed813b44b59174b2b1292b369168b684b8a738a195eaa63bc7
train_confirm_ddpg_on_warmup5000_seed5,5,DDPG,last,validation_1005,all,1001,False,0.7822177822177823,0.7872127872127872,0.948051948051948,0.4865134865134865,0.3826173826173826,"[""v""]",0.02783529147174666,0.2430584340067473,-0.0014817055180214034,0.04420661249663224,e7fb4fe0ac0a83176ca4a44e263a3b922a99e83f4e885e80be191cf4fa2a078a
train_confirm_ddpg_on_warmup5000_seed5,5,DDPG,last,validation_1005,last2,201,False,1.0,1.0,1.0,0.6019900497512438,0.6019900497512438,"[""v""]",0.02783529147174666,0.2430584340067473,-0.0014817055180214034,0.04420661249663224,e7fb4fe0ac0a83176ca4a44e263a3b922a99e83f4e885e80be191cf4fa2a078a
train_confirm_ddpg_on_warmup5000_seed5,5,DDPG,last,validation_1006,all,1001,False,0.7822177822177823,0.7862137862137862,0.9430569430569431,0.48451548451548454,0.3726273726273726,"[""v""]",0.0250927729265064,0.24338387226940814,-0.0019778954680451655,0.045735452182272714,a433e6cce7ae707183eba190edc21b1996df7678f87d83f97393af85fa2abe32
train_confirm_ddpg_on_warmup5000_seed5,5,DDPG,last,validation_1006,last2,201,False,1.0,1.0,1.0,0.6019900497512438,0.6019900497512438,"[""v""]",0.0250927729265064,0.24338387226940814,-0.0019778954680451655,0.045735452182272714,a433e6cce7ae707183eba190edc21b1996df7678f87d83f97393af85fa2abe32
train_confirm_ddpg_on_warmup5000_seed5,5,DDPG,last,validation_1007,all,1001,False,0.7732267732267732,0.7852147852147852,0.8761238761238761,0.4725274725274725,0.32167832167832167,"[""v""]",0.011318775656797047,0.24396960857309444,-0.004682424048805256,0.052949285062409396,2ae24dda8a6c0799fa004007aa5930be089097490adc69ad879c0e4462bfc44a
train_confirm_ddpg_on_warmup5000_seed5,5,DDPG,last,validation_1007,last2,201,False,1.0,1.0,1.0,0.5870646766169154,0.5870646766169154,"[""v""]",0.011318775656797047,0.24396960857309444,-0.004682424048805256,0.052949285062409396,2ae24dda8a6c0799fa004007aa5930be089097490adc69ad879c0e4462bfc44a
train_confirm_ddpg_on_warmup5000_seed5,5,DDPG,last,validation_1008,all,1001,False,0.7842157842157842,0.7862137862137862,0.9560439560439561,0.4865134865134865,0.3866133866133866,"[""v""]",0.04566519756201512,0.24982257920316117,0.003057958742275879,0.08431452821608112,493ab6377047379aa18331ba4b0cbdcf9a3f3c2f4f1be1f209b83d609a1cb6f7
train_confirm_ddpg_on_warmup5000_seed5,5,DDPG,last,validation_1008,last2,201,False,1.0,1.0,1.0,0.5970149253731343,0.5970149253731343,"[""v""]",0.04566519756201512,0.24982257920316117,0.003057958742275879,0.08431452821608112,493ab6377047379aa18331ba4b0cbdcf9a3f3c2f4f1be1f209b83d609a1cb6f7
train_confirm_ddpg_on_warmup5000_seed5,5,DDPG,last,validation_1009,all,1001,False,0.7822177822177823,0.7852147852147852,0.9500499500499501,0.4915084915084915,0.38461538461538464,"[""v""]",0.030181587678365034,0.24326269842304102,-0.001055739725317917,0.045392826961503555,3d0c0e0fc7dfc12f4b344373af1480aed2acd3be5036d26f552c028b773710b0
train_confirm_ddpg_on_warmup5000_seed5,5,DDPG,last,validation_1009,last2,201,False,1.0,1.0,1.0,0.6019900497512438,0.6019900497512438,"[""v""]",0.030181587678365034,0.24326269842304102,-0.001055739725317917,0.045392826961503555,3d0c0e0fc7dfc12f4b344373af1480aed2acd3be5036d26f552c028b773710b0
train_confirm_ddpg_on_warmup5000_seed5,5,DDPG,last,validation_1010,all,1001,False,0.6843156843156843,0.6813186813186813,0.7982017982017982,0.44555444555444557,0.22577422577422576,[],-0.097753045823388,-0.12926314505399772,-0.030845282991143,-0.01970199484779428,453e8b47dd84aa2c44ecc2800ce185b8bda5b229e586c999fce4c837a3714c25
train_confirm_ddpg_on_warmup5000_seed5,5,DDPG,last,validation_1010,last2,201,False,1.0,1.0,1.0,0.6417910447761194,0.6417910447761194,[],-0.097753045823388,-0.12926314505399772,-0.030845282991143,-0.01970199484779428,453e8b47dd84aa2c44ecc2800ce185b8bda5b229e586c999fce4c837a3714c25
train_confirm_ddpg_on_warmup5000_seed5,5,DDPG,last,validation_1011,all,1001,False,0.7822177822177823,0.7862137862137862,0.9460539460539461,0.4825174825174825,0.37662337662337664,"[""v""]",0.027203517664868775,0.24329768335239735,-0.0015877239397332765,0.044511203286579766,270da8e60e3c0975bb74822ed701c3eb6d035147de3983a12c4b1f4c99affa46
train_confirm_ddpg_on_warmup5000_seed5,5,DDPG,last,validation_1011,last2,201,False,1.0,1.0,1.0,0.5970149253731343,0.5970149253731343,"[""v""]",0.027203517664868775,0.24329768335239735,-0.0015877239397332765,0.044511203286579766,270da8e60e3c0975bb74822ed701c3eb6d035147de3983a12c4b1f4c99affa46
train_confirm_ddpg_on_warmup5000_seed5,5,DDPG,last,validation_1012,all,1001,False,0.7852147852147852,0.7862137862137862,0.9560439560439561,0.4855144855144855,0.3886113886113886,"[""v""]",0.048706738790403846,0.2504135516443971,0.004115129849858956,0.08986345877836953,5a67142e40cc857fa9a088941790a362922ffcc24979087735eb0ef7b6560bac
train_confirm_ddpg_on_warmup5000_seed5,5,DDPG,last,validation_1012,last2,201,False,1.0,1.0,1.0,0.6019900497512438,0.6019900497512438,"[""v""]",0.048706738790403846,0.2504135516443971,0.004115129849858956,0.08986345877836953,5a67142e40cc857fa9a088941790a362922ffcc24979087735eb0ef7b6560bac
train_confirm_ddpg_on_warmup5000_seed5,5,DDPG,last,validation_1013,all,1001,False,0.7772227772227772,0.7862137862137862,0.8881118881118881,0.47352647352647353,0.32667332667332666,"[""v""]",0.016417851394163397,0.24401734700541217,-0.0036299264966124234,0.05001337964340933,52a3b80a56f7dc6920641b816e4125644db3cce6b46b5901bf57d5109b82b8c3
train_confirm_ddpg_on_warmup5000_seed5,5,DDPG,last,validation_1013,last2,201,False,1.0,1.0,1.0,0.5920398009950248,0.5920398009950248,"[""v""]",0.016417851394163397,0.24401734700541217,-0.0036299264966124234,0.05001337964340933,52a3b80a56f7dc6920641b816e4125644db3cce6b46b5901bf57d5109b82b8c3
train_confirm_ddpg_on_warmup5000_seed5,5,DDPG,last,validation_1014,all,1001,False,0.7752247752247752,0.7812187812187812,0.8621378621378621,0.48451548451548454,0.3196803196803197,"[""v""]",-0.02096511577564888,0.23199314653435876,-0.012659519693560384,0.04985076117236461,72a5f1bfd8f3d590ac992c644284d7b9607dbbbb19c0dc44c7bc6a917c5c8845
train_confirm_ddpg_on_warmup5000_seed5,5,DDPG,last,validation_1014,last2,201,False,1.0,1.0,1.0,0.5920398009950248,0.5920398009950248,"[""v""]",-0.02096511577564888,0.23199314653435876,-0.012659519693560384,0.04985076117236461,72a5f1bfd8f3d590ac992c644284d7b9607dbbbb19c0dc44c7bc6a917c5c8845
train_confirm_ddpg_on_warmup5000_seed5,5,DDPG,last,validation_1015,all,1001,False,0.7752247752247752,0.7852147852147852,0.8821178821178821,0.47352647352647353,0.3246753246753247,"[""v""]",0.013997825537419538,0.24387983992153892,-0.004118946801815681,0.050184424602090154,22f8df0047f1d4851168e87e32bf9a6d5d43765b8b8144b94a6a08757dfbb61d
train_confirm_ddpg_on_warmup5000_seed5,5,DDPG,last,validation_1015,last2,201,False,1.0,1.0,1.0,0.5920398009950248,0.5920398009950248,"[""v""]",0.013997825537419538,0.24387983992153892,-0.004118946801815681,0.050184424602090154,22f8df0047f1d4851168e87e32bf9a6d5d43765b8b8144b94a6a08757dfbb61d
train_confirm_ddpg_on_warmup5000_seed5,5,DDPG,last,validation_1016,all,1001,False,0.7802197802197802,0.7852147852147852,0.935064935064935,0.4855144855144855,0.3626373626373626,"[""v""]",0.01692865392221112,0.24318892816679538,-0.0035502880205582343,0.04848684265142662,46945502fb43decb5a3818f5b31dd3a4738ceb714d6f416e1ff8e0886f1efd1b
train_confirm_ddpg_on_warmup5000_seed5,5,DDPG,last,validation_1016,last2,201,False,1.0,1.0,1.0,0.5970149253731343,0.5970149253731343,"[""v""]",0.01692865392221112,0.24318892816679538,-0.0035502880205582343,0.04848684265142662,46945502fb43decb5a3818f5b31dd3a4738ceb714d6f416e1ff8e0886f1efd1b
train_confirm_ddpg_on_warmup5000_seed5,5,DDPG,last,validation_1017,all,1001,False,0.7752247752247752,0.7862137862137862,0.8811188811188811,0.47352647352647353,0.32367632367632365,"[""v""]",0.01444716053494412,0.243879489457732,-0.004025620747222458,0.04999845999043242,d817d72234afc31031ab0e1056d49c3552894a01d5b10c394cecf7ba054fca9e
train_confirm_ddpg_on_warmup5000_seed5,5,DDPG,last,validation_1017,last2,201,False,1.0,1.0,1.0,0.5920398009950248,0.5920398009950248,"[""v""]",0.01444716053494412,0.243879489457732,-0.004025620747222458,0.04999845999043242,d817d72234afc31031ab0e1056d49c3552894a01d5b10c394cecf7ba054fca9e
train_confirm_ddpg_on_warmup5000_seed5,5,DDPG,last,validation_1018,all,1001,False,0.7722277722277723,0.7862137862137862,0.8701298701298701,0.47152847152847155,0.3166833166833167,"[""v""]",0.01045951381673713,0.24389569081058327,-0.004865473529130693,0.05352163895470166,294bcd1c82d1e627bb8e40146f8f6f7591111981720e3cee90eb1f2bfc42c9d3
train_confirm_ddpg_on_warmup5000_seed5,5,DDPG,last,validation_1018,last2,201,False,1.0,1.0,1.0,0.5920398009950248,0.5920398009950248,"[""v""]",0.01045951381673713,0.24389569081058327,-0.004865473529130693,0.05352163895470166,294bcd1c82d1e627bb8e40146f8f6f7591111981720e3cee90eb1f2bfc42c9d3
train_confirm_ddpg_on_warmup5000_seed5,5,DDPG,last,validation_1019,all,1001,False,0.7782217782217782,0.7842157842157842,0.9050949050949051,0.4825174825174825,0.34665334665334663,"[""v""]",0.013890095501289394,0.2432838158921101,-0.004160756520246611,0.049985120515794054,dcfe3dad864c3282abe2faf8fcb63413eb9b22b33f19068466b8dee6fcf68f74
train_confirm_ddpg_on_warmup5000_seed5,5,DDPG,last,validation_1019,last2,201,False,1.0,1.0,1.0,0.5970149253731343,0.5970149253731343,"[""v""]",0.013890095501289394,0.2432838158921101,-0.004160756520246611,0.049985120515794054,dcfe3dad864c3282abe2faf8fcb63413eb9b22b33f19068466b8dee6fcf68f74
train_confirm_sac_off_warmup5000_seed3,3,SAC,best,validation_1000,all,1001,False,0.11588411588411589,0.057942057942057944,1.0,0.7802197802197802,0.04895104895104895,"[""angle"", ""omega""]",0.1065061912081275,-0.04207200027201299,-2.066518813904338,40.04285887493252,324b2a8439ce5f9317614a649012ff4be4312b726b1bc628dd84c83f6d7a6fbd
train_confirm_sac_off_warmup5000_seed3,3,SAC,best,validation_1000,last2,201,False,0.05472636815920398,0.0,1.0,1.0,0.0,"[""angle"", ""omega""]",0.1065061912081275,-0.04207200027201299,-2.066518813904338,40.04285887493252,324b2a8439ce5f9317614a649012ff4be4312b726b1bc628dd84c83f6d7a6fbd
train_confirm_sac_off_warmup5000_seed3,3,SAC,best,validation_1001,all,1001,False,0.04295704295704296,0.01998001998001998,1.0,0.7252747252747253,0.0,"[""angle"", ""omega""]",0.10159453502082236,0.11432310376159735,0.76982284721499,37.39981065034559,00c2d9cbd100731d06763da4c3c3f74e68698e37290e9558d289569a2b221525
train_confirm_sac_off_warmup5000_seed3,3,SAC,best,validation_1001,last2,201,False,0.05472636815920398,0.0,1.0,1.0,0.0,"[""angle"", ""omega""]",0.10159453502082236,0.11432310376159735,0.76982284721499,37.39981065034559,00c2d9cbd100731d06763da4c3c3f74e68698e37290e9558d289569a2b221525
train_confirm_sac_off_warmup5000_seed3,3,SAC,best,validation_1002,all,1001,False,0.06493506493506493,0.007992007992007992,1.0,0.7782217782217782,0.0,"[""angle"", ""omega""]",0.12104990551336468,0.07326555412004761,-0.4602031356136261,40.42658073763014,bb8761861629e7cab7b0fafc81b63d330a8957a9ec28e501d8f8d8777b355c05
train_confirm_sac_off_warmup5000_seed3,3,SAC,best,validation_1002,last2,201,False,0.05970149253731343,0.0,1.0,1.0,0.0,"[""angle"", ""omega""]",0.12104990551336468,0.07326555412004761,-0.4602031356136261,40.42658073763014,bb8761861629e7cab7b0fafc81b63d330a8957a9ec28e501d8f8d8777b355c05
train_confirm_sac_off_warmup5000_seed3,3,SAC,best,validation_1003,all,1001,False,0.061938061938061936,0.008991008991008992,1.0,0.7792207792207793,0.0,"[""angle"", ""omega""]",0.12030397788977357,0.04331251341449329,-0.8496859343774484,40.5938569930329,4a3fcb99fd6141db9ba47e237796276829f20c2847945af3a83266dfb65fc839
train_confirm_sac_off_warmup5000_seed3,3,SAC,best,validation_1003,last2,201,False,0.05472636815920398,0.0,1.0,1.0,0.0,"[""angle"", ""omega""]",0.12030397788977357,0.04331251341449329,-0.8496859343774484,40.5938569930329,4a3fcb99fd6141db9ba47e237796276829f20c2847945af3a83266dfb65fc839
train_confirm_sac_off_warmup5000_seed3,3,SAC,best,validation_1004,all,1001,False,0.061938061938061936,0.00999000999000999,1.0,0.7812187812187812,0.0,"[""angle"", ""omega""]",0.12010367998640209,0.014066311541708627,-1.2726542481937608,41.01220529033598,9dbcd248d437f28c0a1b8c55842b4a197636947f7e5a87c02eb03449788fc015
train_confirm_sac_off_warmup5000_seed3,3,SAC,best,validation_1004,last2,201,False,0.05970149253731343,0.0,1.0,1.0,0.0,"[""angle"", ""omega""]",0.12010367998640209,0.014066311541708627,-1.2726542481937608,41.01220529033598,9dbcd248d437f28c0a1b8c55842b4a197636947f7e5a87c02eb03449788fc015
train_confirm_sac_off_warmup5000_seed3,3,SAC,best,validation_1005,all,1001,False,0.07492507492507493,0.007992007992007992,1.0,0.7792207792207793,0.0,"[""angle"", ""omega""]",0.12081636649969611,0.10667870852155849,0.7586248728768431,40.31850178506805,f93062e8c4cb7e69be09e92bc8e4325852b905bc626a229e480f8d9a2b7d28e9
train_confirm_sac_off_warmup5000_seed3,3,SAC,best,validation_1005,last2,201,False,0.05970149253731343,0.0,1.0,1.0,0.0,"[""angle"", ""omega""]",0.12081636649969611,0.10667870852155849,0.7586248728768431,40.31850178506805,f93062e8c4cb7e69be09e92bc8e4325852b905bc626a229e480f8d9a2b7d28e9
train_confirm_sac_off_warmup5000_seed3,3,SAC,best,validation_1006,all,1001,False,0.08491508491508491,0.00999000999000999,1.0,0.7802197802197802,0.0,"[""angle"", ""omega""]",0.11857560149240001,0.07196864540964852,1.2967528234332657,40.326399934436914,584591f6d352b9a23497731ecad622b037450e727e9eb7edbd80adb84b971fc2
train_confirm_sac_off_warmup5000_seed3,3,SAC,best,validation_1006,last2,201,False,0.05970149253731343,0.0,1.0,1.0,0.0,"[""angle"", ""omega""]",0.11857560149240001,0.07196864540964852,1.2967528234332657,40.326399934436914,584591f6d352b9a23497731ecad622b037450e727e9eb7edbd80adb84b971fc2
train_confirm_sac_off_warmup5000_seed3,3,SAC,best,validation_1007,all,1001,False,0.06293706293706294,0.008991008991008992,1.0,0.7782217782217782,0.0,"[""angle"", ""omega""]",0.1245138474433163,0.09365141034786041,0.9519521586904024,40.972313584981684,ab42b7490260d54ceebcd5e64acd1fbbc831a3ba288bdb88656427f71d631d73
train_confirm_sac_off_warmup5000_seed3,3,SAC,best,validation_1007,last2,201,False,0.04975124378109453,0.0,1.0,1.0,0.0,"[""angle"", ""omega""]",0.1245138474433163,0.09365141034786041,0.9519521586904024,40.972313584981684,ab42b7490260d54ceebcd5e64acd1fbbc831a3ba288bdb88656427f71d631d73
train_confirm_sac_off_warmup5000_seed3,3,SAC,best,validation_1008,all,1001,False,0.0919080919080919,0.016983016983016984,1.0,0.7772227772227772,0.006993006993006993,"[""angle"", ""omega""]",0.11339503539497613,-0.02848073479225187,-1.8993965791090521,40.84934711231893,bb66d9c6f218ba5ecd45658b2944d6c4d936c69d11f8681f267cdd0022bd6d2f
train_confirm_sac_off_warmup5000_seed3,3,SAC,best,validation_1008,last2,201,False,0.05970149253731343,0.0,1.0,1.0,0.0,"[""angle"", ""omega""]",0.11339503539497613,-0.02848073479225187,-1.8993965791090521,40.84934711231893,bb66d9c6f218ba5ecd45658b2944d6c4d936c69d11f8681f267cdd0022bd6d2f
train_confirm_sac_off_warmup5000_seed3,3,SAC,best,validation_1009,all,1001,False,0.06693306693306693,0.008991008991008992,1.0,0.7792207792207793,0.0,"[""angle"", ""omega""]",0.12257965104191158,0.003750971385156816,2.057466853967802,41.837855437567356,546e11f54fe709813b0073329dd9ef2c2d708612a066dc633750d729752e90ba
train_confirm_sac_off_warmup5000_seed3,3,SAC,best,validation_1009,last2,201,False,0.05970149253731343,0.0,1.0,1.0,0.0,"[""angle"", ""omega""]",0.12257965104191158,0.003750971385156816,2.057466853967802,41.837855437567356,546e11f54fe709813b0073329dd9ef2c2d708612a066dc633750d729752e90ba
train_confirm_sac_off_warmup5000_seed3,3,SAC,best,validation_1010,all,1001,False,0.059940059940059943,0.008991008991008992,1.0,0.7792207792207793,0.0,"[""angle"", ""omega""]",0.12562965280943952,-0.03537197473730876,2.529475106157519,42.92034069176483,8d316e3fa20ed7fbdf2da1e42d27c32456f9314d32e92d61caac525fc11a5ae6
train_confirm_sac_off_warmup5000_seed3,3,SAC,best,validation_1010,last2,201,False,0.05970149253731343,0.0,1.0,1.0,0.0,"[""angle"", ""omega""]",0.12562965280943952,-0.03537197473730876,2.529475106157519,42.92034069176483,8d316e3fa20ed7fbdf2da1e42d27c32456f9314d32e92d61caac525fc11a5ae6
train_confirm_sac_off_warmup5000_seed3,3,SAC,best,validation_1011,all,1001,False,0.08191808191808192,0.00999000999000999,1.0,0.7802197802197802,0.0,"[""angle"", ""omega""]",0.11866202795150829,-0.05895507661524523,2.9523500125122406,42.28871334672773,89f76eecc84ffccc3de681234bd26ce5140cc10d3732294f582b6fa4ff356316
train_confirm_sac_off_warmup5000_seed3,3,SAC,best,validation_1011,last2,201,False,0.05970149253731343,0.0,1.0,1.0,0.0,"[""angle"", ""omega""]",0.11866202795150829,-0.05895507661524523,2.9523500125122406,42.28871334672773,89f76eecc84ffccc3de681234bd26ce5140cc10d3732294f582b6fa4ff356316
train_confirm_sac_off_warmup5000_seed3,3,SAC,best,validation_1012,all,1001,False,0.07792207792207792,0.03196803196803197,1.0,0.7282717282717283,0.017982017982017984,"[""angle"", ""omega""]",0.09316995759617797,0.033265540703144185,-0.9987974006512266,36.71738206641184,9434dc077826f7b94ba41ecff0d68464a6d4f585df294c2ff07366ecbddc7660
train_confirm_sac_off_warmup5000_seed3,3,SAC,best,validation_1012,last2,201,False,0.05472636815920398,0.0,1.0,1.0,0.0,"[""angle"", ""omega""]",0.09316995759617797,0.033265540703144185,-0.9987974006512266,36.71738206641184,9434dc077826f7b94ba41ecff0d68464a6d4f585df294c2ff07366ecbddc7660
train_confirm_sac_off_warmup5000_seed3,3,SAC,best,validation_1013,all,1001,False,0.08091908091908091,0.030969030969030968,1.0,0.7302697302697303,0.01998001998001998,"[""angle"", ""omega""]",0.09382159301369619,-0.05866254173738606,-2.3492060407635043,38.5164244895796,f07e453e26cdc2d5720dc933037e924ecb4db4e978571146507831b621674b46
train_confirm_sac_off_warmup5000_seed3,3,SAC,best,validation_1013,last2,201,False,0.05472636815920398,0.0,1.0,1.0,0.0,"[""angle"", ""omega""]",0.09382159301369619,-0.05866254173738606,-2.3492060407635043,38.5164244895796,f07e453e26cdc2d5720dc933037e924ecb4db4e978571146507831b621674b46
train_confirm_sac_off_warmup5000_seed3,3,SAC,best,validation_1014,all,1001,False,0.06593406593406594,0.007992007992007992,1.0,0.7782217782217782,0.0,"[""angle"", ""omega""]",0.12044485207981223,-0.04105286577253759,-2.1246382199799436,42.12018142971472,dc6ca3e0e4242c1a18354fa439027ec7fbd3453f6396e4ac6500e9b2978a4fe8
train_confirm_sac_off_warmup5000_seed3,3,SAC,best,validation_1014,last2,201,False,0.05970149253731343,0.0,1.0,1.0,0.0,"[""angle"", ""omega""]",0.12044485207981223,-0.04105286577253759,-2.1246382199799436,42.12018142971472,dc6ca3e0e4242c1a18354fa439027ec7fbd3453f6396e4ac6500e9b2978a4fe8
train_confirm_sac_off_warmup5000_seed3,3,SAC,best,validation_1015,all,1001,False,0.061938061938061936,0.008991008991008992,1.0,0.7802197802197802,0.0,"[""angle"", ""omega""]",0.12023613488711897,-0.038749453813850435,-2.083898459371711,42.05959438760044,7a9ff7e9557c71889c744729687d03e9bf090b7e0d9ab59e344a4b6dc9a91788
train_confirm_sac_off_warmup5000_seed3,3,SAC,best,validation_1015,last2,201,False,0.05472636815920398,0.0,1.0,1.0,0.0,"[""angle"", ""omega""]",0.12023613488711897,-0.038749453813850435,-2.083898459371711,42.05959438760044,7a9ff7e9557c71889c744729687d03e9bf090b7e0d9ab59e344a4b6dc9a91788
train_confirm_sac_off_warmup5000_seed3,3,SAC,best,validation_1016,all,1001,False,0.07292707292707293,0.008991008991008992,1.0,0.7762237762237763,0.0,"[""angle"", ""omega""]",0.12277041956827091,0.009560000205305124,1.9968826810759517,41.767426272179314,05c50c7dc7fa29f77919ca716027c1af10353b6d0fe2fe4ea5e8153cbf4aac1a
train_confirm_sac_off_warmup5000_seed3,3,SAC,best,validation_1016,last2,201,False,0.05970149253731343,0.0,1.0,1.0,0.0,"[""angle"", ""omega""]",0.12277041956827091,0.009560000205305124,1.9968826810759517,41.767426272179314,05c50c7dc7fa29f77919ca716027c1af10353b6d0fe2fe4ea5e8153cbf4aac1a
train_confirm_sac_off_warmup5000_seed3,3,SAC,best,validation_1017,all,1001,False,0.04595404595404595,0.01998001998001998,1.0,0.7192807192807192,0.0,"[""angle"", ""omega""]",0.10349070172953707,-0.04559720933019446,2.6407541179627936,39.7874915035991,d1b741e1413ab1c82002c28e8f1c8ccc0d3638a70fcb4fef80a8e4311e01cc9d
train_confirm_sac_off_warmup5000_seed3,3,SAC,best,validation_1017,last2,201,False,0.05472636815920398,0.0,1.0,1.0,0.0,"[""angle"", ""omega""]",0.10349070172953707,-0.04559720933019446,2.6407541179627936,39.7874915035991,d1b741e1413ab1c82002c28e8f1c8ccc0d3638a70fcb4fef80a8e4311e01cc9d
train_confirm_sac_off_warmup5000_seed3,3,SAC,best,validation_1018,all,1001,False,0.07492507492507493,0.00999000999000999,1.0,0.7782217782217782,0.0,"[""angle"", ""omega""]",0.11968942927217152,0.11770881100735829,0.3567938150343572,40.083204140614484,474b4c9d5817b5ed0904c2357cb84175e8359d0616203cf5d4c51fe955d3f478
train_confirm_sac_off_warmup5000_seed3,3,SAC,best,validation_1018,last2,201,False,0.05970149253731343,0.0,1.0,1.0,0.0,"[""angle"", ""omega""]",0.11968942927217152,0.11770881100735829,0.3567938150343572,40.083204140614484,474b4c9d5817b5ed0904c2357cb84175e8359d0616203cf5d4c51fe955d3f478
train_confirm_sac_off_warmup5000_seed3,3,SAC,best,validation_1019,all,1001,False,0.06793206793206794,0.00999000999000999,1.0,0.7792207792207793,0.0,"[""angle"", ""omega""]",0.12098060473831207,-0.05904619108814934,-2.563501797858721,42.58631699098746,d54f30e13652c32b8a51e76c4646c405685b3a34f9bfadfe4528edfc03a657ab
train_confirm_sac_off_warmup5000_seed3,3,SAC,best,validation_1019,last2,201,False,0.05970149253731343,0.0,1.0,1.0,0.0,"[""angle"", ""omega""]",0.12098060473831207,-0.05904619108814934,-2.563501797858721,42.58631699098746,d54f30e13652c32b8a51e76c4646c405685b3a34f9bfadfe4528edfc03a657ab
train_confirm_sac_off_warmup5000_seed3,3,SAC,last,validation_1000,all,1001,False,0.0,0.07892107892107893,1.0,0.4195804195804196,0.0,"[""angle"", ""omega""]",-0.019474346109145686,-0.027962054974495568,-1.763788835021004,-10.383660146493725,e1f5837499ee4e67f3728a6cec1ce29bcfa627d26d09fa17ae2e6828b962ea9a
train_confirm_sac_off_warmup5000_seed3,3,SAC,last,validation_1000,last2,201,False,0.0,0.07462686567164178,1.0,0.417910447761194,0.0,"[""angle"", ""omega""]",-0.019474346109145686,-0.027962054974495568,-1.763788835021004,-10.383660146493725,e1f5837499ee4e67f3728a6cec1ce29bcfa627d26d09fa17ae2e6828b962ea9a
train_confirm_sac_off_warmup5000_seed3,3,SAC,last,validation_1001,all,1001,False,0.0,0.07992007992007992,1.0,0.4245754245754246,0.0,"[""angle"", ""omega""]",-0.019564564547043257,-0.03282160725607744,-1.779127868283384,-10.456844345874217,387f5ce61fa64d94b1520806f317a56f8095112c17485ad5e1b5526ec6330c43
train_confirm_sac_off_warmup5000_seed3,3,SAC,last,validation_1001,last2,201,False,0.0,0.07960199004975124,1.0,0.42786069651741293,0.0,"[""angle"", ""omega""]",-0.019564564547043257,-0.03282160725607744,-1.779127868283384,-10.456844345874217,387f5ce61fa64d94b1520806f317a56f8095112c17485ad5e1b5526ec6330c43
train_confirm_sac_off_warmup5000_seed3,3,SAC,last,validation_1002,all,1001,False,0.0,0.07892107892107893,1.0,0.4225774225774226,0.0,"[""angle"", ""omega""]",-0.019238785469125535,0.0602348844312883,-1.5019683614666657,-8.963084841048051,2236a3fde6305160576163a8a4bdc152bb88a9eb0fc4b7ab755862e21afa5f2f
train_confirm_sac_off_warmup5000_seed3,3,SAC,last,validation_1002,last2,201,False,0.0,0.07462686567164178,1.0,0.42786069651741293,0.0,"[""angle"", ""omega""]",-0.019238785469125535,0.0602348844312883,-1.5019683614666657,-8.963084841048051,2236a3fde6305160576163a8a4bdc152bb88a9eb0fc4b7ab755862e21afa5f2f
train_confirm_sac_off_warmup5000_seed3,3,SAC,last,validation_1003,all,1001,False,0.0,0.07892107892107893,1.0,0.4195804195804196,0.0,"[""angle"", ""omega""]",-0.019492572574854573,0.0361677904758351,-1.5684342480622488,-9.34725481857112,d3da41f69cc5b42651197f99b3036e7698356a265a2cdd502688e9e1640516dc
train_confirm_sac_off_warmup5000_seed3,3,SAC,last,validation_1003,last2,201,False,0.0,0.07462686567164178,1.0,0.4228855721393035,0.0,"[""angle"", ""omega""]",-0.019492572574854573,0.0361677904758351,-1.5684342480622488,-9.34725481857112,d3da41f69cc5b42651197f99b3036e7698356a265a2cdd502688e9e1640516dc
train_confirm_sac_off_warmup5000_seed3,3,SAC,last,validation_1004,all,1001,False,0.0,0.07792207792207792,1.0,0.41858141858141856,0.0,"[""angle"", ""omega""]",-0.020082697371969223,0.07996609372205883,-1.4493840951866426,-8.615349913058509,e713c4a448819aea5f1ce2b71dccb58ab074133a70687c090c76a24495dd0bef
train_confirm_sac_off_warmup5000_seed3,3,SAC,last,validation_1004,last2,201,False,0.0,0.07960199004975124,1.0,0.417910447761194,0.0,"[""angle"", ""omega""]",-0.020082697371969223,0.07996609372205883,-1.4493840951866426,-8.615349913058509,e713c4a448819aea5f1ce2b71dccb58ab074133a70687c090c76a24495dd0bef
train_confirm_sac_off_warmup5000_seed3,3,SAC,last,validation_1005,all,1001,False,0.0,0.08091908091908091,1.0,0.4205794205794206,0.0,"[""angle"", ""omega""]",-0.019548380275286742,0.03213766667034396,-1.57999836224786,-9.41307862519883,e741d7517d429e251bdee7e7f8d015931a0cd0bb6bbee6f71ec8334cdc4e1291
train_confirm_sac_off_warmup5000_seed3,3,SAC,last,validation_1005,last2,201,False,0.0,0.07960199004975124,1.0,0.42786069651741293,0.0,"[""angle"", ""omega""]",-0.019548380275286742,0.03213766667034396,-1.57999836224786,-9.41307862519883,e741d7517d429e251bdee7e7f8d015931a0cd0bb6bbee6f71ec8334cdc4e1291
train_confirm_sac_off_warmup5000_seed3,3,SAC,last,validation_1006,all,1001,False,0.0,0.07892107892107893,1.0,0.42157842157842157,0.0,"[""angle"", ""omega""]",-0.018909456280265136,0.025512887790778645,-1.6001083662975115,-9.541516082062257,47dbd52e9920af0006deae746fc001182d05b1444de0246da8cf15d29fd24685
train_confirm_sac_off_warmup5000_seed3,3,SAC,last,validation_1006,last2,201,False,0.0,0.07462686567164178,1.0,0.42786069651741293,0.0,"[""angle"", ""omega""]",-0.018909456280265136,0.025512887790778645,-1.6001083662975115,-9.541516082062257,47dbd52e9920af0006deae746fc001182d05b1444de0246da8cf15d29fd24685
train_confirm_sac_off_warmup5000_seed3,3,SAC,last,validation_1007,all,1001,False,0.0,0.08091908091908091,1.0,0.4155844155844156,0.0,"[""angle"", ""omega""]",-0.020206946029527315,0.08415595412937144,-1.438423386112181,-8.544675255389574,3eb7a8fb3105594e1704f16147c949d46a97c5cf5ea907fd8808b6d6fe3fffde
train_confirm_sac_off_warmup5000_seed3,3,SAC,last,validation_1007,last2,201,False,0.0,0.07960199004975124,1.0,0.417910447761194,0.0,"[""angle"", ""omega""]",-0.020206946029527315,0.08415595412937144,-1.438423386112181,-8.544675255389574,3eb7a8fb3105594e1704f16147c949d46a97c5cf5ea907fd8808b6d6fe3fffde
train_confirm_sac_off_warmup5000_seed3,3,SAC,last,validation_1008,all,1001,False,0.0,0.07892107892107893,1.0,0.42157842157842157,0.0,"[""angle"", ""omega""]",-0.018711292091734798,-0.007124323812256437,-1.6985175058321633,-10.073828045025309,1d389d675317e128b0492e67d4eed23837b3362f04be4adb41c4908563678178
train_confirm_sac_off_warmup5000_seed3,3,SAC,last,validation_1008,last2,201,False,0.0,0.07462686567164178,1.0,0.42786069651741293,0.0,"[""angle"", ""omega""]",-0.018711292091734798,-0.007124323812256437,-1.6985175058321633,-10.073828045025309,1d389d675317e128b0492e67d4eed23837b3362f04be4adb41c4908563678178
train_confirm_sac_off_warmup5000_seed3,3,SAC,last,validation_1009,all,1001,False,0.0,0.07792207792207792,1.0,0.41858141858141856,0.0,"[""angle"", ""omega""]",-0.018546175748816795,0.043295239038352626,-1.5500198545651516,-9.260688716536555,6d10d8951a1594d453cda953332fa545578927f415b457a9653b715510529075
train_confirm_sac_off_warmup5000_seed3,3,SAC,last,validation_1009,last2,201,False,0.0,0.07462686567164178,1.0,0.42786069651741293,0.0,"[""angle"", ""omega""]",-0.018546175748816795,0.043295239038352626,-1.5500198545651516,-9.260688716536555,6d10d8951a1594d453cda953332fa545578927f415b457a9653b715510529075
train_confirm_sac_off_warmup5000_seed3,3,SAC,last,validation_1010,all,1001,False,0.0,0.07692307692307693,1.0,0.42157842157842157,0.0,"[""angle"", ""omega""]",-0.01989159759635529,0.09257285949407387,-1.4168320179496898,-8.415464772359938,cf4bd2115e657060b1f3e5020068c3b286b0b158bf48543efd56cabb797f121a
train_confirm_sac_off_warmup5000_seed3,3,SAC,last,validation_1010,last2,201,False,0.0,0.07462686567164178,1.0,0.42786069651741293,0.0,"[""angle"", ""omega""]",-0.01989159759635529,0.09257285949407387,-1.4168320179496898,-8.415464772359938,cf4bd2115e657060b1f3e5020068c3b286b0b158bf48543efd56cabb797f121a
train_confirm_sac_off_warmup5000_seed3,3,SAC,last,validation_1011,all,1001,False,0.0,0.07892107892107893,1.0,0.4205794205794206,0.0,"[""angle"", ""omega""]",-0.018489896228882172,-0.00390227166851078,-1.6883628463739129,-10.025497342996077,0c01171733d350ee75e558abf0a74d8a154c31f02d650f247c63d74d1cceb882
train_confirm_sac_off_warmup5000_seed3,3,SAC,last,validation_1011,last2,201,False,0.0,0.07462686567164178,1.0,0.42786069651741293,0.0,"[""angle"", ""omega""]",-0.018489896228882172,-0.00390227166851078,-1.6883628463739129,-10.025497342996077,0c01171733d350ee75e558abf0a74d8a154c31f02d650f247c63d74d1cceb882
train_confirm_sac_off_warmup5000_seed3,3,SAC,last,validation_1012,all,1001,False,0.0,0.07892107892107893,1.0,0.42157842157842157,0.0,"[""angle"", ""omega""]",-0.01890938897651547,-0.019950923815962706,-1.7392836052392084,-10.273294311374718,5d8305cf7d577b6fc59ed44261772eee7272814cbb465cd4c718f8013bc33c14
train_confirm_sac_off_warmup5000_seed3,3,SAC,last,validation_1012,last2,201,False,0.0,0.07960199004975124,1.0,0.4228855721393035,0.0,"[""angle"", ""omega""]",-0.01890938897651547,-0.019950923815962706,-1.7392836052392084,-10.273294311374718,5d8305cf7d577b6fc59ed44261772eee7272814cbb465cd4c718f8013bc33c14
train_confirm_sac_off_warmup5000_seed3,3,SAC,last,validation_1013,all,1001,False,0.0,0.07892107892107893,1.0,0.42157842157842157,0.0,"[""angle"", ""omega""]",-0.02061802864859121,-0.06883394562221425,-1.898730703728627,-10.980330698360136,11d28b975347c62564da6032a29917d7e0bb57f2c1b0835dc6fb4dc15d395a05
train_confirm_sac_off_warmup5000_seed3,3,SAC,last,validation_1013,last2,201,False,0.0,0.07960199004975124,1.0,0.42786069651741293,0.0,"[""angle"", ""omega""]",-0.02061802864859121,-0.06883394562221425,-1.898730703728627,-10.980330698360136,11d28b975347c62564da6032a29917d7e0bb57f2c1b0835dc6fb4dc15d395a05
train_confirm_sac_off_warmup5000_seed3,3,SAC,last,validation_1014,all,1001,False,0.0,0.07892107892107893,1.0,0.41858141858141856,0.0,"[""angle"", ""omega""]",-0.018962395581735306,-0.01075781324373526,-1.7098801389996094,-10.126363642694121,944deec56622a1b0f5ae2f52b28c5ed713556c97571ed503b2db3f42a18ba8f0
train_confirm_sac_off_warmup5000_seed3,3,SAC,last,validation_1014,last2,201,False,0.0,0.07462686567164178,1.0,0.4228855721393035,0.0,"[""angle"", ""omega""]",-0.018962395581735306,-0.01075781324373526,-1.7098801389996094,-10.126363642694121,944deec56622a1b0f5ae2f52b28c5ed713556c97571ed503b2db3f42a18ba8f0
train_confirm_sac_off_warmup5000_seed3,3,SAC,last,validation_1015,all,1001,False,0.0,0.07992007992007992,1.0,0.41858141858141856,0.0,"[""angle"", ""omega""]",-0.01780198911342908,0.010849580972428809,-1.6445703185879306,-9.805193198690903,dc47e5464f451a0859eef558387a312dbbd606fdc1ebc2f7a84b1d6a873c22e4
train_confirm_sac_off_warmup5000_seed3,3,SAC,last,validation_1015,last2,201,False,0.0,0.07960199004975124,1.0,0.42786069651741293,0.0,"[""angle"", ""omega""]",-0.01780198911342908,0.010849580972428809,-1.6445703185879306,-9.805193198690903,dc47e5464f451a0859eef558387a312dbbd606fdc1ebc2f7a84b1d6a873c22e4
train_confirm_sac_off_warmup5000_seed3,3,SAC,last,validation_1016,all,1001,False,0.0,0.07992007992007992,1.0,0.4225774225774226,0.0,"[""angle"", ""omega""]",-0.018869846787889593,0.013525652194979233,-1.6359846909760989,-9.736882463472215,c400f18cd9e43ab404f6e5a5e946a1a9d1b51617c4d7872f57936d8cea5d3260
train_confirm_sac_off_warmup5000_seed3,3,SAC,last,validation_1016,last2,201,False,0.0,0.07960199004975124,1.0,0.4228855721393035,0.0,"[""angle"", ""omega""]",-0.018869846787889593,0.013525652194979233,-1.6359846909760989,-9.736882463472215,c400f18cd9e43ab404f6e5a5e946a1a9d1b51617c4d7872f57936d8cea5d3260
train_confirm_sac_off_warmup5000_seed3,3,SAC,last,validation_1017,all,1001,False,0.0,0.08191808191808192,1.0,0.4205794205794206,0.0,"[""angle"", ""omega""]",-0.01877351231209438,-0.0588248962131729,-1.8663354878765654,-10.872512031734535,c6f3dc70497015eb8b2df3b357479c7a58ed781f77a26ff2aa043115ab9776ce
train_confirm_sac_off_warmup5000_seed3,3,SAC,last,validation_1017,last2,201,False,0.0,0.07960199004975124,1.0,0.4228855721393035,0.0,"[""angle"", ""omega""]",-0.01877351231209438,-0.0588248962131729,-1.8663354878765654,-10.872512031734535,c6f3dc70497015eb8b2df3b357479c7a58ed781f77a26ff2aa043115ab9776ce
train_confirm_sac_off_warmup5000_seed3,3,SAC,last,validation_1018,all,1001,False,0.0,0.08091908091908091,1.0,0.4195804195804196,0.0,"[""angle"", ""omega""]",-0.01958248182294452,-0.03165748671509026,-1.775117757145654,-10.436853692892518,6a878889ee2207d7b703f4282a9fa57d3864ea4a909226a9479564f093f10dae
train_confirm_sac_off_warmup5000_seed3,3,SAC,last,validation_1018,last2,201,False,0.0,0.07462686567164178,1.0,0.4228855721393035,0.0,"[""angle"", ""omega""]",-0.01958248182294452,-0.03165748671509026,-1.775117757145654,-10.436853692892518,6a878889ee2207d7b703f4282a9fa57d3864ea4a909226a9479564f093f10dae
train_confirm_sac_off_warmup5000_seed3,3,SAC,last,validation_1019,all,1001,False,0.0,0.07892107892107893,1.0,0.4165834165834166,0.0,"[""angle"", ""omega""]",-0.01941367859061032,0.039801963457136796,-1.5589933997249381,-9.293977521880887,db5d69249d3fc3e0031a44a4e8263f32e82eb37ef17f3d44be33be1d532fd4d5
train_confirm_sac_off_warmup5000_seed3,3,SAC,last,validation_1019,last2,201,False,0.0,0.07462686567164178,1.0,0.417910447761194,0.0,"[""angle"", ""omega""]",-0.01941367859061032,0.039801963457136796,-1.5589933997249381,-9.293977521880887,db5d69249d3fc3e0031a44a4e8263f32e82eb37ef17f3d44be33be1d532fd4d5
train_confirm_sac_off_warmup5000_seed4,4,SAC,best,validation_1000,all,1001,False,0.3936063936063936,0.33266733266733267,1.0,0.7452547452547452,0.3126873126873127,"[""angle"", ""omega"", ""v""]",-0.03328293004997312,-0.2103829166958608,0.3159773029668566,1.9305769706019056,4abc6399fefc93ee5dbeeba7e6086437c64c35432ed7889e6b9d85e01813c9c9
train_confirm_sac_off_warmup5000_seed4,4,SAC,best,validation_1000,last2,201,False,0.681592039800995,0.5472636815920398,1.0,0.8557213930348259,0.5472636815920398,"[""angle"", ""omega"", ""v""]",-0.03328293004997312,-0.2103829166958608,0.3159773029668566,1.9305769706019056,4abc6399fefc93ee5dbeeba7e6086437c64c35432ed7889e6b9d85e01813c9c9
train_confirm_sac_off_warmup5000_seed4,4,SAC,best,validation_1001,all,1001,False,0.3986013986013986,0.33966033966033965,1.0,0.7492507492507493,0.31868131868131866,"[""angle"", ""omega""]",-0.02760524158197834,-0.16744464125675668,0.26152604271963525,1.6932792459000434,1826c83ac03b3e219a12bedea16070c4893dc7dab6812ddd7fb44838e90035ed
train_confirm_sac_off_warmup5000_seed4,4,SAC,best,validation_1001,last2,201,False,0.6865671641791045,0.5522388059701493,1.0,0.8656716417910447,0.5522388059701493,"[""angle"", ""omega""]",-0.02760524158197834,-0.16744464125675668,0.26152604271963525,1.6932792459000434,1826c83ac03b3e219a12bedea16070c4893dc7dab6812ddd7fb44838e90035ed
train_confirm_sac_off_warmup5000_seed4,4,SAC,best,validation_1002,all,1001,False,0.3956043956043956,0.33466533466533466,1.0,0.7472527472527473,0.3156843156843157,"[""angle"", ""omega""]",-0.022579020238113208,-0.13167424995661384,0.20810876450556165,1.4580935981108878,0fe7f47c5d7a5d1cc64b2c94f23f13dc5be4b1cd255e20c0bfd8b67454a1143e
train_confirm_sac_off_warmup5000_seed4,4,SAC,best,validation_1002,last2,201,False,0.6865671641791045,0.5522388059701493,1.0,0.8706467661691543,0.5522388059701493,"[""angle"", ""omega""]",-0.022579020238113208,-0.13167424995661384,0.20810876450556165,1.4580935981108878,0fe7f47c5d7a5d1cc64b2c94f23f13dc5be4b1cd255e20c0bfd8b67454a1143e
train_confirm_sac_off_warmup5000_seed4,4,SAC,best,validation_1003,all,1001,False,0.3956043956043956,0.3356643356643357,1.0,0.7452547452547452,0.3156843156843157,"[""angle"", ""omega""]",-0.02334042408958696,-0.13618761342411678,0.2164736754773559,1.4982476204758148,38f6540ae8ca97211c9b53e899cc69d6dd82e6ee137a9cf307dd04ea72d0e234
train_confirm_sac_off_warmup5000_seed4,4,SAC,best,validation_1003,last2,201,False,0.6766169154228856,0.5472636815920398,1.0,0.8606965174129353,0.5472636815920398,"[""angle"", ""omega""]",-0.02334042408958696,-0.13618761342411678,0.2164736754773559,1.4982476204758148,38f6540ae8ca97211c9b53e899cc69d6dd82e6ee137a9cf307dd04ea72d0e234
train_confirm_sac_off_warmup5000_seed4,4,SAC,best,validation_1004,all,1001,False,0.3926073926073926,0.3356643356643357,1.0,0.7462537462537463,0.3146853146853147,"[""angle"", ""omega""]",-0.02634807811043491,-0.15766855078600256,0.24866209174811033,1.6392222892784054,6642c31327d15a109aa20a9f23045951242cab649024686cda3a46bd4730c571
train_confirm_sac_off_warmup5000_seed4,4,SAC,best,validation_1004,last2,201,False,0.6716417910447762,0.5472636815920398,1.0,0.8606965174129353,0.5472636815920398,"[""angle"", ""omega""]",-0.02634807811043491,-0.15766855078600256,0.24866209174811033,1.6392222892784054,6642c31327d15a109aa20a9f23045951242cab649024686cda3a46bd4730c571
train_confirm_sac_off_warmup5000_seed4,4,SAC,best,validation_1005,all,1001,False,0.3986013986013986,0.3386613386613387,1.0,0.7522477522477522,0.31868131868131866,"[""angle"", ""omega""]",-0.024090259119761398,-0.14113018420577927,0.2246792568894515,1.53615060422324,8a547e4a564bb27d9d47324c5f770503f8b92ef4ab30fdb461381e1183882f63
train_confirm_sac_off_warmup5000_seed4,4,SAC,best,validation_1005,last2,201,False,0.6865671641791045,0.5522388059701493,1.0,0.8706467661691543,0.5522388059701493,"[""angle"", ""omega""]",-0.024090259119761398,-0.14113018420577927,0.2246792568894515,1.53615060422324,8a547e4a564bb27d9d47324c5f770503f8b92ef4ab30fdb461381e1183882f63
train_confirm_sac_off_warmup5000_seed4,4,SAC,best,validation_1006,all,1001,False,0.3926073926073926,0.33466533466533466,1.0,0.7442557442557443,0.31368631368631367,"[""angle"", ""omega"", ""v""]",-0.03329142395587071,-0.2104201561657293,0.3160483980260156,1.9308185804608,b25c5045bcac374462bb1d117f6d99ce7cd8f0934ebb36d4f613c1ab1dab57aa
train_confirm_sac_off_warmup5000_seed4,4,SAC,best,validation_1006,last2,201,False,0.6766169154228856,0.5422885572139303,1.0,0.8557213930348259,0.5422885572139303,"[""angle"", ""omega"", ""v""]",-0.03329142395587071,-0.2104201561657293,0.3160483980260156,1.9308185804608,b25c5045bcac374462bb1d117f6d99ce7cd8f0934ebb36d4f613c1ab1dab57aa
train_confirm_sac_off_warmup5000_seed4,4,SAC,best,validation_1007,all,1001,False,0.3936063936063936,0.33766233766233766,1.0,0.7442557442557443,0.3166833166833167,"[""angle"", ""omega""]",-0.02203385192655143,-0.12902312397316765,0.20205998983836743,1.425424171227756,3a83ae0bad95282fe0f7251900f21b0d858996870702f81502dfa51392701ef1
train_confirm_sac_off_warmup5000_seed4,4,SAC,best,validation_1007,last2,201,False,0.6716417910447762,0.5422885572139303,1.0,0.8557213930348259,0.5422885572139303,"[""angle"", ""omega""]",-0.02203385192655143,-0.12902312397316765,0.20205998983836743,1.425424171227756,3a83ae0bad95282fe0f7251900f21b0d858996870702f81502dfa51392701ef1
train_confirm_sac_off_warmup5000_seed4,4,SAC,best,validation_1008,all,1001,False,0.3926073926073926,0.3336663336663337,1.0,0.7462537462537463,0.3126873126873127,"[""angle"", ""omega"", ""v""]",-0.03459203713254913,-0.2200178360612849,0.32792340553451943,1.9846873013219852,8ddf4cb09c7e5f3a1b768158013d5efe1e86e03aec2dd7f3df6c5f138035b704
train_confirm_sac_off_warmup5000_seed4,4,SAC,best,validation_1008,last2,201,False,0.6766169154228856,0.5422885572139303,1.0,0.8507462686567164,0.5422885572139303,"[""angle"", ""omega"", ""v""]",-0.03459203713254913,-0.2200178360612849,0.32792340553451943,1.9846873013219852,8ddf4cb09c7e5f3a1b768158013d5efe1e86e03aec2dd7f3df6c5f138035b704
train_confirm_sac_off_warmup5000_seed4,4,SAC,best,validation_1009,all,1001,False,0.3956043956043956,0.3356643356643357,1.0,0.7472527472527473,0.3156843156843157,"[""angle"", ""omega""]",-0.026073919326790977,-0.15550712721811136,0.24577509553904292,1.6273939806451176,63805a45496066a5f312760a69596c64ddb357df389ad41c943d85a7584f23d7
train_confirm_sac_off_warmup5000_seed4,4,SAC,best,validation_1009,last2,201,False,0.6766169154228856,0.5422885572139303,1.0,0.8606965174129353,0.5422885572139303,"[""angle"", ""omega""]",-0.026073919326790977,-0.15550712721811136,0.24577509553904292,1.6273939806451176,63805a45496066a5f312760a69596c64ddb357df389ad41c943d85a7584f23d7
train_confirm_sac_off_warmup5000_seed4,4,SAC,best,validation_1010,all,1001,False,0.3956043956043956,0.33766233766233766,1.0,0.7442557442557443,0.3176823176823177,"[""omega""]",-0.017922329235951526,-0.12312164667375117,0.16011845558887167,1.13820433181264,8b5236a8ab8bd7f62be3dfeff1709d989cbb10fe8050521931f3c2c44f6f67db
train_confirm_sac_off_warmup5000_seed4,4,SAC,best,validation_1010,last2,201,False,0.681592039800995,0.5522388059701493,1.0,0.8557213930348259,0.5522388059701493,"[""omega""]",-0.017922329235951526,-0.12312164667375117,0.16011845558887167,1.13820433181264,8b5236a8ab8bd7f62be3dfeff1709d989cbb10fe8050521931f3c2c44f6f67db
train_confirm_sac_off_warmup5000_seed4,4,SAC,best,validation_1011,all,1001,False,0.3946053946053946,0.3356643356643357,1.0,0.7492507492507493,0.3156843156843157,"[""angle"", ""omega""]",-0.028686545004799054,-0.17596991149621652,0.2723938581981495,1.7384380831169899,3aa85342374491eb2b8a424c035ee0f0b18c070962f9354074422c7a30e7990f
train_confirm_sac_off_warmup5000_seed4,4,SAC,best,validation_1011,last2,201,False,0.6865671641791045,0.5522388059701493,1.0,0.8706467661691543,0.5522388059701493,"[""angle"", ""omega""]",-0.028686545004799054,-0.17596991149621652,0.2723938581981495,1.7384380831169899,3aa85342374491eb2b8a424c035ee0f0b18c070962f9354074422c7a30e7990f
train_confirm_sac_off_warmup5000_seed4,4,SAC,best,validation_1012,all,1001,False,0.3946053946053946,0.3356643356643357,1.0,0.7492507492507493,0.3146853146853147,"[""angle"", ""omega"", ""v""]",-0.033153117792366,-0.20939990748517281,0.31477591150138146,1.925059252747884,f74827462adeaafd3e3ce945231b4fa058d2ebd315c42c0750afdfd23f13125d
train_confirm_sac_off_warmup5000_seed4,4,SAC,best,validation_1012,last2,201,False,0.6766169154228856,0.5422885572139303,1.0,0.8557213930348259,0.5422885572139303,"[""angle"", ""omega"", ""v""]",-0.033153117792366,-0.20939990748517281,0.31477591150138146,1.925059252747884,f74827462adeaafd3e3ce945231b4fa058d2ebd315c42c0750afdfd23f13125d
train_confirm_sac_off_warmup5000_seed4,4,SAC,best,validation_1013,all,1001,False,0.3926073926073926,0.3336663336663337,1.0,0.7452547452547452,0.3126873126873127,"[""angle"", ""omega"", ""v""]",-0.03218748996812222,-0.20231046997470864,0.30590574110057694,1.885073418892145,206fb071b47013123ca3185a0728b2c188a3076e2bad43c290fbd479a2b5eaad
train_confirm_sac_off_warmup5000_seed4,4,SAC,best,validation_1013,last2,201,False,0.6766169154228856,0.5472636815920398,1.0,0.8557213930348259,0.5472636815920398,"[""angle"", ""omega"", ""v""]",-0.03218748996812222,-0.20231046997470864,0.30590574110057694,1.885073418892145,206fb071b47013123ca3185a0728b2c188a3076e2bad43c290fbd479a2b5eaad
train_confirm_sac_off_warmup5000_seed4,4,SAC,best,validation_1014,all,1001,False,0.3926073926073926,0.33466533466533466,1.0,0.7462537462537463,0.31368631368631367,"[""angle"", ""omega""]",-0.025663257430773457,-0.15235627391890424,0.2415045639348121,1.609694462876031,3f0b32238bb1d7796a66589f3e137641158026ec0152f04dcd73ca9a30470941
train_confirm_sac_off_warmup5000_seed4,4,SAC,best,validation_1014,last2,201,False,0.6766169154228856,0.5472636815920398,1.0,0.8606965174129353,0.5472636815920398,"[""angle"", ""omega""]",-0.025663257430773457,-0.15235627391890424,0.2415045639348121,1.609694462876031,3f0b32238bb1d7796a66589f3e137641158026ec0152f04dcd73ca9a30470941
train_confirm_sac_off_warmup5000_seed4,4,SAC,best,validation_1015,all,1001,False,0.3966033966033966,0.33966033966033965,1.0,0.7442557442557443,0.31868131868131866,"[""angle"", ""omega""]",-0.02245578445053431,-0.130979642660046,0.2067395090862027,1.4511017298010582,ded55ab6fe24191ebb6b0240034920deacc011e4810d33a951c5a9e5e6029042
train_confirm_sac_off_warmup5000_seed4,4,SAC,best,validation_1015,last2,201,False,0.681592039800995,0.5522388059701493,1.0,0.8606965174129353,0.5522388059701493,"[""angle"", ""omega""]",-0.02245578445053431,-0.130979642660046,0.2067395090862027,1.4511017298010582,ded55ab6fe24191ebb6b0240034920deacc011e4810d33a951c5a9e5e6029042
train_confirm_sac_off_warmup5000_seed4,4,SAC,best,validation_1016,all,1001,False,0.3946053946053946,0.33466533466533466,1.0,0.7452547452547452,0.3146853146853147,"[""angle"", ""omega""]",-0.027715075173293937,-0.16827580044164853,0.2626243979651774,1.6975220279964838,3bb4b4cb9df8a50d7e2f8b6fc542ae46641ee14a2f1b627d01a9fee7a0a0912b
train_confirm_sac_off_warmup5000_seed4,4,SAC,best,validation_1016,last2,201,False,0.6766169154228856,0.5422885572139303,1.0,0.8606965174129353,0.5422885572139303,"[""angle"", ""omega""]",-0.027715075173293937,-0.16827580044164853,0.2626243979651774,1.6975220279964838,3bb4b4cb9df8a50d7e2f8b6fc542ae46641ee14a2f1b627d01a9fee7a0a0912b
train_confirm_sac_off_warmup5000_seed4,4,SAC,best,validation_1017,all,1001,False,0.3946053946053946,0.33666333666333664,1.0,0.7502497502497503,0.31368631368631367,"[""angle"", ""omega""]",-0.02885649699586165,-0.17722299515815537,0.27403328637501145,1.7451816387849974,1f73048789278be7bee7f41246592ad460d4b303e2de70b8361df806632b5b9a
train_confirm_sac_off_warmup5000_seed4,4,SAC,best,validation_1017,last2,201,False,0.6766169154228856,0.5422885572139303,1.0,0.8606965174129353,0.5422885572139303,"[""angle"", ""omega""]",-0.02885649699586165,-0.17722299515815537,0.27403328637501145,1.7451816387849974,1f73048789278be7bee7f41246592ad460d4b303e2de70b8361df806632b5b9a
train_confirm_sac_off_warmup5000_seed4,4,SAC,best,validation_1018,all,1001,False,0.3936063936063936,0.33266733266733267,1.0,0.7502497502497503,0.3126873126873127,"[""angle"", ""omega""]",-0.026936657475225462,-0.16221271828643544,0.25477452871940853,1.664919879606221,4d4066af91c4cf190b8a99785e9579c25050cdc5963492f98203d45704ee2d9b
train_confirm_sac_off_warmup5000_seed4,4,SAC,best,validation_1018,last2,201,False,0.6766169154228856,0.5422885572139303,1.0,0.8606965174129353,0.5422885572139303,"[""angle"", ""omega""]",-0.026936657475225462,-0.16221271828643544,0.25477452871940853,1.664919879606221,4d4066af91c4cf190b8a99785e9579c25050cdc5963492f98203d45704ee2d9b
train_confirm_sac_off_warmup5000_seed4,4,SAC,best,validation_1019,all,1001,False,0.3946053946053946,0.3356643356643357,1.0,0.7492507492507493,0.3156843156843157,"[""angle"", ""omega""]",-0.024770073621612092,-0.14583500515586933,0.2319998492597785,1.5683970804072989,ea0e23fd23ed19527514e04a5bb06dcd1a10a733281b3fe61398e3984ce46ef9
train_confirm_sac_off_warmup5000_seed4,4,SAC,best,validation_1019,last2,201,False,0.6716417910447762,0.5422885572139303,1.0,0.8606965174129353,0.5422885572139303,"[""angle"", ""omega""]",-0.024770073621612092,-0.14583500515586933,0.2319998492597785,1.5683970804072989,ea0e23fd23ed19527514e04a5bb06dcd1a10a733281b3fe61398e3984ce46ef9
train_confirm_sac_off_warmup5000_seed4,4,SAC,last,validation_1000,all,1001,False,0.11788211788211789,0.1038961038961039,1.0,0.6073926073926074,0.06693306693306693,"[""angle"", ""omega"", ""v""]",-0.06639266726754754,0.24542419456732967,2.222030263063981,13.438805173160452,12aeefe6135bae32ac6928420d4221ac6a46d255a1e5dd05578ac66b488a9674
train_confirm_sac_off_warmup5000_seed4,4,SAC,last,validation_1000,last2,201,False,0.22885572139303484,0.16417910447761194,1.0,0.7412935323383084,0.13432835820895522,"[""angle"", ""omega"", ""v""]",-0.06639266726754754,0.24542419456732967,2.222030263063981,13.438805173160452,12aeefe6135bae32ac6928420d4221ac6a46d255a1e5dd05578ac66b488a9674
train_confirm_sac_off_warmup5000_seed4,4,SAC,last,validation_1001,all,1001,False,0.11388611388611389,0.1038961038961039,1.0,0.6033966033966034,0.06493506493506493,"[""angle"", ""omega"", ""v""]",-0.046485083111383094,0.43419331107104564,3.026807182070094,14.081630006511586,d06cbc887f1afb1c3fa319b93040ab53504a568066a359034e950473e3340b62
train_confirm_sac_off_warmup5000_seed4,4,SAC,last,validation_1001,last2,201,False,0.22388059701492538,0.16417910447761194,1.0,0.736318407960199,0.12935323383084577,"[""angle"", ""omega"", ""v""]",-0.046485083111383094,0.43419331107104564,3.026807182070094,14.081630006511586,d06cbc887f1afb1c3fa319b93040ab53504a568066a359034e950473e3340b62
train_confirm_sac_off_warmup5000_seed4,4,SAC,last,validation_1002,all,1001,False,0.12387612387612387,0.1088911088911089,1.0,0.6003996003996004,0.06893106893106893,"[""angle"", ""omega""]",-0.07966446456865253,-0.06439465362776153,0.8977928443532524,6.733526607111802,dc43e3a4a1ddf658455bafc4ac77666750bc6afa977afefa13332cca8c394733
train_confirm_sac_off_warmup5000_seed4,4,SAC,last,validation_1002,last2,201,False,0.22388059701492538,0.16417910447761194,1.0,0.6865671641791045,0.12935323383084577,"[""angle"", ""omega""]",-0.07966446456865253,-0.06439465362776153,0.8977928443532524,6.733526607111802,dc43e3a4a1ddf658455bafc4ac77666750bc6afa977afefa13332cca8c394733
train_confirm_sac_off_warmup5000_seed4,4,SAC,last,validation_1003,all,1001,False,0.12387612387612387,0.1088911088911089,1.0,0.6013986013986014,0.07092907092907093,"[""angle"", ""omega""]",-0.07904528094923861,-0.08894117873536186,0.8482075611803545,6.330439693532372,da64c5443a88f6b2a4a89d1ee254bbc46d83b0b327e00043e7642379fbbfb032
train_confirm_sac_off_warmup5000_seed4,4,SAC,last,validation_1003,last2,201,False,0.22388059701492538,0.16417910447761194,1.0,0.681592039800995,0.13432835820895522,"[""angle"", ""omega""]",-0.07904528094923861,-0.08894117873536186,0.8482075611803545,6.330439693532372,da64c5443a88f6b2a4a89d1ee254bbc46d83b0b327e00043e7642379fbbfb032
train_confirm_sac_off_warmup5000_seed4,4,SAC,last,validation_1004,all,1001,False,0.11988011988011989,0.10789210789210789,1.0,0.6023976023976024,0.06793206793206794,"[""angle"", ""omega""]",-0.08025292901145877,0.00626829070184532,1.0506799026667333,7.894172342712181,abd722fac474df59b4643f39810f7e03dff3cbf20d69d856057da413e74bc722
train_confirm_sac_off_warmup5000_seed4,4,SAC,last,validation_1004,last2,201,False,0.22388059701492538,0.16417910447761194,1.0,0.6915422885572139,0.12935323383084577,"[""angle"", ""omega""]",-0.08025292901145877,0.00626829070184532,1.0506799026667333,7.894172342712181,abd722fac474df59b4643f39810f7e03dff3cbf20d69d856057da413e74bc722
train_confirm_sac_off_warmup5000_seed4,4,SAC,last,validation_1005,all,1001,False,0.12087912087912088,0.10589410589410589,1.0,0.5974025974025974,0.06793206793206794,"[""angle"", ""omega""]",-0.07962211634773383,0.05998766514439094,1.2104555070240262,8.954936127799686,7ebb1b705729a86ad915f8cb4c73619997abcadfaf146483e041052bfea6279e
train_confirm_sac_off_warmup5000_seed4,4,SAC,last,validation_1005,last2,201,False,0.22388059701492538,0.16417910447761194,1.0,0.7064676616915423,0.12935323383084577,"[""angle"", ""omega""]",-0.07962211634773383,0.05998766514439094,1.2104555070240262,8.954936127799686,7ebb1b705729a86ad915f8cb4c73619997abcadfaf146483e041052bfea6279e
train_confirm_sac_off_warmup5000_seed4,4,SAC,last,validation_1006,all,1001,False,0.11988011988011989,0.10589410589410589,1.0,0.6043956043956044,0.06693306693306693,"[""angle"", ""omega""]",-0.07587312620040661,0.13927696402401507,1.5745906301745773,10.984884248970022,63818cd50341398edbee9ef93ff3167ba0b320513a76cc32dc3c0b957386e7b2
train_confirm_sac_off_warmup5000_seed4,4,SAC,last,validation_1006,last2,201,False,0.23383084577114427,0.1691542288557214,1.0,0.7263681592039801,0.13432835820895522,"[""angle"", ""omega""]",-0.07587312620040661,0.13927696402401507,1.5745906301745773,10.984884248970022,63818cd50341398edbee9ef93ff3167ba0b320513a76cc32dc3c0b957386e7b2
train_confirm_sac_off_warmup5000_seed4,4,SAC,last,validation_1007,all,1001,False,0.12387612387612387,0.1068931068931069,1.0,0.6033966033966034,0.06993006993006994,"[""angle"", ""omega""]",-0.0787542940415526,-0.1004413306644992,0.8268776958004704,6.152048648158555,c672891c1c62193767fdad0602e1f5030dc62b6bac6916dfb7796bf3a807a74b
train_confirm_sac_off_warmup5000_seed4,4,SAC,last,validation_1007,last2,201,False,0.23383084577114427,0.1691542288557214,1.0,0.6865671641791045,0.13432835820895522,"[""angle"", ""omega""]",-0.0787542940415526,-0.1004413306644992,0.8268776958004704,6.152048648158555,c672891c1c62193767fdad0602e1f5030dc62b6bac6916dfb7796bf3a807a74b
train_confirm_sac_off_warmup5000_seed4,4,SAC,last,validation_1008,all,1001,False,0.11888111888111888,0.10789210789210789,1.0,0.6023976023976024,0.06793206793206794,"[""angle"", ""omega""]",-0.07593668205032592,0.13856635573740828,1.5693530634445996,10.957255714159963,083808fff63570edb747f5b6448f2fca50be82bf06494302ee871700bb7ae8d6
train_confirm_sac_off_warmup5000_seed4,4,SAC,last,validation_1008,last2,201,False,0.22885572139303484,0.16417910447761194,1.0,0.7213930348258707,0.12935323383084577,"[""angle"", ""omega""]",-0.07593668205032592,0.13856635573740828,1.5693530634445996,10.957255714159963,083808fff63570edb747f5b6448f2fca50be82bf06494302ee871700bb7ae8d6
train_confirm_sac_off_warmup5000_seed4,4,SAC,last,validation_1009,all,1001,False,0.12487512487512488,0.11288711288711288,1.0,0.6023976023976024,0.07192807192807193,"[""angle"", ""omega""]",-0.07834965074645892,-0.1111774315159661,0.8059952846863967,5.9752514404550405,73dc996acd86c88ea5ca50d77e7d46825d6008b1695410b9df5b850b41c268d7
train_confirm_sac_off_warmup5000_seed4,4,SAC,last,validation_1009,last2,201,False,0.23383084577114427,0.1691542288557214,1.0,0.681592039800995,0.13432835820895522,"[""angle"", ""omega""]",-0.07834965074645892,-0.1111774315159661,0.8059952846863967,5.9752514404550405,73dc996acd86c88ea5ca50d77e7d46825d6008b1695410b9df5b850b41c268d7
train_confirm_sac_off_warmup5000_seed4,4,SAC,last,validation_1010,all,1001,False,0.12187812187812187,0.10789210789210789,1.0,0.6023976023976024,0.06893106893106893,"[""angle"", ""omega""]",-0.07904851442669268,-0.0886233008217282,0.8487789763800911,6.3363504107183495,0679063c016d5458aa7ed9d19e73663534502f40cb71a58bb1f7962764066881
train_confirm_sac_off_warmup5000_seed4,4,SAC,last,validation_1010,last2,201,False,0.22885572139303484,0.1691542288557214,1.0,0.681592039800995,0.13432835820895522,"[""angle"", ""omega""]",-0.07904851442669268,-0.0886233008217282,0.8487789763800911,6.3363504107183495,0679063c016d5458aa7ed9d19e73663534502f40cb71a58bb1f7962764066881
train_confirm_sac_off_warmup5000_seed4,4,SAC,last,validation_1011,all,1001,False,0.11888111888111888,0.1048951048951049,1.0,0.6023976023976024,0.06693306693306693,"[""angle"", ""omega""]",-0.07616497364296107,0.135041977484828,1.549324490608025,10.85754571887037,b2111ecc6de95d3e05caa99c596eca60d0d51ccf6e712f4b7cfcdf11d885a2c8
train_confirm_sac_off_warmup5000_seed4,4,SAC,last,validation_1011,last2,201,False,0.22885572139303484,0.1691542288557214,1.0,0.7213930348258707,0.13432835820895522,"[""angle"", ""omega""]",-0.07616497364296107,0.135041977484828,1.549324490608025,10.85754571887037,b2111ecc6de95d3e05caa99c596eca60d0d51ccf6e712f4b7cfcdf11d885a2c8
train_confirm_sac_off_warmup5000_seed4,4,SAC,last,validation_1012,all,1001,False,0.11688311688311688,0.1048951048951049,1.0,0.6093906093906094,0.06693306693306693,"[""angle"", ""omega"", ""v""]",-0.06831133144419356,0.2177048207364623,2.112339621017744,13.152673685019105,15de0433f2b38428187fb2f0cb109008906b4a92a7976c1c01fc60ce6a0f6fde
train_confirm_sac_off_warmup5000_seed4,4,SAC,last,validation_1012,last2,201,False,0.22885572139303484,0.1691542288557214,1.0,0.746268656716418,0.13432835820895522,"[""angle"", ""omega"", ""v""]",-0.06831133144419356,0.2177048207364623,2.112339621017744,13.152673685019105,15de0433f2b38428187fb2f0cb109008906b4a92a7976c1c01fc60ce6a0f6fde
train_confirm_sac_off_warmup5000_seed4,4,SAC,last,validation_1013,all,1001,False,0.1088911088911089,0.1028971028971029,1.0,0.6023976023976024,0.06393606393606394,"[""angle"", ""omega"", ""v""]",-0.030088765437394024,0.42074140227808193,-2.737888473183768,13.85356367315193,a5afc36e66abd7abb094011f08e27b49246a3fd9636c264195d806f5f635ac04
train_confirm_sac_off_warmup5000_seed4,4,SAC,last,validation_1013,last2,201,False,0.22885572139303484,0.1691542288557214,1.0,0.746268656716418,0.13432835820895522,"[""angle"", ""omega"", ""v""]",-0.030088765437394024,0.42074140227808193,-2.737888473183768,13.85356367315193,a5afc36e66abd7abb094011f08e27b49246a3fd9636c264195d806f5f635ac04
train_confirm_sac_off_warmup5000_seed4,4,SAC,last,validation_1014,all,1001,False,0.11988011988011989,0.10789210789210789,1.0,0.6043956043956044,0.06893106893106893,"[""angle"", ""omega""]",-0.07818890871787916,0.10075068256324762,1.3743522610762684,9.92546148786258,f52545be860c96edd5ec7a15de42655c19570b334204ebf804005929101f7f4a
train_confirm_sac_off_warmup5000_seed4,4,SAC,last,validation_1014,last2,201,False,0.22388059701492538,0.16417910447761194,1.0,0.7164179104477612,0.12935323383084577,"[""angle"", ""omega""]",-0.07818890871787916,0.10075068256324762,1.3743522610762684,9.92546148786258,f52545be860c96edd5ec7a15de42655c19570b334204ebf804005929101f7f4a
train_confirm_sac_off_warmup5000_seed4,4,SAC,last,validation_1015,all,1001,False,0.11988011988011989,0.1088911088911089,1.0,0.6013986013986014,0.06893106893106893,"[""angle"", ""omega""]",-0.07992362079470643,0.041150462835208436,1.1483764694977687,8.559322032834432,9be017462afa392b7a86fd33cc6818e98cd6f3221575d93f22ca771067195b2c
train_confirm_sac_off_warmup5000_seed4,4,SAC,last,validation_1015,last2,201,False,0.22388059701492538,0.16417910447761194,1.0,0.7014925373134329,0.13432835820895522,"[""angle"", ""omega""]",-0.07992362079470643,0.041150462835208436,1.1483764694977687,8.559322032834432,9be017462afa392b7a86fd33cc6818e98cd6f3221575d93f22ca771067195b2c
train_confirm_sac_off_warmup5000_seed4,4,SAC,last,validation_1016,all,1001,False,0.12387612387612387,0.1108891108891109,1.0,0.6023976023976024,0.07092907092907093,"[""angle"", ""omega""]",-0.08014869462490026,-0.02203315803860696,0.982870411490522,7.403614659864034,fef5be79b090ee7d2071d6b6b0905f6f9e55fd43271b7703d52710e449673d26
train_confirm_sac_off_warmup5000_seed4,4,SAC,last,validation_1016,last2,201,False,0.22885572139303484,0.1691542288557214,1.0,0.6965174129353234,0.13432835820895522,"[""angle"", ""omega""]",-0.08014869462490026,-0.02203315803860696,0.982870411490522,7.403614659864034,fef5be79b090ee7d2071d6b6b0905f6f9e55fd43271b7703d52710e449673d26
train_confirm_sac_off_warmup5000_seed4,4,SAC,last,validation_1017,all,1001,False,0.0939060939060939,0.0999000999000999,1.0,0.6103896103896104,0.053946053946053944,"[""angle"", ""omega"", ""v""]",0.01572922690464691,0.23461946070604717,-1.0329123629080765,7.133912828480973,11030b5a76804c8b12a655dc3791c598b27aa082f1f8f3bb21fdedaeb284851d
train_confirm_sac_off_warmup5000_seed4,4,SAC,last,validation_1017,last2,201,False,0.23383084577114427,0.14925373134328357,1.0,0.7164179104477612,0.13432835820895522,"[""angle"", ""omega"", ""v""]",0.01572922690464691,0.23461946070604717,-1.0329123629080765,7.133912828480973,11030b5a76804c8b12a655dc3791c598b27aa082f1f8f3bb21fdedaeb284851d
train_confirm_sac_off_warmup5000_seed4,4,SAC,last,validation_1018,all,1001,False,0.11388611388611389,0.1028971028971029,1.0,0.6063936063936064,0.06593406593406594,"[""angle"", ""omega"", ""v""]",-0.060830306052147724,0.31562127276420665,2.493473453375363,13.92280890353379,321935a34fe7f8bd6b7b1e176dfca5ca2fdb465b3a6b55a053a45b4b686fcde8
train_confirm_sac_off_warmup5000_seed4,4,SAC,last,validation_1018,last2,201,False,0.22885572139303484,0.16417910447761194,1.0,0.736318407960199,0.12935323383084577,"[""angle"", ""omega"", ""v""]",-0.060830306052147724,0.31562127276420665,2.493473453375363,13.92280890353379,321935a34fe7f8bd6b7b1e176dfca5ca2fdb465b3a6b55a053a45b4b686fcde8
train_confirm_sac_off_warmup5000_seed4,4,SAC,last,validation_1019,all,1001,False,0.11988011988011989,0.1068931068931069,1.0,0.6003996003996004,0.06893106893106893,"[""angle"", ""omega""]",-0.07993054048424561,0.041108888276357045,1.1481377163221576,8.556197212523097,3b0c3aaf3ae374a4116f096cd77ad566af34d87761036ab7d15477b1d57a6e37
train_confirm_sac_off_warmup5000_seed4,4,SAC,last,validation_1019,last2,201,False,0.22388059701492538,0.16417910447761194,1.0,0.6965174129353234,0.12935323383084577,"[""angle"", ""omega""]",-0.07993054048424561,0.041108888276357045,1.1481377163221576,8.556197212523097,3b0c3aaf3ae374a4116f096cd77ad566af34d87761036ab7d15477b1d57a6e37
train_confirm_sac_off_warmup5000_seed5,5,SAC,best,validation_1000,all,1001,False,0.32167832167832167,0.25074925074925075,0.9630369630369631,0.5774225774225774,0.16683316683316685,"[""angle"", ""omega""]",-0.15415600216114286,0.1513618519237062,-1.910704688085135,11.967509166593103,49afbcd2e47f2a51ff4ec186dc6500a90eedaf942068d2897dca8fa3e00e127e
train_confirm_sac_off_warmup5000_seed5,5,SAC,best,validation_1000,last2,201,False,0.7263681592039801,0.6417910447761194,0.9203980099502488,0.8009950248756219,0.6417910447761194,"[""angle"", ""omega""]",-0.15415600216114286,0.1513618519237062,-1.910704688085135,11.967509166593103,49afbcd2e47f2a51ff4ec186dc6500a90eedaf942068d2897dca8fa3e00e127e
train_confirm_sac_off_warmup5000_seed5,5,SAC,best,validation_1001,all,1001,False,0.29270729270729273,0.22277722277722278,0.962037962037962,0.5804195804195804,0.14085914085914086,"[""angle"", ""omega""]",-0.13692611610453756,0.060963180398750295,-0.2555007904463502,1.5766474055001822,0c7333ea04d2cec5e10cfc0d7a03d4d803492745a3c46d4d17cc011587b178b7
train_confirm_sac_off_warmup5000_seed5,5,SAC,best,validation_1001,last2,201,False,0.5771144278606966,0.5124378109452736,0.9154228855721394,0.8059701492537313,0.5124378109452736,"[""angle"", ""omega""]",-0.13692611610453756,0.060963180398750295,-0.2555007904463502,1.5766474055001822,0c7333ea04d2cec5e10cfc0d7a03d4d803492745a3c46d4d17cc011587b178b7
train_confirm_sac_off_warmup5000_seed5,5,SAC,best,validation_1002,all,1001,False,0.31368631368631367,0.24175824175824176,0.9630369630369631,0.5784215784215784,0.15684315684315683,"[""angle"", ""omega""]",-0.14908306368487853,0.08978300016165869,-1.2142831812893076,8.511915639589292,cbce3f59656c6fc7711a907aeb1ddb03171eac004592a704e968be09e7b2829b
train_confirm_sac_off_warmup5000_seed5,5,SAC,best,validation_1002,last2,201,False,0.6915422885572139,0.6069651741293532,0.9203980099502488,0.8009950248756219,0.6069651741293532,"[""angle"", ""omega""]",-0.14908306368487853,0.08978300016165869,-1.2142831812893076,8.511915639589292,cbce3f59656c6fc7711a907aeb1ddb03171eac004592a704e968be09e7b2829b
train_confirm_sac_off_warmup5000_seed5,5,SAC,best,validation_1003,all,1001,False,0.28771228771228774,0.2007992007992008,0.9600399600399601,0.5814185814185814,0.12087912087912088,"[""omega""]",-0.12668321173700176,0.11666447359658913,-0.13144022489137314,0.7761428158012451,9e57d82b9f5f81ba8950a11a56497d9f01c877d9811bd04d7b532c2394a94f1d
train_confirm_sac_off_warmup5000_seed5,5,SAC,best,validation_1003,last2,201,False,0.5472636815920398,0.47761194029850745,0.9104477611940298,0.8009950248756219,0.47761194029850745,"[""omega""]",-0.12668321173700176,0.11666447359658913,-0.13144022489137314,0.7761428158012451,9e57d82b9f5f81ba8950a11a56497d9f01c877d9811bd04d7b532c2394a94f1d
train_confirm_sac_off_warmup5000_seed5,5,SAC,best,validation_1004,all,1001,False,0.3106893106893107,0.22977022977022976,0.961038961038961,0.5804195804195804,0.14685314685314685,"[""angle"", ""omega""]",-0.14075872415678786,0.03195114535385753,-0.6628087317586098,4.652057301980977,574c3025328cb870e79eae408e5ac7295cd353751f33d2b56d76c7d228569d1d
train_confirm_sac_off_warmup5000_seed5,5,SAC,best,validation_1004,last2,201,False,0.6517412935323383,0.6019900497512438,0.9154228855721394,0.8009950248756219,0.6019900497512438,"[""angle"", ""omega""]",-0.14075872415678786,0.03195114535385753,-0.6628087317586098,4.652057301980977,574c3025328cb870e79eae408e5ac7295cd353751f33d2b56d76c7d228569d1d
train_confirm_sac_off_warmup5000_seed5,5,SAC,best,validation_1005,all,1001,False,0.2967032967032967,0.22377622377622378,0.961038961038961,0.5804195804195804,0.14085914085914086,"[""angle"", ""omega""]",-0.13761702303557719,0.05338042828213011,-0.2782580878640411,1.7289743907881685,67c9d4361895ca8cc0be71b1e7c070b7b25a2adbace9f90f3d1d5e60771b1872
train_confirm_sac_off_warmup5000_seed5,5,SAC,best,validation_1005,last2,201,False,0.582089552238806,0.5323383084577115,0.9154228855721394,0.8059701492537313,0.5323383084577115,"[""angle"", ""omega""]",-0.13761702303557719,0.05338042828213011,-0.2782580878640411,1.7289743907881685,67c9d4361895ca8cc0be71b1e7c070b7b25a2adbace9f90f3d1d5e60771b1872
train_confirm_sac_off_warmup5000_seed5,5,SAC,best,validation_1006,all,1001,False,0.2887112887112887,0.2077922077922078,0.961038961038961,0.5774225774225774,0.12687312687312688,"[""omega""]",-0.12782994561709574,0.11355357344419018,-0.13944092335803632,0.8321955017684823,60fdcbba8f1b3eca87d284bc54ff453de9c8f9d41ab13204eab65fd817aa14ff
train_confirm_sac_off_warmup5000_seed5,5,SAC,best,validation_1006,last2,201,False,0.5472636815920398,0.48258706467661694,0.9154228855721394,0.8009950248756219,0.48258706467661694,"[""omega""]",-0.12782994561709574,0.11355357344419018,-0.13944092335803632,0.8321955017684823,60fdcbba8f1b3eca87d284bc54ff453de9c8f9d41ab13204eab65fd817aa14ff
train_confirm_sac_off_warmup5000_seed5,5,SAC,best,validation_1007,all,1001,False,0.32167832167832167,0.24175824175824176,0.9630369630369631,0.5774225774225774,0.15984015984015984,"[""angle"", ""omega""]",-0.15120015118469624,0.05150308252074348,-1.572089285438699,10.454770222211774,f71e5f80b3144b5920faaed5b9b43763e35b5b4cd203386ec9c6d4ecf3ee5008
train_confirm_sac_off_warmup5000_seed5,5,SAC,best,validation_1007,last2,201,False,0.7114427860696517,0.6417910447761194,0.9203980099502488,0.8009950248756219,0.6417910447761194,"[""angle"", ""omega""]",-0.15120015118469624,0.05150308252074348,-1.572089285438699,10.454770222211774,f71e5f80b3144b5920faaed5b9b43763e35b5b4cd203386ec9c6d4ecf3ee5008
train_confirm_sac_off_warmup5000_seed5,5,SAC,best,validation_1008,all,1001,False,0.3226773226773227,0.24975024975024976,0.9630369630369631,0.5784215784215784,0.16383616383616384,"[""angle"", ""omega""]",-0.15121550940703504,0.0527633571949149,-1.5783041628401162,10.488206749858584,3bdc19181c22f4f5162c4ffc531a90d6e9302fd1b85fc71b4a0d102b8071582e
train_confirm_sac_off_warmup5000_seed5,5,SAC,best,validation_1008,last2,201,False,0.7114427860696517,0.6467661691542289,0.9203980099502488,0.8009950248756219,0.6467661691542289,"[""angle"", ""omega""]",-0.15121550940703504,0.0527633571949149,-1.5783041628401162,10.488206749858584,3bdc19181c22f4f5162c4ffc531a90d6e9302fd1b85fc71b4a0d102b8071582e
train_confirm_sac_off_warmup5000_seed5,5,SAC,best,validation_1009,all,1001,False,0.3006993006993007,0.21978021978021978,0.961038961038961,0.5814185814185814,0.13786213786213786,"[""angle"", ""omega""]",-0.13905388373619665,0.03620529753777151,-0.3324647667728607,2.1101126452500125,23bb02316278637c7589fc9d4acff2f6e26029cce55086c038bcec2e7a3eb8ae
train_confirm_sac_off_warmup5000_seed5,5,SAC,best,validation_1009,last2,201,False,0.5970149253731343,0.5522388059701493,0.9154228855721394,0.7960199004975125,0.5522388059701493,"[""angle"", ""omega""]",-0.13905388373619665,0.03620529753777151,-0.3324647667728607,2.1101126452500125,23bb02316278637c7589fc9d4acff2f6e26029cce55086c038bcec2e7a3eb8ae
train_confirm_sac_off_warmup5000_seed5,5,SAC,best,validation_1010,all,1001,False,0.3206793206793207,0.24175824175824176,0.962037962037962,0.5774225774225774,0.15884115884115885,"[""angle"", ""omega""]",-0.1541858201031141,0.15223538991701255,-1.9136797033384085,11.97897224660532,6c746d2bf7aaae7b28842e6c2fddba54624741ef124ae27f3207f1d345999339
train_confirm_sac_off_warmup5000_seed5,5,SAC,best,validation_1010,last2,201,False,0.7263681592039801,0.6567164179104478,0.9203980099502488,0.8009950248756219,0.6567164179104478,"[""angle"", ""omega""]",-0.1541858201031141,0.15223538991701255,-1.9136797033384085,11.97897224660532,6c746d2bf7aaae7b28842e6c2fddba54624741ef124ae27f3207f1d345999339
train_confirm_sac_off_warmup5000_seed5,5,SAC,best,validation_1011,all,1001,False,0.32667332667332666,0.25074925074925075,0.962037962037962,0.5784215784215784,0.16883116883116883,"[""angle"", ""omega""]",-0.15372597829360823,0.14225037964146287,-1.8806596365744164,11.852334463510893,bc6fd411f1d86c41dc65005a21294b3a18c6cb506d44bd93c16c24619ecbc43e
train_confirm_sac_off_warmup5000_seed5,5,SAC,best,validation_1011,last2,201,False,0.7263681592039801,0.6567164179104478,0.9154228855721394,0.7960199004975125,0.6567164179104478,"[""angle"", ""omega""]",-0.15372597829360823,0.14225037964146287,-1.8806596365744164,11.852334463510893,bc6fd411f1d86c41dc65005a21294b3a18c6cb506d44bd93c16c24619ecbc43e
train_confirm_sac_off_warmup5000_seed5,5,SAC,best,validation_1012,all,1001,False,0.3226773226773227,0.2547452547452547,0.962037962037962,0.5764235764235764,0.16883116883116883,"[""angle"", ""omega""]",-0.15221919774342935,0.0957256675802615,-1.73392971833024,11.243898226120221,8179538d574b5827ae8023bebce4677e2add010170dc98f728853c5f64ba37bc
train_confirm_sac_off_warmup5000_seed5,5,SAC,best,validation_1012,last2,201,False,0.7164179104477612,0.6417910447761194,0.9154228855721394,0.8009950248756219,0.6417910447761194,"[""angle"", ""omega""]",-0.15221919774342935,0.0957256675802615,-1.73392971833024,11.243898226120221,8179538d574b5827ae8023bebce4677e2add010170dc98f728853c5f64ba37bc
train_confirm_sac_off_warmup5000_seed5,5,SAC,best,validation_1013,all,1001,False,0.32667332667332666,0.26073926073926074,0.9630369630369631,0.5854145854145855,0.17482517482517482,"[""angle"", ""omega"", ""v""]",-0.18788258754608422,0.3710800305705399,2.996780967095144,13.97752258081636,66f80164492cc110ee26538ef49af9bb9cb3c56749636ebf68068a0e278f290b
train_confirm_sac_off_warmup5000_seed5,5,SAC,best,validation_1013,last2,201,False,0.7661691542288557,0.6517412935323383,0.9203980099502488,0.8407960199004975,0.6517412935323383,"[""angle"", ""omega"", ""v""]",-0.18788258754608422,0.3710800305705399,2.996780967095144,13.97752258081636,66f80164492cc110ee26538ef49af9bb9cb3c56749636ebf68068a0e278f290b
train_confirm_sac_off_warmup5000_seed5,5,SAC,best,validation_1014,all,1001,False,0.34165834165834164,0.27172827172827174,0.971028971028971,0.5914085914085914,0.1878121878121878,"[""angle"", ""omega"", ""x""]",-0.20970522566859412,-0.032339043407968324,1.3446731797543963,9.59842912569585,37e64ff9e572fae8c47c8035c85f8b7d08d9890e8afc0979498ca988ffbb0702
train_confirm_sac_off_warmup5000_seed5,5,SAC,best,validation_1014,last2,201,False,0.8407960199004975,0.7213930348258707,0.9601990049751243,0.8656716417910447,0.7213930348258707,"[""angle"", ""omega"", ""x""]",-0.20970522566859412,-0.032339043407968324,1.3446731797543963,9.59842912569585,37e64ff9e572fae8c47c8035c85f8b7d08d9890e8afc0979498ca988ffbb0702
train_confirm_sac_off_warmup5000_seed5,5,SAC,best,validation_1015,all,1001,False,0.3156843156843157,0.24175824175824176,0.9630369630369631,0.5754245754245755,0.15884115884115885,"[""angle"", ""omega""]",-0.1498132284625683,0.065299194067202,-1.293506213932503,8.939038055485948,7cc3382dd0c177a7c8dee53a4868f0639306302b10a4d3dc37eb34b75cf6005c
train_confirm_sac_off_warmup5000_seed5,5,SAC,best,validation_1015,last2,201,False,0.6965174129353234,0.6268656716417911,0.9203980099502488,0.8009950248756219,0.6268656716417911,"[""angle"", ""omega""]",-0.1498132284625683,0.065299194067202,-1.293506213932503,8.939038055485948,7cc3382dd0c177a7c8dee53a4868f0639306302b10a4d3dc37eb34b75cf6005c
train_confirm_sac_off_warmup5000_seed5,5,SAC,best,validation_1016,all,1001,False,0.3006993006993007,0.22477522477522477,0.962037962037962,0.5774225774225774,0.14585414585414586,"[""angle"", ""omega""]",-0.1395236740970467,0.027058171535704258,-0.36909990945256205,2.361468426953983,01517bc56e82904e9e719b0a1b557977815420369e1c83b5d47f63f703764171
train_confirm_sac_off_warmup5000_seed5,5,SAC,best,validation_1016,last2,201,False,0.6069651741293532,0.5422885572139303,0.9154228855721394,0.8009950248756219,0.5422885572139303,"[""angle"", ""omega""]",-0.1395236740970467,0.027058171535704258,-0.36909990945256205,2.361468426953983,01517bc56e82904e9e719b0a1b557977815420369e1c83b5d47f63f703764171
train_confirm_sac_off_warmup5000_seed5,5,SAC,best,validation_1017,all,1001,False,0.3036963036963037,0.25074925074925075,0.962037962037962,0.5754245754245755,0.15584415584415584,"[""angle"", ""omega""]",-0.1535352492043809,0.13848824084174538,-1.8661048820706445,11.797168746970302,427c69dd923779a169507c398ed25c862a7b59cf0f8876f4b034ce652c9bf41d
train_confirm_sac_off_warmup5000_seed5,5,SAC,best,validation_1017,last2,201,False,0.6567164179104478,0.5373134328358209,0.9154228855721394,0.8059701492537313,0.5373134328358209,"[""angle"", ""omega""]",-0.1535352492043809,0.13848824084174538,-1.8661048820706445,11.797168746970302,427c69dd923779a169507c398ed25c862a7b59cf0f8876f4b034ce652c9bf41d
train_confirm_sac_off_warmup5000_seed5,5,SAC,best,validation_1018,all,1001,False,0.28771228771228774,0.22077922077922077,0.962037962037962,0.5794205794205795,0.13686313686313686,"[""angle"", ""omega""]",-0.1379858109703554,0.04883256121637747,-0.29924926110411626,1.8699773565133064,e0f18b89778b50633b58446dc6baf61313f328a6361e95d8385ab59de5e9342c
train_confirm_sac_off_warmup5000_seed5,5,SAC,best,validation_1018,last2,201,False,0.5870646766169154,0.48258706467661694,0.9154228855721394,0.8109452736318408,0.48258706467661694,"[""angle"", ""omega""]",-0.1379858109703554,0.04883256121637747,-0.29924926110411626,1.8699773565133064,e0f18b89778b50633b58446dc6baf61313f328a6361e95d8385ab59de5e9342c
train_confirm_sac_off_warmup5000_seed5,5,SAC,best,validation_1019,all,1001,False,0.2987012987012987,0.22077922077922077,0.962037962037962,0.5794205794205795,0.14185814185814186,"[""angle"", ""omega""]",-0.13903583897951952,0.035268391259669164,-0.34374695606759303,2.178783357900476,443bb3dbafd0a1f032d623aa981b14f3b044ea87f3ad92ffa848813aee80fc3e
train_confirm_sac_off_warmup5000_seed5,5,SAC,best,validation_1019,last2,201,False,0.6019900497512438,0.5373134328358209,0.9154228855721394,0.8009950248756219,0.5373134328358209,"[""angle"", ""omega""]",-0.13903583897951952,0.035268391259669164,-0.34374695606759303,2.178783357900476,443bb3dbafd0a1f032d623aa981b14f3b044ea87f3ad92ffa848813aee80fc3e
train_confirm_sac_off_warmup5000_seed5,5,SAC,last,validation_1000,all,1001,False,0.16683316683316685,0.08691308691308691,1.0,0.4925074925074925,0.0,"[""angle"", ""omega""]",0.18478251782856478,0.004696882002180403,-1.1971925326208022,-9.192947010964055,210b1a3a7cc9f1418bcbb9089f2b3c9ea0a3347121104f6d8d0ba625a76158d6
train_confirm_sac_off_warmup5000_seed5,5,SAC,last,validation_1000,last2,201,False,0.17412935323383086,0.0,1.0,0.6417910447761194,0.0,"[""angle"", ""omega""]",0.18478251782856478,0.004696882002180403,-1.1971925326208022,-9.192947010964055,210b1a3a7cc9f1418bcbb9089f2b3c9ea0a3347121104f6d8d0ba625a76158d6
train_confirm_sac_off_warmup5000_seed5,5,SAC,last,validation_1001,all,1001,False,0.17082917082917082,0.0919080919080919,1.0,0.4945054945054945,0.0,"[""angle"", ""omega""]",0.18393385205666388,0.04594863686544445,-0.8803069291834177,-7.27533275271278,f7029abe2fd77c2a2a52f6a2f9500d33f89c6b626372b716d90366d077cff125
train_confirm_sac_off_warmup5000_seed5,5,SAC,last,validation_1001,last2,201,False,0.17412935323383086,0.0,1.0,0.6467661691542289,0.0,"[""angle"", ""omega""]",0.18393385205666388,0.04594863686544445,-0.8803069291834177,-7.27533275271278,f7029abe2fd77c2a2a52f6a2f9500d33f89c6b626372b716d90366d077cff125
train_confirm_sac_off_warmup5000_seed5,5,SAC,last,validation_1002,all,1001,False,0.15384615384615385,0.08191808191808192,1.0,0.4985014985014985,0.0,"[""angle"", ""omega""]",0.18374355774099843,-0.07962865669433003,-1.7607615945205721,-12.016467283863713,fe706b0300334285d4779e1d2f5def188adf04e4135a990008ab98b3ba4595c2
train_confirm_sac_off_warmup5000_seed5,5,SAC,last,validation_1002,last2,201,False,0.14427860696517414,0.0,1.0,0.6417910447761194,0.0,"[""angle"", ""omega""]",0.18374355774099843,-0.07962865669433003,-1.7607615945205721,-12.016467283863713,fe706b0300334285d4779e1d2f5def188adf04e4135a990008ab98b3ba4595c2
train_confirm_sac_off_warmup5000_seed5,5,SAC,last,validation_1003,all,1001,False,0.15084915084915085,0.08191808191808192,1.0,0.4985014985014985,0.0,"[""angle"", ""omega""]",0.1831623960692228,-0.10803095620515805,-1.8583158935270474,-12.399543967046265,61fc73d5e8872e65b3fc6b60df8d84685391b1d025f7bbe9455df6f4f3e9b88d
train_confirm_sac_off_warmup5000_seed5,5,SAC,last,validation_1003,last2,201,False,0.13930348258706468,0.0,1.0,0.6467661691542289,0.0,"[""angle"", ""omega""]",0.1831623960692228,-0.10803095620515805,-1.8583158935270474,-12.399543967046265,61fc73d5e8872e65b3fc6b60df8d84685391b1d025f7bbe9455df6f4f3e9b88d
train_confirm_sac_off_warmup5000_seed5,5,SAC,last,validation_1004,all,1001,False,0.15284715284715283,0.08291708291708291,1.0,0.4985014985014985,0.0,"[""angle"", ""omega""]",0.18333024320204516,-0.10410750227845529,-1.8454581350770225,-12.35056241682127,c60f255f35d6f25364a704554ddc592ffcf4b05e61057470b26adcd6c1d8d4ed
train_confirm_sac_off_warmup5000_seed5,5,SAC,last,validation_1004,last2,201,False,0.14427860696517414,0.0,1.0,0.6417910447761194,0.0,"[""angle"", ""omega""]",0.18333024320204516,-0.10410750227845529,-1.8454581350770225,-12.35056241682127,c60f255f35d6f25364a704554ddc592ffcf4b05e61057470b26adcd6c1d8d4ed
train_confirm_sac_off_warmup5000_seed5,5,SAC,last,validation_1005,all,1001,False,0.15784215784215785,0.08491508491508491,1.0,0.4965034965034965,0.0,"[""angle"", ""omega""]",0.18464563311828003,-0.038287688764056235,-1.6176591338346198,-11.380599749123608,80d2a24ec7e1d41683b724921ef95b5bf4b8bd25ee876a2205ef2f38f3e11199
train_confirm_sac_off_warmup5000_seed5,5,SAC,last,validation_1005,last2,201,False,0.14925373134328357,0.0,1.0,0.6467661691542289,0.0,"[""angle"", ""omega""]",0.18464563311828003,-0.038287688764056235,-1.6176591338346198,-11.380599749123608,80d2a24ec7e1d41683b724921ef95b5bf4b8bd25ee876a2205ef2f38f3e11199
train_confirm_sac_off_warmup5000_seed5,5,SAC,last,validation_1006,all,1001,False,0.15984015984015984,0.08391608391608392,1.0,0.4995004995004995,0.0,"[""angle"", ""omega""]",0.18417325526076145,-0.06687799994640585,-1.719575006744334,-11.84150717129015,6d767c3280537bf93f4f4c93757969e232292dca72183049a3568424ff3994c1
train_confirm_sac_off_warmup5000_seed5,5,SAC,last,validation_1006,last2,201,False,0.14925373134328357,0.0,1.0,0.6417910447761194,0.0,"[""angle"", ""omega""]",0.18417325526076145,-0.06687799994640585,-1.719575006744334,-11.84150717129015,6d767c3280537bf93f4f4c93757969e232292dca72183049a3568424ff3994c1
train_confirm_sac_off_warmup5000_seed5,5,SAC,last,validation_1007,all,1001,False,0.15184815184815184,0.08191808191808192,1.0,0.4975024975024975,0.0,"[""angle"", ""omega""]",0.18309016913950965,-0.10928546785631954,-1.8623912457533989,-12.415023517473399,7c91f603db50a4ff23736012e9d7891eb75aa7bd9fd16a3856294258695946ea
train_confirm_sac_off_warmup5000_seed5,5,SAC,last,validation_1007,last2,201,False,0.13930348258706468,0.0,1.0,0.6467661691542289,0.0,"[""angle"", ""omega""]",0.18309016913950965,-0.10928546785631954,-1.8623912457533989,-12.415023517473399,7c91f603db50a4ff23736012e9d7891eb75aa7bd9fd16a3856294258695946ea
train_confirm_sac_off_warmup5000_seed5,5,SAC,last,validation_1008,all,1001,False,0.16583416583416583,0.08391608391608392,1.0,0.4935064935064935,0.0,"[""angle"", ""omega""]",0.18461903930498988,0.00903300765403225,-1.3393476770452806,-9.960809708334121,69a1c4d5a4103e91a16d69dead0ce71b013f5e63130c40a92ebf4a79011c3182
train_confirm_sac_off_warmup5000_seed5,5,SAC,last,validation_1008,last2,201,False,0.1691542288557214,0.0,1.0,0.6417910447761194,0.0,"[""angle"", ""omega""]",0.18461903930498988,0.00903300765403225,-1.3393476770452806,-9.960809708334121,69a1c4d5a4103e91a16d69dead0ce71b013f5e63130c40a92ebf4a79011c3182
train_confirm_sac_off_warmup5000_seed5,5,SAC,last,validation_1009,all,1001,False,0.15284715284715283,0.08091908091908091,1.0,0.4995004995004995,0.0,"[""angle"", ""omega""]",0.18345662135487026,-0.0893417324349546,-1.7934366154480286,-12.152297471387651,3ea05595cac99271deca787ea2b1bcf9be430f6b32d1e24a66ae93cbfe785bd4
train_confirm_sac_off_warmup5000_seed5,5,SAC,last,validation_1009,last2,201,False,0.14427860696517414,0.0,1.0,0.6417910447761194,0.0,"[""angle"", ""omega""]",0.18345662135487026,-0.0893417324349546,-1.7934366154480286,-12.152297471387651,3ea05595cac99271deca787ea2b1bcf9be430f6b32d1e24a66ae93cbfe785bd4
train_confirm_sac_off_warmup5000_seed5,5,SAC,last,validation_1010,all,1001,False,0.14485514485514486,0.08191808191808192,1.0,0.4955044955044955,0.0,"[""angle"", ""omega""]",0.18274219794240446,-0.11642707708575034,-1.884743406999574,-12.498735952904125,b8e84447fa1b38300b020766734fe948f093b259982e94c0bc17f39cbb3b0112
train_confirm_sac_off_warmup5000_seed5,5,SAC,last,validation_1010,last2,201,False,0.13930348258706468,0.0,1.0,0.6417910447761194,0.0,"[""angle"", ""omega""]",0.18274219794240446,-0.11642707708575034,-1.884743406999574,-12.498735952904125,b8e84447fa1b38300b020766734fe948f093b259982e94c0bc17f39cbb3b0112
train_confirm_sac_off_warmup5000_seed5,5,SAC,last,validation_1011,all,1001,False,0.15784215784215785,0.08291708291708291,1.0,0.4975024975024975,0.0,"[""angle"", ""omega""]",0.18421989311978174,-0.06448562947940185,-1.7094813955277728,-11.79875877311628,abae0b89b94755a331ecfe32856c3747f3762d2e0d5dee959fbceabdbe18b1d5
train_confirm_sac_off_warmup5000_seed5,5,SAC,last,validation_1011,last2,201,False,0.14925373134328357,0.0,1.0,0.6368159203980099,0.0,"[""angle"", ""omega""]",0.18421989311978174,-0.06448562947940185,-1.7094813955277728,-11.79875877311628,abae0b89b94755a331ecfe32856c3747f3762d2e0d5dee959fbceabdbe18b1d5
train_confirm_sac_off_warmup5000_seed5,5,SAC,last,validation_1012,all,1001,False,0.16683316683316685,0.08791208791208792,1.0,0.4925074925074925,0.0,"[""angle"", ""omega""]",0.18443224625046542,0.012801408871332652,-1.051156058662441,-8.359268231471317,46b44450645c2a1cd98c67df40213e8ed1515f97fc284831acc3b7f38cd7ea7b
train_confirm_sac_off_warmup5000_seed5,5,SAC,last,validation_1012,last2,201,False,0.17412935323383086,0.0,1.0,0.6417910447761194,0.0,"[""angle"", ""omega""]",0.18443224625046542,0.012801408871332652,-1.051156058662441,-8.359268231471317,46b44450645c2a1cd98c67df40213e8ed1515f97fc284831acc3b7f38cd7ea7b
train_confirm_sac_off_warmup5000_seed5,5,SAC,last,validation_1013,all,1001,False,0.16783216783216784,0.08891108891108891,1.0,0.4925074925074925,0.0,"[""angle"", ""omega""]",0.1845196964686212,0.014684025417146453,-1.036164167282733,-8.267741574510117,587b7ccc4985699b26ca37ac022b217cc5303643f8e83c9a54a71b2b10c506b4
train_confirm_sac_off_warmup5000_seed5,5,SAC,last,validation_1013,last2,201,False,0.17412935323383086,0.0,1.0,0.6467661691542289,0.0,"[""angle"", ""omega""]",0.1845196964686212,0.014684025417146453,-1.036164167282733,-8.267741574510117,587b7ccc4985699b26ca37ac022b217cc5303643f8e83c9a54a71b2b10c506b4
train_confirm_sac_off_warmup5000_seed5,5,SAC,last,validation_1014,all,1001,False,0.15684315684315683,0.08391608391608392,1.0,0.4975024975024975,0.0,"[""angle"", ""omega""]",0.1842971586958502,-0.04844760158593604,-1.6508236183597502,-11.537729111764255,0fbfdfbab0e8ae59043e40c002d29ee1fb89dea078ef327257286d6b74b71ecc
train_confirm_sac_off_warmup5000_seed5,5,SAC,last,validation_1014,last2,201,False,0.14925373134328357,0.0,1.0,0.6417910447761194,0.0,"[""angle"", ""omega""]",0.1842971586958502,-0.04844760158593604,-1.6508236183597502,-11.537729111764255,0fbfdfbab0e8ae59043e40c002d29ee1fb89dea078ef327257286d6b74b71ecc
train_confirm_sac_off_warmup5000_seed5,5,SAC,last,validation_1015,all,1001,False,0.15384615384615385,0.08191808191808192,1.0,0.4995004995004995,0.0,"[""angle"", ""omega""]",0.18315420166436036,-0.10817652204691836,-1.8587862091685123,-12.401337250255965,e53ff36c8d60766d2d15181188b6d84f217e7d29783e379506ae2170922c1763
train_confirm_sac_off_warmup5000_seed5,5,SAC,last,validation_1015,last2,201,False,0.13930348258706468,0.0,1.0,0.6467661691542289,0.0,"[""angle"", ""omega""]",0.18315420166436036,-0.10817652204691836,-1.8587862091685123,-12.401337250255965,e53ff36c8d60766d2d15181188b6d84f217e7d29783e379506ae2170922c1763
train_confirm_sac_off_warmup5000_seed5,5,SAC,last,validation_1016,all,1001,False,0.15384615384615385,0.08191808191808192,1.0,0.4985014985014985,0.0,"[""angle"", ""omega""]",0.18309812867521458,-0.10915437528952408,-1.8619495783924676,-12.413335591915505,529cbe41c067f5fdb496d6725566ac8b3347fd133f6dc5d83b67917a89b392ec
train_confirm_sac_off_warmup5000_seed5,5,SAC,last,validation_1016,last2,201,False,0.13930348258706468,0.0,1.0,0.6467661691542289,0.0,"[""angle"", ""omega""]",0.18309812867521458,-0.10915437528952408,-1.8619495783924676,-12.413335591915505,529cbe41c067f5fdb496d6725566ac8b3347fd133f6dc5d83b67917a89b392ec
train_confirm_sac_off_warmup5000_seed5,5,SAC,last,validation_1017,all,1001,False,0.18981018981018982,0.1028971028971029,1.0,0.4915084915084915,0.0,"[""angle"", ""omega"", ""v""]",0.14821556908455089,0.26975144207815466,-0.22060954419509782,-2.308468580736172,8cdf2a664287a143f0afd7269160c08ef0f04260e5147d63798217fd28df1e50
train_confirm_sac_off_warmup5000_seed5,5,SAC,last,validation_1017,last2,201,False,0.17412935323383086,0.0,1.0,0.6965174129353234,0.0,"[""angle"", ""omega"", ""v""]",0.14821556908455089,0.26975144207815466,-0.22060954419509782,-2.308468580736172,8cdf2a664287a143f0afd7269160c08ef0f04260e5147d63798217fd28df1e50
train_confirm_sac_off_warmup5000_seed5,5,SAC,last,validation_1018,all,1001,False,0.16483516483516483,0.08391608391608392,1.0,0.4975024975024975,0.0,"[""angle"", ""omega""]",0.18461436453060553,0.009049107275320361,-1.3385135174884637,-9.95641578726245,5c5830d76dffe2a590262e414d3feac326911750fd66ce3ad76d50464fb76df4
train_confirm_sac_off_warmup5000_seed5,5,SAC,last,validation_1018,last2,201,False,0.1691542288557214,0.0,1.0,0.6417910447761194,0.0,"[""angle"", ""omega""]",0.18461436453060553,0.009049107275320361,-1.3385135174884637,-9.95641578726245,5c5830d76dffe2a590262e414d3feac326911750fd66ce3ad76d50464fb76df4
train_confirm_sac_off_warmup5000_seed5,5,SAC,last,validation_1019,all,1001,False,0.15484515484515485,0.08491508491508491,1.0,0.4935064935064935,0.0,"[""angle"", ""omega""]",0.1839973105497149,-0.07360499989137448,-1.7412189450679405,-11.93319654464721,32bb6424f0e2fbb713c6771644b2f538122f6577e4c7b0cbd9974654080910b2
train_confirm_sac_off_warmup5000_seed5,5,SAC,last,validation_1019,last2,201,False,0.14427860696517414,0.0,1.0,0.6467661691542289,0.0,"[""angle"", ""omega""]",0.1839973105497149,-0.07360499989137448,-1.7412189450679405,-11.93319654464721,32bb6424f0e2fbb713c6771644b2f538122f6577e4c7b0cbd9974654080910b2
