category,run_id,algorithm,seed,training_filter,checkpoint_label,checkpoint_transitions,evaluation_filter,subset,episodes,successes,mean_hold_final,mean_hold_longest,hold_2s_count,top_reached_count,mean_first_hold_start,mean_return,exceeds_024_episodes,exceeds_024_resolved_episodes,position_limit_events,refusals,interventions,accepted_decisions,intervention_fraction,intervention_abs_sum,intervention_abs_max,max_abs_position_interval,source,source_sha256,verification,stage,variant,mean_duration,boundary_failure_rate,max_abs_velocity,max_abs_applied_acceleration,max_abs_requested_acceleration,boundary_episodes,physical_position_excess_resolved,physical_velocity_excess_resolved,physical_acceleration_excess_resolved,mean_requested_mean,mean_requested_rms,mean_applied_mean,mean_applied_rms,mean_requested_applied_abs_mean,mean_requested_near_saturation_fraction,mean_applied_near_saturation_fraction
external,evaluate_train_DDPG_on_seed0,DDPG,0,on,best,90000,off,validation,20,0,0.0,0.0,0,0,,-4.678749664966251,20,20,20,0,0,0,,0.0,0.0,0.25000000000000017,main-session/queue/jobs/evaluate_train_DDPG_on_seed0/best_off/report.json,edd97308b62dda37357caed6264ac0be33a1e6af0f190160b2a6550ce9f0bc4c,raw_log_recomputed,baseline,ddpg_on_baseline,0.34901906549406125,1.0,1.4607790252804473,3.9999992847442627,3.9999992847442627,,,,,,,,,,,
external,evaluate_train_DDPG_on_seed0,DDPG,0,on,best,90000,off,named,3,0,0.0,0.0,0,0,,-4.660405834242298,3,3,3,0,0,0,,0.0,0.0,0.2500000000000001,main-session/queue/jobs/evaluate_train_DDPG_on_seed0/best_off/report.json,edd97308b62dda37357caed6264ac0be33a1e6af0f190160b2a6550ce9f0bc4c,raw_log_recomputed,baseline,ddpg_on_baseline,0.3537301628003687,1.0,1.4141033254207613,3.999998092651367,3.999998092651367,,,,,,,,,,,
external,evaluate_train_DDPG_on_seed0,DDPG,0,on,best,90000,off,all,23,0,0.0,0.0,0,0,,-4.676356991393561,23,23,23,0,0,0,,0.0,0.0,0.25000000000000017,main-session/queue/jobs/evaluate_train_DDPG_on_seed0/best_off/report.json,edd97308b62dda37357caed6264ac0be33a1e6af0f190160b2a6550ce9f0bc4c,raw_log_recomputed,baseline,ddpg_on_baseline,0.34963355644705785,1.0,1.4607790252804473,3.9999992847442627,3.9999992847442627,,,,,,,,,,,
external,evaluate_train_DDPG_on_seed0,DDPG,0,on,best,90000,on,validation,20,20,7.0155,7.0155,20,20,2.9844999999999997,713.6122931877137,0,0,0,0,1457,20000,0.07285,6514.417118507108,7.999999045754597,0.2399989999999999,main-session/queue/jobs/evaluate_train_DDPG_on_seed0/best_on/report.json,a51af733ca2c561d1cba770d07d49983d0496d359b6242d31789a0cdac21b6fc,raw_log_recomputed,baseline,ddpg_on_baseline,10.0,0.0,1.3852844248707115,4.0,4.0,,,,,,,,,,,
external,evaluate_train_DDPG_on_seed0,DDPG,0,on,best,90000,on,named,3,3,7.076666666666667,7.076666666666667,3,3,2.9233333333333333,713.510935577454,0,0,0,0,218,3000,0.07266666666666667,979.5014467150788,7.999998568799673,0.2399989999999935,main-session/queue/jobs/evaluate_train_DDPG_on_seed0/best_on/report.json,a51af733ca2c561d1cba770d07d49983d0496d359b6242d31789a0cdac21b6fc,raw_log_recomputed,baseline,ddpg_on_baseline,10.0,0.0,1.3721919141599839,4.0,4.0,,,,,,,,,,,
external,evaluate_train_DDPG_on_seed0,DDPG,0,on,best,90000,on,all,23,23,7.023478260869565,7.023478260869565,23,23,2.976521739130435,713.5990726298538,0,0,0,0,1675,23000,0.07282608695652174,7493.918565222187,7.999999045754597,0.2399989999999999,main-session/queue/jobs/evaluate_train_DDPG_on_seed0/best_on/report.json,a51af733ca2c561d1cba770d07d49983d0496d359b6242d31789a0cdac21b6fc,raw_log_recomputed,baseline,ddpg_on_baseline,10.0,0.0,1.3852844248707115,4.0,4.0,,,,,,,,,,,
external,evaluate_train_DDPG_on_seed0,DDPG,0,on,last,100000,off,validation,20,0,0.0,0.0,0,0,,-4.560429394366681,20,20,20,0,0,0,,0.0,0.0,0.2500000000000002,main-session/queue/jobs/evaluate_train_DDPG_on_seed0/last_off/report.json,7a3611ea1a4297d1adff6fcc6ad41a55a02d8edbc652650a536211de8e728fc8,raw_log_recomputed,baseline,ddpg_on_baseline,0.35969879024564366,1.0,1.3080692976674069,3.999995708465576,3.999995708465576,,,,,,,,,,,
external,evaluate_train_DDPG_on_seed0,DDPG,0,on,last,100000,off,named,3,0,0.0,0.0,0,0,,-4.555199836913035,3,3,3,0,0,0,,0.0,0.0,0.25000000000000006,main-session/queue/jobs/evaluate_train_DDPG_on_seed0/last_off/report.json,7a3611ea1a4297d1adff6fcc6ad41a55a02d8edbc652650a536211de8e728fc8,raw_log_recomputed,baseline,ddpg_on_baseline,0.36271681833804287,1.0,1.224367012977603,3.9999935626983643,3.9999935626983643,,,,,,,,,,,
external,evaluate_train_DDPG_on_seed0,DDPG,0,on,last,100000,off,all,23,0,0.0,0.0,0,0,,-4.559747278177074,23,23,23,0,0,0,,0.0,0.0,0.2500000000000002,main-session/queue/jobs/evaluate_train_DDPG_on_seed0/last_off/report.json,7a3611ea1a4297d1adff6fcc6ad41a55a02d8edbc652650a536211de8e728fc8,raw_log_recomputed,baseline,ddpg_on_baseline,0.3600924460837827,1.0,1.3080692976674069,3.999995708465576,3.999995708465576,,,,,,,,,,,
external,evaluate_train_DDPG_on_seed0,DDPG,0,on,last,100000,on,validation,20,20,5.6815,5.6815,20,20,4.3185,680.6789044977043,0,0,0,0,1505,20000,0.07525,4938.120336820314,7.999999999705941,0.23999899999999907,main-session/queue/jobs/evaluate_train_DDPG_on_seed0/last_on/report.json,838d82ea0a0aea651bae8a18e900ef96dd887d1fd70d5ff3c0b77da4596359a1,raw_log_recomputed,baseline,ddpg_on_baseline,10.0,0.0,1.3855534384632622,4.0,4.0,,,,,,,,,,,
external,evaluate_train_DDPG_on_seed0,DDPG,0,on,last,100000,on,named,3,3,5.919999999999999,5.919999999999999,3,3,4.08,680.6380309072659,0,0,0,0,228,3000,0.076,743.0823466133717,7.999999999704544,0.23999899999999585,main-session/queue/jobs/evaluate_train_DDPG_on_seed0/last_on/report.json,838d82ea0a0aea651bae8a18e900ef96dd887d1fd70d5ff3c0b77da4596359a1,raw_log_recomputed,baseline,ddpg_on_baseline,10.0,0.0,1.3729286008170973,4.0,4.0,,,,,,,,,,,
external,evaluate_train_DDPG_on_seed0,DDPG,0,on,last,100000,on,all,23,23,5.7126086956521736,5.7126086956521736,23,23,4.2873913043478264,680.673573159821,0,0,0,0,1733,23000,0.07534782608695652,5681.202683433686,7.999999999705941,0.23999899999999907,main-session/queue/jobs/evaluate_train_DDPG_on_seed0/last_on/report.json,838d82ea0a0aea651bae8a18e900ef96dd887d1fd70d5ff3c0b77da4596359a1,raw_log_recomputed,baseline,ddpg_on_baseline,10.0,0.0,1.3855534384632622,4.0,4.0,,,,,,,,,,,
external,evaluate_train_DDPG_on_seed1,DDPG,1,on,best,100000,off,validation,20,0,0.0,0.0,0,0,,-4.678925507638107,20,20,20,0,0,0,,0.0,0.0,0.2500000000000002,main-session/queue/jobs/evaluate_train_DDPG_on_seed1/best_off/report.json,ac5300829c42b1f15b64b8de29b1b87dec74c866c8f0fe1056f23c06bb2babd0,raw_log_recomputed,baseline,ddpg_on_baseline,0.34878276812114967,1.0,1.460834557168834,4.0,4.0,,,,,,,,,,,
external,evaluate_train_DDPG_on_seed1,DDPG,1,on,best,100000,off,named,3,0,0.0,0.0,0,0,,-4.660527665626464,3,3,3,0,0,0,,0.0,0.0,0.25000000000000006,main-session/queue/jobs/evaluate_train_DDPG_on_seed1/best_off/report.json,ac5300829c42b1f15b64b8de29b1b87dec74c866c8f0fe1056f23c06bb2babd0,raw_log_recomputed,baseline,ddpg_on_baseline,0.3535545315668425,1.0,1.4142135077866758,4.0,4.0,,,,,,,,,,,
external,evaluate_train_DDPG_on_seed1,DDPG,1,on,best,100000,off,all,23,0,0.0,0.0,0,0,,-4.676525789114849,23,23,23,0,0,0,,0.0,0.0,0.2500000000000002,main-session/queue/jobs/evaluate_train_DDPG_on_seed1/best_off/report.json,ac5300829c42b1f15b64b8de29b1b87dec74c866c8f0fe1056f23c06bb2babd0,raw_log_recomputed,baseline,ddpg_on_baseline,0.34940517204884874,1.0,1.460834557168834,4.0,4.0,,,,,,,,,,,
external,evaluate_train_DDPG_on_seed1,DDPG,1,on,best,100000,on,validation,20,0,0.0,0.0,0,20,,86.50584814776555,0,0,0,0,3694,20000,0.1847,14732.76744941956,7.999999999592042,0.23999899999999996,main-session/queue/jobs/evaluate_train_DDPG_on_seed1/best_on/report.json,29d852d2556a14d48f57a20bfc7168e4c75cb3276ea80e04c2fb7dfc33e5b4ae,raw_log_recomputed,baseline,ddpg_on_baseline,10.0,0.0,1.3538566400037828,4.0,4.0,,,,,,,,,,,
external,evaluate_train_DDPG_on_seed1,DDPG,1,on,best,100000,on,named,3,0,0.0,0.0,0,3,,89.49318916070642,0,0,0,0,586,3000,0.19533333333333333,2328.763894515343,7.999999999574463,0.23999899999999738,main-session/queue/jobs/evaluate_train_DDPG_on_seed1/best_on/report.json,29d852d2556a14d48f57a20bfc7168e4c75cb3276ea80e04c2fb7dfc33e5b4ae,raw_log_recomputed,baseline,ddpg_on_baseline,10.0,0.0,1.3385590138309027,4.0,4.0,,,,,,,,,,,
external,evaluate_train_DDPG_on_seed1,DDPG,1,on,best,100000,on,all,23,0,0.0,0.0,0,23,,86.89550132336653,0,0,0,0,4280,23000,0.18608695652173912,17061.5313439349,7.999999999592042,0.23999899999999996,main-session/queue/jobs/evaluate_train_DDPG_on_seed1/best_on/report.json,29d852d2556a14d48f57a20bfc7168e4c75cb3276ea80e04c2fb7dfc33e5b4ae,raw_log_recomputed,baseline,ddpg_on_baseline,10.0,0.0,1.3538566400037828,4.0,4.0,,,,,,,,,,,
external,evaluate_train_DDPG_on_seed1,DDPG,1,on,last,100000,off,validation,20,0,0.0,0.0,0,0,,-4.678925507638107,20,20,20,0,0,0,,0.0,0.0,0.2500000000000002,main-session/queue/jobs/evaluate_train_DDPG_on_seed1/last_off/report.json,d7f9b502e29985997670381e91cb0efa7ead0dde68d3acd89da7d99cf9b25be2,raw_log_recomputed,baseline,ddpg_on_baseline,0.34878276812114967,1.0,1.460834557168834,4.0,4.0,,,,,,,,,,,
external,evaluate_train_DDPG_on_seed1,DDPG,1,on,last,100000,off,named,3,0,0.0,0.0,0,0,,-4.660527665626464,3,3,3,0,0,0,,0.0,0.0,0.25000000000000006,main-session/queue/jobs/evaluate_train_DDPG_on_seed1/last_off/report.json,d7f9b502e29985997670381e91cb0efa7ead0dde68d3acd89da7d99cf9b25be2,raw_log_recomputed,baseline,ddpg_on_baseline,0.3535545315668425,1.0,1.4142135077866758,4.0,4.0,,,,,,,,,,,
external,evaluate_train_DDPG_on_seed1,DDPG,1,on,last,100000,off,all,23,0,0.0,0.0,0,0,,-4.676525789114849,23,23,23,0,0,0,,0.0,0.0,0.2500000000000002,main-session/queue/jobs/evaluate_train_DDPG_on_seed1/last_off/report.json,d7f9b502e29985997670381e91cb0efa7ead0dde68d3acd89da7d99cf9b25be2,raw_log_recomputed,baseline,ddpg_on_baseline,0.34940517204884874,1.0,1.460834557168834,4.0,4.0,,,,,,,,,,,
external,evaluate_train_DDPG_on_seed1,DDPG,1,on,last,100000,on,validation,20,0,0.0,0.0,0,20,,86.50584814776555,0,0,0,0,3694,20000,0.1847,14732.76744941956,7.999999999592042,0.23999899999999996,main-session/queue/jobs/evaluate_train_DDPG_on_seed1/last_on/report.json,7dcb8b2528e46ebe89d44ce67d72ab9ff583b3f0779ae8107da3b35e02ce7ed8,raw_log_recomputed,baseline,ddpg_on_baseline,10.0,0.0,1.3538566400037828,4.0,4.0,,,,,,,,,,,
external,evaluate_train_DDPG_on_seed1,DDPG,1,on,last,100000,on,named,3,0,0.0,0.0,0,3,,89.49318916070642,0,0,0,0,586,3000,0.19533333333333333,2328.763894515343,7.999999999574463,0.23999899999999738,main-session/queue/jobs/evaluate_train_DDPG_on_seed1/last_on/report.json,7dcb8b2528e46ebe89d44ce67d72ab9ff583b3f0779ae8107da3b35e02ce7ed8,raw_log_recomputed,baseline,ddpg_on_baseline,10.0,0.0,1.3385590138309027,4.0,4.0,,,,,,,,,,,
external,evaluate_train_DDPG_on_seed1,DDPG,1,on,last,100000,on,all,23,0,0.0,0.0,0,23,,86.89550132336653,0,0,0,0,4280,23000,0.18608695652173912,17061.5313439349,7.999999999592042,0.23999899999999996,main-session/queue/jobs/evaluate_train_DDPG_on_seed1/last_on/report.json,7dcb8b2528e46ebe89d44ce67d72ab9ff583b3f0779ae8107da3b35e02ce7ed8,raw_log_recomputed,baseline,ddpg_on_baseline,10.0,0.0,1.3538566400037828,4.0,4.0,,,,,,,,,,,
external,evaluate_train_DDPG_on_seed2,DDPG,2,on,best,100000,off,validation,20,0,0.0,0.0,0,0,,-4.663508578425934,20,20,20,0,0,0,,0.0,0.0,0.2500000000000002,main-session/queue/jobs/evaluate_train_DDPG_on_seed2/best_off/report.json,c241d968e59efcfe74eeccb7cd91a7dbd58f9905327634674a878798fc3ead5d,raw_log_recomputed,baseline,ddpg_on_baseline,0.3502688107646887,1.0,1.449969349726171,4.0,4.0,,,,,,,,,,,
external,evaluate_train_DDPG_on_seed2,DDPG,2,on,best,100000,off,named,3,0,0.0,0.0,0,0,,-4.643192007243109,3,3,3,0,0,0,,0.0,0.0,0.2500000000000001,main-session/queue/jobs/evaluate_train_DDPG_on_seed2/best_off/report.json,c241d968e59efcfe74eeccb7cd91a7dbd58f9905327634674a878798fc3ead5d,raw_log_recomputed,baseline,ddpg_on_baseline,0.35513976876537123,1.0,1.3963997750869297,4.0,4.0,,,,,,,,,,,
external,evaluate_train_DDPG_on_seed2,DDPG,2,on,best,100000,off,all,23,0,0.0,0.0,0,0,,-4.6608585908803475,23,23,23,0,0,0,,0.0,0.0,0.2500000000000002,main-session/queue/jobs/evaluate_train_DDPG_on_seed2/best_off/report.json,c241d968e59efcfe74eeccb7cd91a7dbd58f9905327634674a878798fc3ead5d,raw_log_recomputed,baseline,ddpg_on_baseline,0.3509041531126038,1.0,1.449969349726171,4.0,4.0,,,,,,,,,,,
external,evaluate_train_DDPG_on_seed2,DDPG,2,on,best,100000,on,validation,20,0,0.0,0.0,0,0,,25.087415775484438,0,0,0,0,14099,20000,0.70495,72547.67642042733,7.9999999960019395,0.239999,main-session/queue/jobs/evaluate_train_DDPG_on_seed2/best_on/report.json,7eea3fac94d0021791aa507ae21820d56cc93b264d8169662d2c47b8db0bcd81,raw_log_recomputed,baseline,ddpg_on_baseline,10.0,0.0,1.0000437340908,4.0,4.0,,,,,,,,,,,
external,evaluate_train_DDPG_on_seed2,DDPG,2,on,best,100000,on,named,3,0,0.0,0.0,0,0,,25.8423802151586,0,0,0,0,2126,3000,0.7086666666666667,10947.543240196668,7.999999979996456,0.239999,main-session/queue/jobs/evaluate_train_DDPG_on_seed2/best_on/report.json,7eea3fac94d0021791aa507ae21820d56cc93b264d8169662d2c47b8db0bcd81,raw_log_recomputed,baseline,ddpg_on_baseline,10.0,0.0,0.9599994540214526,4.0,4.0,,,,,,,,,,,
external,evaluate_train_DDPG_on_seed2,DDPG,2,on,best,100000,on,all,23,0,0.0,0.0,0,0,,25.18588939805063,0,0,0,0,16225,23000,0.7054347826086956,83495.219660624,7.9999999960019395,0.239999,main-session/queue/jobs/evaluate_train_DDPG_on_seed2/best_on/report.json,7eea3fac94d0021791aa507ae21820d56cc93b264d8169662d2c47b8db0bcd81,raw_log_recomputed,baseline,ddpg_on_baseline,10.0,0.0,1.0000437340908,4.0,4.0,,,,,,,,,,,
external,evaluate_train_DDPG_on_seed2,DDPG,2,on,last,100000,off,validation,20,0,0.0,0.0,0,0,,-4.663508578425934,20,20,20,0,0,0,,0.0,0.0,0.2500000000000002,main-session/queue/jobs/evaluate_train_DDPG_on_seed2/last_off/report.json,50331eeddce5e94fafec4e1fd8357b56972889a00440eca5839c2785dcc0b9d6,raw_log_recomputed,baseline,ddpg_on_baseline,0.3502688107646887,1.0,1.449969349726171,4.0,4.0,,,,,,,,,,,
external,evaluate_train_DDPG_on_seed2,DDPG,2,on,last,100000,off,named,3,0,0.0,0.0,0,0,,-4.643192007243109,3,3,3,0,0,0,,0.0,0.0,0.2500000000000001,main-session/queue/jobs/evaluate_train_DDPG_on_seed2/last_off/report.json,50331eeddce5e94fafec4e1fd8357b56972889a00440eca5839c2785dcc0b9d6,raw_log_recomputed,baseline,ddpg_on_baseline,0.35513976876537123,1.0,1.3963997750869297,4.0,4.0,,,,,,,,,,,
external,evaluate_train_DDPG_on_seed2,DDPG,2,on,last,100000,off,all,23,0,0.0,0.0,0,0,,-4.6608585908803475,23,23,23,0,0,0,,0.0,0.0,0.2500000000000002,main-session/queue/jobs/evaluate_train_DDPG_on_seed2/last_off/report.json,50331eeddce5e94fafec4e1fd8357b56972889a00440eca5839c2785dcc0b9d6,raw_log_recomputed,baseline,ddpg_on_baseline,0.3509041531126038,1.0,1.449969349726171,4.0,4.0,,,,,,,,,,,
external,evaluate_train_DDPG_on_seed2,DDPG,2,on,last,100000,on,validation,20,0,0.0,0.0,0,0,,25.087415775484438,0,0,0,0,14099,20000,0.70495,72547.67642042733,7.9999999960019395,0.239999,main-session/queue/jobs/evaluate_train_DDPG_on_seed2/last_on/report.json,bcbac002f7eae1cb0d04f4f57cf43aabb0b211b6cdcfca531656112b6f67132c,raw_log_recomputed,baseline,ddpg_on_baseline,10.0,0.0,1.0000437340908,4.0,4.0,,,,,,,,,,,
external,evaluate_train_DDPG_on_seed2,DDPG,2,on,last,100000,on,named,3,0,0.0,0.0,0,0,,25.8423802151586,0,0,0,0,2126,3000,0.7086666666666667,10947.543240196668,7.999999979996456,0.239999,main-session/queue/jobs/evaluate_train_DDPG_on_seed2/last_on/report.json,bcbac002f7eae1cb0d04f4f57cf43aabb0b211b6cdcfca531656112b6f67132c,raw_log_recomputed,baseline,ddpg_on_baseline,10.0,0.0,0.9599994540214526,4.0,4.0,,,,,,,,,,,
external,evaluate_train_DDPG_on_seed2,DDPG,2,on,last,100000,on,all,23,0,0.0,0.0,0,0,,25.18588939805063,0,0,0,0,16225,23000,0.7054347826086956,83495.219660624,7.9999999960019395,0.239999,main-session/queue/jobs/evaluate_train_DDPG_on_seed2/last_on/report.json,bcbac002f7eae1cb0d04f4f57cf43aabb0b211b6cdcfca531656112b6f67132c,raw_log_recomputed,baseline,ddpg_on_baseline,10.0,0.0,1.0000437340908,4.0,4.0,,,,,,,,,,,
external,evaluate_train_SAC_off_seed0,SAC,0,off,best,100000,off,validation,20,0,0.0,0.0,0,0,,114.90646663958933,0,0,0,0,0,0,,0.0,0.0,0.13613035410750896,main-session/queue/jobs/evaluate_train_SAC_off_seed0/best_off/report.json,6d1738f924bcddedf46303a3c09394c2164c1cf86aaa5ccef71cd9767f42bb3d,raw_log_recomputed,baseline,sac_off_baseline,10.0,0.0,0.7551003019243505,3.956752300262451,3.956752300262451,,,,,,,,,,,
external,evaluate_train_SAC_off_seed0,SAC,0,off,best,100000,off,named,3,0,0.0,0.0,0,0,,114.9143120066159,0,0,0,0,0,0,,0.0,0.0,0.1324213069233449,main-session/queue/jobs/evaluate_train_SAC_off_seed0/best_off/report.json,6d1738f924bcddedf46303a3c09394c2164c1cf86aaa5ccef71cd9767f42bb3d,raw_log_recomputed,baseline,sac_off_baseline,10.0,0.0,0.7223015570640665,3.956676959991455,3.956676959991455,,,,,,,,,,,
external,evaluate_train_SAC_off_seed0,SAC,0,off,best,100000,off,all,23,0,0.0,0.0,0,0,,114.90748994833191,0,0,0,0,0,0,,0.0,0.0,0.13613035410750896,main-session/queue/jobs/evaluate_train_SAC_off_seed0/best_off/report.json,6d1738f924bcddedf46303a3c09394c2164c1cf86aaa5ccef71cd9767f42bb3d,raw_log_recomputed,baseline,sac_off_baseline,10.0,0.0,0.7551003019243505,3.956752300262451,3.956752300262451,,,,,,,,,,,
external,evaluate_train_SAC_off_seed0,SAC,0,off,best,100000,on,validation,20,0,0.0,0.0,0,0,,114.90646663958933,0,0,0,0,0,20000,0.0,0.0,0.0,0.13613035410750896,main-session/queue/jobs/evaluate_train_SAC_off_seed0/best_on/report.json,840820eceac4b52c8507e9138c046ffecb0eda5c61c958c422ca47a162f3f9c6,raw_log_recomputed,baseline,sac_off_baseline,10.0,0.0,0.7551003019243505,3.956752300262451,3.956752300262451,,,,,,,,,,,
external,evaluate_train_SAC_off_seed0,SAC,0,off,best,100000,on,named,3,0,0.0,0.0,0,0,,114.9143120066159,0,0,0,0,0,3000,0.0,0.0,0.0,0.1324213069233449,main-session/queue/jobs/evaluate_train_SAC_off_seed0/best_on/report.json,840820eceac4b52c8507e9138c046ffecb0eda5c61c958c422ca47a162f3f9c6,raw_log_recomputed,baseline,sac_off_baseline,10.0,0.0,0.7223015570640665,3.956676959991455,3.956676959991455,,,,,,,,,,,
external,evaluate_train_SAC_off_seed0,SAC,0,off,best,100000,on,all,23,0,0.0,0.0,0,0,,114.90748994833191,0,0,0,0,0,23000,0.0,0.0,0.0,0.13613035410750896,main-session/queue/jobs/evaluate_train_SAC_off_seed0/best_on/report.json,840820eceac4b52c8507e9138c046ffecb0eda5c61c958c422ca47a162f3f9c6,raw_log_recomputed,baseline,sac_off_baseline,10.0,0.0,0.7551003019243505,3.956752300262451,3.956752300262451,,,,,,,,,,,
external,evaluate_train_SAC_off_seed0,SAC,0,off,last,100000,off,validation,20,0,0.0,0.0,0,0,,114.90646663958933,0,0,0,0,0,0,,0.0,0.0,0.13613035410750896,main-session/queue/jobs/evaluate_train_SAC_off_seed0/last_off/report.json,1f33be63a7587e43b239b2dbf5215c6ee4125f244d9e2c9259834826d0413618,raw_log_recomputed,baseline,sac_off_baseline,10.0,0.0,0.7551003019243505,3.956752300262451,3.956752300262451,,,,,,,,,,,
external,evaluate_train_SAC_off_seed0,SAC,0,off,last,100000,off,named,3,0,0.0,0.0,0,0,,114.9143120066159,0,0,0,0,0,0,,0.0,0.0,0.1324213069233449,main-session/queue/jobs/evaluate_train_SAC_off_seed0/last_off/report.json,1f33be63a7587e43b239b2dbf5215c6ee4125f244d9e2c9259834826d0413618,raw_log_recomputed,baseline,sac_off_baseline,10.0,0.0,0.7223015570640665,3.956676959991455,3.956676959991455,,,,,,,,,,,
external,evaluate_train_SAC_off_seed0,SAC,0,off,last,100000,off,all,23,0,0.0,0.0,0,0,,114.90748994833191,0,0,0,0,0,0,,0.0,0.0,0.13613035410750896,main-session/queue/jobs/evaluate_train_SAC_off_seed0/last_off/report.json,1f33be63a7587e43b239b2dbf5215c6ee4125f244d9e2c9259834826d0413618,raw_log_recomputed,baseline,sac_off_baseline,10.0,0.0,0.7551003019243505,3.956752300262451,3.956752300262451,,,,,,,,,,,
external,evaluate_train_SAC_off_seed0,SAC,0,off,last,100000,on,validation,20,0,0.0,0.0,0,0,,114.90646663958933,0,0,0,0,0,20000,0.0,0.0,0.0,0.13613035410750896,main-session/queue/jobs/evaluate_train_SAC_off_seed0/last_on/report.json,6305b977503e1104aeaed69f342126545df1d34ba7c14844c0394649f25a5227,raw_log_recomputed,baseline,sac_off_baseline,10.0,0.0,0.7551003019243505,3.956752300262451,3.956752300262451,,,,,,,,,,,
external,evaluate_train_SAC_off_seed0,SAC,0,off,last,100000,on,named,3,0,0.0,0.0,0,0,,114.9143120066159,0,0,0,0,0,3000,0.0,0.0,0.0,0.1324213069233449,main-session/queue/jobs/evaluate_train_SAC_off_seed0/last_on/report.json,6305b977503e1104aeaed69f342126545df1d34ba7c14844c0394649f25a5227,raw_log_recomputed,baseline,sac_off_baseline,10.0,0.0,0.7223015570640665,3.956676959991455,3.956676959991455,,,,,,,,,,,
external,evaluate_train_SAC_off_seed0,SAC,0,off,last,100000,on,all,23,0,0.0,0.0,0,0,,114.90748994833191,0,0,0,0,0,23000,0.0,0.0,0.0,0.13613035410750896,main-session/queue/jobs/evaluate_train_SAC_off_seed0/last_on/report.json,6305b977503e1104aeaed69f342126545df1d34ba7c14844c0394649f25a5227,raw_log_recomputed,baseline,sac_off_baseline,10.0,0.0,0.7551003019243505,3.956752300262451,3.956752300262451,,,,,,,,,,,
external,evaluate_train_SAC_off_seed1,SAC,1,off,best,80000,off,validation,20,0,0.0,0.2040000000000001,0,20,,181.24696358296964,0,0,0,0,0,0,,0.0,0.0,0.17007209641788365,main-session/queue/jobs/evaluate_train_SAC_off_seed1/best_off/report.json,7e978c287093d03ccf6a2b7cb0563b56ebb295959ac1e139a653b603850fa2e5,raw_log_recomputed,baseline,sac_off_baseline,10.0,0.0,0.8586510580739085,3.9749841690063477,3.9749841690063477,,,,,,,,,,,
external,evaluate_train_SAC_off_seed1,SAC,1,off,best,80000,off,named,3,0,0.0,0.0033333333333332624,0,3,,174.67294425682596,0,0,0,0,0,0,,0.0,0.0,0.16907783046495672,main-session/queue/jobs/evaluate_train_SAC_off_seed1/best_off/report.json,7e978c287093d03ccf6a2b7cb0563b56ebb295959ac1e139a653b603850fa2e5,raw_log_recomputed,baseline,sac_off_baseline,10.0,0.0,0.8456688284874078,3.9731616973876953,3.9731616973876953,,,,,,,,,,,
external,evaluate_train_SAC_off_seed1,SAC,1,off,best,80000,off,all,23,0,0.0,0.1778260869565218,0,23,,180.38948280129875,0,0,0,0,0,0,,0.0,0.0,0.17007209641788365,main-session/queue/jobs/evaluate_train_SAC_off_seed1/best_off/report.json,7e978c287093d03ccf6a2b7cb0563b56ebb295959ac1e139a653b603850fa2e5,raw_log_recomputed,baseline,sac_off_baseline,10.0,0.0,0.8586510580739085,3.9749841690063477,3.9749841690063477,,,,,,,,,,,
external,evaluate_train_SAC_off_seed1,SAC,1,off,best,80000,on,validation,20,0,0.0,0.2040000000000001,0,20,,181.24696358296964,0,0,0,0,0,20000,0.0,0.0,0.0,0.17007209641788365,main-session/queue/jobs/evaluate_train_SAC_off_seed1/best_on/report.json,cbfb007e3cc45658ee0e2c29aac8f99de80bb12879bac7f008aa0cf1544ac150,raw_log_recomputed,baseline,sac_off_baseline,10.0,0.0,0.8586510580739085,3.9749841690063477,3.9749841690063477,,,,,,,,,,,
external,evaluate_train_SAC_off_seed1,SAC,1,off,best,80000,on,named,3,0,0.0,0.0033333333333332624,0,3,,174.67294425682596,0,0,0,0,0,3000,0.0,0.0,0.0,0.16907783046495672,main-session/queue/jobs/evaluate_train_SAC_off_seed1/best_on/report.json,cbfb007e3cc45658ee0e2c29aac8f99de80bb12879bac7f008aa0cf1544ac150,raw_log_recomputed,baseline,sac_off_baseline,10.0,0.0,0.8456688284874078,3.9731616973876953,3.9731616973876953,,,,,,,,,,,
external,evaluate_train_SAC_off_seed1,SAC,1,off,best,80000,on,all,23,0,0.0,0.1778260869565218,0,23,,180.38948280129875,0,0,0,0,0,23000,0.0,0.0,0.0,0.17007209641788365,main-session/queue/jobs/evaluate_train_SAC_off_seed1/best_on/report.json,cbfb007e3cc45658ee0e2c29aac8f99de80bb12879bac7f008aa0cf1544ac150,raw_log_recomputed,baseline,sac_off_baseline,10.0,0.0,0.8586510580739085,3.9749841690063477,3.9749841690063477,,,,,,,,,,,
external,evaluate_train_SAC_off_seed1,SAC,1,off,last,100000,off,validation,20,0,0.0,0.0,0,0,,186.33559248924445,0,0,0,0,0,0,,0.0,0.0,0.16789227002549348,main-session/queue/jobs/evaluate_train_SAC_off_seed1/last_off/report.json,6687431f8c94ef14fd781de1bd3bc130f1ddccf8cb848ba99b6f4c44e9f5be4d,raw_log_recomputed,baseline,sac_off_baseline,10.0,0.0,0.8528528016766603,3.9239373207092285,3.9239373207092285,,,,,,,,,,,
external,evaluate_train_SAC_off_seed1,SAC,1,off,last,100000,off,named,3,0,0.0,0.0,0,0,,185.9631910995724,0,0,0,0,0,0,,0.0,0.0,0.16076387294956804,main-session/queue/jobs/evaluate_train_SAC_off_seed1/last_off/report.json,6687431f8c94ef14fd781de1bd3bc130f1ddccf8cb848ba99b6f4c44e9f5be4d,raw_log_recomputed,baseline,sac_off_baseline,10.0,0.0,0.8273391342163176,3.923795700073242,3.923795700073242,,,,,,,,,,,
external,evaluate_train_SAC_off_seed1,SAC,1,off,last,100000,off,all,23,0,0.0,0.0,0,0,,186.28701839493937,0,0,0,0,0,0,,0.0,0.0,0.16789227002549348,main-session/queue/jobs/evaluate_train_SAC_off_seed1/last_off/report.json,6687431f8c94ef14fd781de1bd3bc130f1ddccf8cb848ba99b6f4c44e9f5be4d,raw_log_recomputed,baseline,sac_off_baseline,10.0,0.0,0.8528528016766603,3.9239373207092285,3.9239373207092285,,,,,,,,,,,
external,evaluate_train_SAC_off_seed1,SAC,1,off,last,100000,on,validation,20,0,0.0,0.0,0,0,,186.33559248924445,0,0,0,0,0,20000,0.0,0.0,0.0,0.16789227002549348,main-session/queue/jobs/evaluate_train_SAC_off_seed1/last_on/report.json,655afe295fd19bc2d00a02519b9824ae1f79a5aab4c94c98b0b476252129db52,raw_log_recomputed,baseline,sac_off_baseline,10.0,0.0,0.8528528016766603,3.9239373207092285,3.9239373207092285,,,,,,,,,,,
external,evaluate_train_SAC_off_seed1,SAC,1,off,last,100000,on,named,3,0,0.0,0.0,0,0,,185.9631910995724,0,0,0,0,0,3000,0.0,0.0,0.0,0.16076387294956804,main-session/queue/jobs/evaluate_train_SAC_off_seed1/last_on/report.json,655afe295fd19bc2d00a02519b9824ae1f79a5aab4c94c98b0b476252129db52,raw_log_recomputed,baseline,sac_off_baseline,10.0,0.0,0.8273391342163176,3.923795700073242,3.923795700073242,,,,,,,,,,,
external,evaluate_train_SAC_off_seed1,SAC,1,off,last,100000,on,all,23,0,0.0,0.0,0,0,,186.28701839493937,0,0,0,0,0,23000,0.0,0.0,0.0,0.16789227002549348,main-session/queue/jobs/evaluate_train_SAC_off_seed1/last_on/report.json,655afe295fd19bc2d00a02519b9824ae1f79a5aab4c94c98b0b476252129db52,raw_log_recomputed,baseline,sac_off_baseline,10.0,0.0,0.8528528016766603,3.9239373207092285,3.9239373207092285,,,,,,,,,,,
external,evaluate_train_SAC_off_seed2,SAC,2,off,best,90000,off,validation,20,0,0.0,0.016999999999999994,0,20,,82.00843459040323,20,20,20,0,0,0,,0.0,0.0,0.2500000000000012,main-session/queue/jobs/evaluate_train_SAC_off_seed2/best_off/report.json,7682509922fb5a7483c04e9a25a40bb0d6bd9bcd993b7b88f32ff7996f0e2212,raw_log_recomputed,baseline,sac_off_baseline,7.620017238833762,1.0,0.7946336279586701,3.9998559951782227,3.9998559951782227,,,,,,,,,,,
external,evaluate_train_SAC_off_seed2,SAC,2,off,best,90000,off,named,3,0,0.0,0.0433333333333333,0,3,,91.47986721419828,3,3,3,0,0,0,,0.0,0.0,0.25000000000000017,main-session/queue/jobs/evaluate_train_SAC_off_seed2/best_off/report.json,7682509922fb5a7483c04e9a25a40bb0d6bd9bcd993b7b88f32ff7996f0e2212,raw_log_recomputed,baseline,sac_off_baseline,7.838768549885096,1.0,0.7756480336189315,3.999850273132324,3.999850273132324,,,,,,,,,,,
external,evaluate_train_SAC_off_seed2,SAC,2,off,best,90000,off,all,23,0,0.0,0.02043478260869564,0,23,,83.24383884568084,23,23,23,0,0,0,,0.0,0.0,0.2500000000000012,main-session/queue/jobs/evaluate_train_SAC_off_seed2/best_off/report.json,7682509922fb5a7483c04e9a25a40bb0d6bd9bcd993b7b88f32ff7996f0e2212,raw_log_recomputed,baseline,sac_off_baseline,7.648550018536111,1.0,0.7946336279586701,3.9998559951782227,3.9998559951782227,,,,,,,,,,,
external,evaluate_train_SAC_off_seed2,SAC,2,off,best,90000,on,validation,20,0,0.0,0.016999999999999994,0,20,,87.42626410095639,0,0,0,0,2330,20000,0.1165,12622.638926161502,7.999993051995318,0.239999,main-session/queue/jobs/evaluate_train_SAC_off_seed2/best_on/report.json,2b17736e0d82d848b85932adc2fc4c4ae8df9e81001d28ded14b9c4609d3bd97,raw_log_recomputed,baseline,sac_off_baseline,10.0,0.0,0.7946336279586701,3.9999999987558246,3.9999938011169434,,,,,,,,,,,
external,evaluate_train_SAC_off_seed2,SAC,2,off,best,90000,on,named,3,0,0.0,0.0433333333333333,0,3,,96.86378444256134,0,0,0,0,307,3000,0.10233333333333333,1702.0710142465018,7.999992586067849,0.239999,main-session/queue/jobs/evaluate_train_SAC_off_seed2/best_on/report.json,2b17736e0d82d848b85932adc2fc4c4ae8df9e81001d28ded14b9c4609d3bd97,raw_log_recomputed,baseline,sac_off_baseline,10.0,0.0,0.7756480336189315,3.9999999983032635,3.999992609024048,,,,,,,,,,,
external,evaluate_train_SAC_off_seed2,SAC,2,off,best,90000,on,all,23,0,0.0,0.02043478260869564,0,23,,88.65724501507877,0,0,0,0,2637,23000,0.11465217391304348,14324.709940408004,7.999993051995318,0.239999,main-session/queue/jobs/evaluate_train_SAC_off_seed2/best_on/report.json,2b17736e0d82d848b85932adc2fc4c4ae8df9e81001d28ded14b9c4609d3bd97,raw_log_recomputed,baseline,sac_off_baseline,10.0,0.0,0.7946336279586701,3.9999999987558246,3.9999938011169434,,,,,,,,,,,
external,evaluate_train_SAC_off_seed2,SAC,2,off,last,100000,off,validation,20,0,0.0,0.0,0,0,,117.31248293801869,0,0,0,0,0,0,,0.0,0.0,0.17091804006753164,main-session/queue/jobs/evaluate_train_SAC_off_seed2/last_off/report.json,91283d9766037a75bf7050aecb57a4cd9bb087eca71a78a7c614059df3afb7cc,raw_log_recomputed,baseline,sac_off_baseline,10.0,0.0,0.7815047043522836,3.9990286827087402,3.9990286827087402,,,,,,,,,,,
external,evaluate_train_SAC_off_seed2,SAC,2,off,last,100000,off,named,3,0,0.0,0.0,0,0,,118.4479530150664,0,0,0,0,0,0,,0.0,0.0,0.16633354375253961,main-session/queue/jobs/evaluate_train_SAC_off_seed2/last_off/report.json,91283d9766037a75bf7050aecb57a4cd9bb087eca71a78a7c614059df3afb7cc,raw_log_recomputed,baseline,sac_off_baseline,10.0,0.0,0.7625023913383631,3.998821973800659,3.998821973800659,,,,,,,,,,,
external,evaluate_train_SAC_off_seed2,SAC,2,off,last,100000,off,all,23,0,0.0,0.0,0,0,,117.46058773067708,0,0,0,0,0,0,,0.0,0.0,0.17091804006753164,main-session/queue/jobs/evaluate_train_SAC_off_seed2/last_off/report.json,91283d9766037a75bf7050aecb57a4cd9bb087eca71a78a7c614059df3afb7cc,raw_log_recomputed,baseline,sac_off_baseline,10.0,0.0,0.7815047043522836,3.9990286827087402,3.9990286827087402,,,,,,,,,,,
external,evaluate_train_SAC_off_seed2,SAC,2,off,last,100000,on,validation,20,0,0.0,0.0,0,0,,117.31248293801869,0,0,0,0,0,20000,0.0,0.0,0.0,0.17091804006753164,main-session/queue/jobs/evaluate_train_SAC_off_seed2/last_on/report.json,3dcc4c25e69560aa652e38930f59ebff2eafbb86d2662e2e8398fe693490f5d4,raw_log_recomputed,baseline,sac_off_baseline,10.0,0.0,0.7815047043522836,3.9990286827087402,3.9990286827087402,,,,,,,,,,,
external,evaluate_train_SAC_off_seed2,SAC,2,off,last,100000,on,named,3,0,0.0,0.0,0,0,,118.4479530150664,0,0,0,0,0,3000,0.0,0.0,0.0,0.16633354375253961,main-session/queue/jobs/evaluate_train_SAC_off_seed2/last_on/report.json,3dcc4c25e69560aa652e38930f59ebff2eafbb86d2662e2e8398fe693490f5d4,raw_log_recomputed,baseline,sac_off_baseline,10.0,0.0,0.7625023913383631,3.998821973800659,3.998821973800659,,,,,,,,,,,
external,evaluate_train_SAC_off_seed2,SAC,2,off,last,100000,on,all,23,0,0.0,0.0,0,0,,117.46058773067708,0,0,0,0,0,23000,0.0,0.0,0.0,0.17091804006753164,main-session/queue/jobs/evaluate_train_SAC_off_seed2/last_on/report.json,3dcc4c25e69560aa652e38930f59ebff2eafbb86d2662e2e8398fe693490f5d4,raw_log_recomputed,baseline,sac_off_baseline,10.0,0.0,0.7815047043522836,3.9990286827087402,3.9990286827087402,,,,,,,,,,,
external,evaluate_train_ddpg_on_warmup5000_seed0,DDPG,0,on,best,100000,off,validation,20,0,0.0,0.0,0,0,,-4.635774644507942,20,20,20,0,0,0,,0.0,0.0,0.2500000000000001,main-session/queue/jobs/evaluate_train_ddpg_on_warmup5000_seed0/best_off/report.json,7ad40b6cb685a1b3e3ce729c36bfadedbd7365f8a78d08ef3c19457f0d90d005,raw_log_recomputed,stage1,ddpg_on_warmup5000,0.3581615658694653,1.0,1.4627819145660288,4.0,4.0,20,0,0,0,3.98638955090028,3.9869045414301048,3.98638955090028,3.9869045414301048,0.0,0.9768353880195985,0.9768353880195985
external,evaluate_train_ddpg_on_warmup5000_seed0,DDPG,0,on,best,100000,off,named,3,0,0.0,0.0,0,0,,-4.6603148816437105,3,3,3,0,0,0,,0.0,0.0,0.25000000000000006,main-session/queue/jobs/evaluate_train_ddpg_on_warmup5000_seed0/best_off/report.json,7ad40b6cb685a1b3e3ce729c36bfadedbd7365f8a78d08ef3c19457f0d90d005,raw_log_recomputed,stage1,ddpg_on_warmup5000,0.3535641919515116,1.0,1.412314302937062,4.0,4.0,3,0,0,0,3.990051406401175,3.9902770245628774,3.990051406401175,3.9902770245628774,0.0,0.9722222222222222,0.9722222222222222
external,evaluate_train_ddpg_on_warmup5000_seed0,DDPG,0,on,best,100000,off,all,23,0,0.0,0.0,0,0,,-4.638975545003912,23,23,23,0,0,0,,0.0,0.0,0.2500000000000001,main-session/queue/jobs/evaluate_train_ddpg_on_warmup5000_seed0/best_off/report.json,7ad40b6cb685a1b3e3ce729c36bfadedbd7365f8a78d08ef3c19457f0d90d005,raw_log_recomputed,stage1,ddpg_on_warmup5000,0.3575619084019061,1.0,1.4627819145660288,4.0,4.0,23,0,0,0,3.9868671842264836,3.9873444305343795,3.9868671842264836,3.9873444305343795,0.0,0.9762336707416799,0.9762336707416799
external,evaluate_train_ddpg_on_warmup5000_seed0,DDPG,0,on,best,100000,on,validation,20,0,0.0,0.0,0,20,,98.67903361480985,0,0,0,0,7522,20000,0.3761,44264.337023785556,7.999999999707863,0.239999,main-session/queue/jobs/evaluate_train_ddpg_on_warmup5000_seed0/best_on/report.json,7664ed383ce7c15deec1ee0e8e2d101639cdc22c8b0fcc4828e0ef6b6264b183,raw_log_recomputed,stage1,ddpg_on_warmup5000,10.0,0.0,1.3852896797105096,4.0,4.0,0,0,0,0,0.0428101448059082,3.74809761621592,0.011907871471301854,3.7163124207142397,2.213216851189278,0.78715,0.78105
external,evaluate_train_ddpg_on_warmup5000_seed0,DDPG,0,on,best,100000,on,named,3,0,0.0,0.0,0,3,,99.6216024356468,0,0,0,0,943,3000,0.31433333333333335,5291.326231850737,7.999999999699609,0.239999,main-session/queue/jobs/evaluate_train_ddpg_on_warmup5000_seed0/best_on/report.json,7664ed383ce7c15deec1ee0e8e2d101639cdc22c8b0fcc4828e0ef6b6264b183,raw_log_recomputed,stage1,ddpg_on_warmup5000,10.0,0.0,1.3801621514006885,4.0,4.0,0,0,0,0,-0.03138391621907552,3.7571354881976124,-0.0007783642560202419,3.7313171038178807,1.7637754106169121,0.7906666666666666,0.783
external,evaluate_train_ddpg_on_warmup5000_seed0,DDPG,0,on,best,100000,on,all,23,0,0.0,0.0,0,23,,98.80197737404944,0,0,0,0,8465,23000,0.3680434782608696,49555.66325563629,7.999999999707863,0.239999,main-session/queue/jobs/evaluate_train_ddpg_on_warmup5000_seed0/best_on/report.json,7664ed383ce7c15deec1ee0e8e2d101639cdc22c8b0fcc4828e0ef6b6264b183,raw_log_recomputed,stage1,ddpg_on_warmup5000,10.0,0.0,1.3852896797105096,4.0,4.0,0,0,0,0,0.03313265858525815,3.7492764690830978,0.01025314507208593,3.7182695532929757,2.154594054592882,0.7876086956521738,0.7813043478260869
external,evaluate_train_ddpg_on_warmup5000_seed0,DDPG,0,on,last,100000,off,validation,20,0,0.0,0.0,0,0,,-4.635774644507942,20,20,20,0,0,0,,0.0,0.0,0.2500000000000001,main-session/queue/jobs/evaluate_train_ddpg_on_warmup5000_seed0/last_off/report.json,5236e703f0b78f6f2fcbb70ceb810c9705cb1568f53ab39cb86ac987d77e95ae,raw_log_recomputed,stage1,ddpg_on_warmup5000,0.3581615658694653,1.0,1.4627819145660288,4.0,4.0,20,0,0,0,3.98638955090028,3.9869045414301048,3.98638955090028,3.9869045414301048,0.0,0.9768353880195985,0.9768353880195985
external,evaluate_train_ddpg_on_warmup5000_seed0,DDPG,0,on,last,100000,off,named,3,0,0.0,0.0,0,0,,-4.6603148816437105,3,3,3,0,0,0,,0.0,0.0,0.25000000000000006,main-session/queue/jobs/evaluate_train_ddpg_on_warmup5000_seed0/last_off/report.json,5236e703f0b78f6f2fcbb70ceb810c9705cb1568f53ab39cb86ac987d77e95ae,raw_log_recomputed,stage1,ddpg_on_warmup5000,0.3535641919515116,1.0,1.412314302937062,4.0,4.0,3,0,0,0,3.990051406401175,3.9902770245628774,3.990051406401175,3.9902770245628774,0.0,0.9722222222222222,0.9722222222222222
external,evaluate_train_ddpg_on_warmup5000_seed0,DDPG,0,on,last,100000,off,all,23,0,0.0,0.0,0,0,,-4.638975545003912,23,23,23,0,0,0,,0.0,0.0,0.2500000000000001,main-session/queue/jobs/evaluate_train_ddpg_on_warmup5000_seed0/last_off/report.json,5236e703f0b78f6f2fcbb70ceb810c9705cb1568f53ab39cb86ac987d77e95ae,raw_log_recomputed,stage1,ddpg_on_warmup5000,0.3575619084019061,1.0,1.4627819145660288,4.0,4.0,23,0,0,0,3.9868671842264836,3.9873444305343795,3.9868671842264836,3.9873444305343795,0.0,0.9762336707416799,0.9762336707416799
external,evaluate_train_ddpg_on_warmup5000_seed0,DDPG,0,on,last,100000,on,validation,20,0,0.0,0.0,0,20,,98.67903361480985,0,0,0,0,7522,20000,0.3761,44264.337023785556,7.999999999707863,0.239999,main-session/queue/jobs/evaluate_train_ddpg_on_warmup5000_seed0/last_on/report.json,d09370824bd81d62d96069010f99609c47a9dd3f9cfa2ce99add959d08e8b647,raw_log_recomputed,stage1,ddpg_on_warmup5000,10.0,0.0,1.3852896797105096,4.0,4.0,0,0,0,0,0.0428101448059082,3.74809761621592,0.011907871471301854,3.7163124207142397,2.213216851189278,0.78715,0.78105
external,evaluate_train_ddpg_on_warmup5000_seed0,DDPG,0,on,last,100000,on,named,3,0,0.0,0.0,0,3,,99.6216024356468,0,0,0,0,943,3000,0.31433333333333335,5291.326231850737,7.999999999699609,0.239999,main-session/queue/jobs/evaluate_train_ddpg_on_warmup5000_seed0/last_on/report.json,d09370824bd81d62d96069010f99609c47a9dd3f9cfa2ce99add959d08e8b647,raw_log_recomputed,stage1,ddpg_on_warmup5000,10.0,0.0,1.3801621514006885,4.0,4.0,0,0,0,0,-0.03138391621907552,3.7571354881976124,-0.0007783642560202419,3.7313171038178807,1.7637754106169121,0.7906666666666666,0.783
external,evaluate_train_ddpg_on_warmup5000_seed0,DDPG,0,on,last,100000,on,all,23,0,0.0,0.0,0,23,,98.80197737404944,0,0,0,0,8465,23000,0.3680434782608696,49555.66325563629,7.999999999707863,0.239999,main-session/queue/jobs/evaluate_train_ddpg_on_warmup5000_seed0/last_on/report.json,d09370824bd81d62d96069010f99609c47a9dd3f9cfa2ce99add959d08e8b647,raw_log_recomputed,stage1,ddpg_on_warmup5000,10.0,0.0,1.3852896797105096,4.0,4.0,0,0,0,0,0.03313265858525815,3.7492764690830978,0.01025314507208593,3.7182695532929757,2.154594054592882,0.7876086956521738,0.7813043478260869
external,evaluate_train_ddpg_on_warmup5000_seed1,DDPG,1,on,best,90000,off,validation,20,0,0.0,0.0,0,0,,-4.620072440860019,20,20,20,0,0,0,,0.0,0.0,0.25000000000000017,main-session/queue/jobs/evaluate_train_ddpg_on_warmup5000_seed1/best_off/report.json,fd248cddae3fc6feeeb6b4b053681104364cf9c4261530f728212484df5d613b,raw_log_recomputed,stage1,ddpg_on_warmup5000,0.37112647659691705,1.0,1.3304104694028704,4.0,4.0,20,0,0,0,-2.7892932739357117,3.818290604532696,-2.7892932739357117,3.818290604532696,0.0,0.8500495891457656,0.8500495891457656
external,evaluate_train_ddpg_on_warmup5000_seed1,DDPG,1,on,best,90000,off,named,3,0,0.0,0.0,0,0,,-4.638551832300998,3,3,3,0,0,0,,0.0,0.0,0.25,main-session/queue/jobs/evaluate_train_ddpg_on_warmup5000_seed1/best_off/report.json,fd248cddae3fc6feeeb6b4b053681104364cf9c4261530f728212484df5d613b,raw_log_recomputed,stage1,ddpg_on_warmup5000,0.35755852307139674,1.0,1.3203645181655876,4.0,4.0,3,0,0,0,-3.5080752836333375,3.8510388256167523,-3.5080752836333375,3.8510388256167523,0.0,0.8611111111111112,0.8611111111111112
external,evaluate_train_ddpg_on_warmup5000_seed1,DDPG,1,on,best,90000,off,all,23,0,0.0,0.0,0,0,,-4.6224827962653645,23,23,23,0,0,0,,0.0,0.0,0.25000000000000017,main-session/queue/jobs/evaluate_train_ddpg_on_warmup5000_seed1/best_off/report.json,fd248cddae3fc6feeeb6b4b053681104364cf9c4261530f728212484df5d613b,raw_log_recomputed,stage1,ddpg_on_warmup5000,0.36935674352837095,1.0,1.3304104694028704,4.0,4.0,23,0,0,0,-2.883047449113663,3.822562111630616,-2.883047449113663,3.822562111630616,0.0,0.8514923963586366,0.8514923963586366
external,evaluate_train_ddpg_on_warmup5000_seed1,DDPG,1,on,best,90000,on,validation,20,20,7.164,7.164,20,20,2.836,658.4153982325412,0,0,0,0,360,20000,0.018,1506.4748995095206,7.999999973993706,0.23999899999999977,main-session/queue/jobs/evaluate_train_ddpg_on_warmup5000_seed1/best_on/report.json,97ab00f231d30f9ff1301f8bf560313aaab5a76c4ff1dc3410d239f9e3d0565b,raw_log_recomputed,stage1,ddpg_on_warmup5000,10.0,0.0,1.3134669663990732,4.0,4.0,0,0,0,0,-0.007310740923881532,1.5824580854562866,-0.00045357928022916807,1.58481944815925,0.07532374497547603,0.1281,0.13035000000000002
external,evaluate_train_ddpg_on_warmup5000_seed1,DDPG,1,on,best,90000,on,named,3,3,7.363333333333333,7.363333333333333,3,3,2.6366666666666667,666.4131687272446,0,0,0,0,43,3000,0.014333333333333333,143.701208468348,7.9999995227458225,0.23999899998901975,main-session/queue/jobs/evaluate_train_ddpg_on_warmup5000_seed1/best_on/report.json,97ab00f231d30f9ff1301f8bf560313aaab5a76c4ff1dc3410d239f9e3d0565b,raw_log_recomputed,stage1,ddpg_on_warmup5000,10.0,0.0,0.9792142027428355,4.0,4.0,0,0,0,0,-0.04841125535964966,1.5239533479576852,-0.0005108525368669904,1.5299263281630509,0.04790040282278266,0.12066666666666666,0.123
external,evaluate_train_ddpg_on_warmup5000_seed1,DDPG,1,on,best,90000,on,all,23,23,7.19,7.19,23,23,2.8099999999999996,659.4585856883721,0,0,0,0,403,23000,0.017521739130434782,1650.1761079778687,7.999999973993706,0.23999899999999977,main-session/queue/jobs/evaluate_train_ddpg_on_warmup5000_seed1/best_on/report.json,97ab00f231d30f9ff1301f8bf560313aaab5a76c4ff1dc3410d239f9e3d0565b,raw_log_recomputed,stage1,ddpg_on_warmup5000,10.0,0.0,1.3134669663990732,4.0,4.0,0,0,0,0,-0.012671677589416506,1.5748270327390776,-0.0004610497050080144,1.5776594759858327,0.0717467873033856,0.1271304347826087,0.12939130434782609
external,evaluate_train_ddpg_on_warmup5000_seed1,DDPG,1,on,last,100000,off,validation,20,0,0.0,0.0,0,0,,-4.592537541327257,20,20,20,0,0,0,,0.0,0.0,0.2500000000000002,main-session/queue/jobs/evaluate_train_ddpg_on_warmup5000_seed1/last_off/report.json,3d6427b2eb7097fe2f1305366434eb7d6a76264a0303a39d40a4eca53bbf9501,raw_log_recomputed,stage1,ddpg_on_warmup5000,0.36046492596319013,1.0,1.2174169179441434,4.0,4.0,20,0,0,0,-2.764202935327749,3.8805672975916687,-2.764202935327749,3.8805672975916687,0.0,0.8887417912417913,0.8887417912417913
external,evaluate_train_ddpg_on_warmup5000_seed1,DDPG,1,on,last,100000,off,named,3,0,0.0,0.0,0,0,,-4.5573770226169446,3,3,3,0,0,0,,0.0,0.0,0.2500000000000001,main-session/queue/jobs/evaluate_train_ddpg_on_warmup5000_seed1/last_off/report.json,3d6427b2eb7097fe2f1305366434eb7d6a76264a0303a39d40a4eca53bbf9501,raw_log_recomputed,stage1,ddpg_on_warmup5000,0.36307539813968565,1.0,1.207962105274201,4.0,4.0,3,0,0,0,-2.6257884974952215,3.911185826632801,-2.6257884974952215,3.911185826632801,0.0,0.9099099099099099,0.9099099099099099
external,evaluate_train_ddpg_on_warmup5000_seed1,DDPG,1,on,last,100000,off,all,23,0,0.0,0.0,0,0,,-4.587951386712868,23,23,23,0,0,0,,0.0,0.0,0.2500000000000002,main-session/queue/jobs/evaluate_train_ddpg_on_warmup5000_seed1/last_off/report.json,3d6427b2eb7097fe2f1305366434eb7d6a76264a0303a39d40a4eca53bbf9501,raw_log_recomputed,stage1,ddpg_on_warmup5000,0.36080542233403734,1.0,1.2174169179441434,4.0,4.0,23,0,0,0,-2.7461488782191585,3.8845610187709467,-2.7461488782191585,3.8845610187709467,0.0,0.8915028501985024,0.8915028501985024
external,evaluate_train_ddpg_on_warmup5000_seed1,DDPG,1,on,last,100000,on,validation,20,0,0.0,0.0,0,20,,179.442416129253,0,0,0,0,2542,20000,0.1271,9801.502660664357,7.99999999956475,0.239999,main-session/queue/jobs/evaluate_train_ddpg_on_warmup5000_seed1/last_on/report.json,9737d6092b7037fa3e2bbf929eb93bffd684673ccf515ded70187c30b31af7d3,raw_log_recomputed,stage1,ddpg_on_warmup5000,10.0,0.0,1.3741058043987058,4.0,4.0,0,0,0,0,0.33709336659908296,3.653232659803249,-0.04154391880740407,3.719521116718096,0.4900751330332179,0.7417499999999999,0.79395
external,evaluate_train_ddpg_on_warmup5000_seed1,DDPG,1,on,last,100000,on,named,3,0,0.0,0.0,0,3,,176.77169134266887,0,0,0,0,410,3000,0.13666666666666666,1665.2557021585544,7.9999985690643864,0.23999899999999985,main-session/queue/jobs/evaluate_train_ddpg_on_warmup5000_seed1/last_on/report.json,9737d6092b7037fa3e2bbf929eb93bffd684673ccf515ded70187c30b31af7d3,raw_log_recomputed,stage1,ddpg_on_warmup5000,10.0,0.0,1.3743116048226773,4.0,4.0,0,0,0,0,0.3647925156752268,3.6316440814248074,-0.00050456879250756,3.7024450541258234,0.5550852340528515,0.7316666666666666,0.7893333333333334
external,evaluate_train_ddpg_on_warmup5000_seed1,DDPG,1,on,last,100000,on,all,23,0,0.0,0.0,0,23,,179.09406072230723,0,0,0,0,2952,23000,0.12834782608695652,11466.758362822911,7.99999999956475,0.239999,main-session/queue/jobs/evaluate_train_ddpg_on_warmup5000_seed1/last_on/report.json,9737d6092b7037fa3e2bbf929eb93bffd684673ccf515ded70187c30b31af7d3,raw_log_recomputed,stage1,ddpg_on_warmup5000,10.0,0.0,1.3743116048226773,4.0,4.0,0,0,0,0,0.3407062990872756,3.6504167582756266,-0.03619096010980888,3.71729380420606,0.49855471142708313,0.7404347826086957,0.7933478260869565
external,evaluate_train_ddpg_on_warmup5000_seed2,DDPG,2,on,best,100000,off,validation,20,0,0.0,0.0,0,0,,-2.1544115643406148,20,20,20,0,0,0,,0.0,0.0,0.25000000000000044,main-session/queue/jobs/evaluate_train_ddpg_on_warmup5000_seed2/best_off/report.json,ea8d3c860c3fd8309adae9b9795481954edca0e2c4f3e78076eed5b4a0693659,raw_log_recomputed,stage1,ddpg_on_warmup5000,1.1162188734183467,1.0,1.2052158721586206,4.0,4.0,20,0,0,0,-0.5937060459638915,3.4638311368499983,-0.5937060459638915,3.4638311368499983,0.0,0.619763218465745,0.619763218465745
external,evaluate_train_ddpg_on_warmup5000_seed2,DDPG,2,on,best,100000,off,named,3,0,0.0,0.0,0,0,,-2.2033654874629995,3,3,3,0,0,0,,0.0,0.0,0.25000000000000006,main-session/queue/jobs/evaluate_train_ddpg_on_warmup5000_seed2/best_off/report.json,ea8d3c860c3fd8309adae9b9795481954edca0e2c4f3e78076eed5b4a0693659,raw_log_recomputed,stage1,ddpg_on_warmup5000,1.1022455944614074,1.0,1.1863009190559592,4.0,4.0,3,0,0,0,-0.639002669518221,3.4484520974524746,-0.639002669518221,3.4484520974524746,0.0,0.6234780234780235,0.6234780234780235
external,evaluate_train_ddpg_on_warmup5000_seed2,DDPG,2,on,best,100000,off,all,23,0,0.0,0.0,0,0,,-2.160796858660926,23,23,23,0,0,0,,0.0,0.0,0.25000000000000044,main-session/queue/jobs/evaluate_train_ddpg_on_warmup5000_seed2/best_off/report.json,ea8d3c860c3fd8309adae9b9795481954edca0e2c4f3e78076eed5b4a0693659,raw_log_recomputed,stage1,ddpg_on_warmup5000,1.1143962718152676,1.0,1.2052158721586206,4.0,4.0,23,0,0,0,-0.5996143012101084,3.4618251751894524,-0.5996143012101084,3.4618251751894524,0.0,0.6202477582499553,0.6202477582499553
external,evaluate_train_ddpg_on_warmup5000_seed2,DDPG,2,on,best,100000,on,validation,20,20,6.9510000000000005,6.9510000000000005,20,20,3.0490000000000004,742.2235589071103,0,0,0,0,807,20000,0.04035,2335.188622522104,7.999999998984927,0.23999899999999982,main-session/queue/jobs/evaluate_train_ddpg_on_warmup5000_seed2/best_on/report.json,d4dafd0cc8870ff834cd37edc4aced33252dba279fd0ed72d361946c2cb41541,raw_log_recomputed,stage1,ddpg_on_warmup5000,10.0,0.0,1.1285871065493283,4.0,4.0,0,0,0,0,-0.1167234156370163,1.683803829136414,3.601548908890542e-05,1.7139551556643724,0.1167594311261052,0.1213,0.1308
external,evaluate_train_ddpg_on_warmup5000_seed2,DDPG,2,on,best,100000,on,named,3,3,6.863333333333333,6.863333333333333,3,3,3.1366666666666667,739.9360114113489,0,0,0,0,121,3000,0.04033333333333333,368.18218259088405,7.999999998981361,0.23999899999999297,main-session/queue/jobs/evaluate_train_ddpg_on_warmup5000_seed2/best_on/report.json,d4dafd0cc8870ff834cd37edc4aced33252dba279fd0ed72d361946c2cb41541,raw_log_recomputed,stage1,ddpg_on_warmup5000,10.0,0.0,1.1236591196060364,4.0,4.0,0,0,0,0,-0.12267278059323627,1.6688295401083846,5.4613603725064767e-05,1.7020139954595237,0.12272739419696137,0.11866666666666666,0.129
external,evaluate_train_ddpg_on_warmup5000_seed2,DDPG,2,on,best,100000,on,all,23,23,6.939565217391305,6.939565217391305,23,23,3.0604347826086955,741.9251831467935,0,0,0,0,928,23000,0.04034782608695652,2703.370805112988,7.999999998984927,0.23999899999999982,main-session/queue/jobs/evaluate_train_ddpg_on_warmup5000_seed2/best_on/report.json,d4dafd0cc8870ff834cd37edc4aced33252dba279fd0ed72d361946c2cb41541,raw_log_recomputed,stage1,ddpg_on_warmup5000,10.0,0.0,1.1285871065493283,4.0,4.0,0,0,0,0,-0.11749941976174065,1.681850661002323,3.8441330128404465e-05,1.7123976130289573,0.11753786109186903,0.12095652173913043,0.13056521739130436
external,evaluate_train_ddpg_on_warmup5000_seed2,DDPG,2,on,last,100000,off,validation,20,0,0.0,0.0,0,0,,-2.1544115643406148,20,20,20,0,0,0,,0.0,0.0,0.25000000000000044,main-session/queue/jobs/evaluate_train_ddpg_on_warmup5000_seed2/last_off/report.json,f92b03a53da06b5410c6a8ae2b714211ca839d308c4189ec93395b1ac99d448b,raw_log_recomputed,stage1,ddpg_on_warmup5000,1.1162188734183467,1.0,1.2052158721586206,4.0,4.0,20,0,0,0,-0.5937060459638915,3.4638311368499983,-0.5937060459638915,3.4638311368499983,0.0,0.619763218465745,0.619763218465745
external,evaluate_train_ddpg_on_warmup5000_seed2,DDPG,2,on,last,100000,off,named,3,0,0.0,0.0,0,0,,-2.2033654874629995,3,3,3,0,0,0,,0.0,0.0,0.25000000000000006,main-session/queue/jobs/evaluate_train_ddpg_on_warmup5000_seed2/last_off/report.json,f92b03a53da06b5410c6a8ae2b714211ca839d308c4189ec93395b1ac99d448b,raw_log_recomputed,stage1,ddpg_on_warmup5000,1.1022455944614074,1.0,1.1863009190559592,4.0,4.0,3,0,0,0,-0.639002669518221,3.4484520974524746,-0.639002669518221,3.4484520974524746,0.0,0.6234780234780235,0.6234780234780235
external,evaluate_train_ddpg_on_warmup5000_seed2,DDPG,2,on,last,100000,off,all,23,0,0.0,0.0,0,0,,-2.160796858660926,23,23,23,0,0,0,,0.0,0.0,0.25000000000000044,main-session/queue/jobs/evaluate_train_ddpg_on_warmup5000_seed2/last_off/report.json,f92b03a53da06b5410c6a8ae2b714211ca839d308c4189ec93395b1ac99d448b,raw_log_recomputed,stage1,ddpg_on_warmup5000,1.1143962718152676,1.0,1.2052158721586206,4.0,4.0,23,0,0,0,-0.5996143012101084,3.4618251751894524,-0.5996143012101084,3.4618251751894524,0.0,0.6202477582499553,0.6202477582499553
external,evaluate_train_ddpg_on_warmup5000_seed2,DDPG,2,on,last,100000,on,validation,20,20,6.9510000000000005,6.9510000000000005,20,20,3.0490000000000004,742.2235589071103,0,0,0,0,807,20000,0.04035,2335.188622522104,7.999999998984927,0.23999899999999982,main-session/queue/jobs/evaluate_train_ddpg_on_warmup5000_seed2/last_on/report.json,26592fd76962c0a7e19938f1fa6fc760ff5b9bf0f862b476919290f4a66aaf3d,raw_log_recomputed,stage1,ddpg_on_warmup5000,10.0,0.0,1.1285871065493283,4.0,4.0,0,0,0,0,-0.1167234156370163,1.683803829136414,3.601548908890542e-05,1.7139551556643724,0.1167594311261052,0.1213,0.1308
external,evaluate_train_ddpg_on_warmup5000_seed2,DDPG,2,on,last,100000,on,named,3,3,6.863333333333333,6.863333333333333,3,3,3.1366666666666667,739.9360114113489,0,0,0,0,121,3000,0.04033333333333333,368.18218259088405,7.999999998981361,0.23999899999999297,main-session/queue/jobs/evaluate_train_ddpg_on_warmup5000_seed2/last_on/report.json,26592fd76962c0a7e19938f1fa6fc760ff5b9bf0f862b476919290f4a66aaf3d,raw_log_recomputed,stage1,ddpg_on_warmup5000,10.0,0.0,1.1236591196060364,4.0,4.0,0,0,0,0,-0.12267278059323627,1.6688295401083846,5.4613603725064767e-05,1.7020139954595237,0.12272739419696137,0.11866666666666666,0.129
external,evaluate_train_ddpg_on_warmup5000_seed2,DDPG,2,on,last,100000,on,all,23,23,6.939565217391305,6.939565217391305,23,23,3.0604347826086955,741.9251831467935,0,0,0,0,928,23000,0.04034782608695652,2703.370805112988,7.999999998984927,0.23999899999999982,main-session/queue/jobs/evaluate_train_ddpg_on_warmup5000_seed2/last_on/report.json,26592fd76962c0a7e19938f1fa6fc760ff5b9bf0f862b476919290f4a66aaf3d,raw_log_recomputed,stage1,ddpg_on_warmup5000,10.0,0.0,1.1285871065493283,4.0,4.0,0,0,0,0,-0.11749941976174065,1.681850661002323,3.8441330128404465e-05,1.7123976130289573,0.11753786109186903,0.12095652173913043,0.13056521739130436
external,evaluate_train_ddpg_on_lr1e4_seed0,DDPG,0,on,best,100000,off,validation,20,0,0.0,0.0,0,0,,-4.6361497802281635,20,20,20,0,0,0,,0.0,0.0,0.25000000000000017,main-session/queue/jobs/evaluate_train_ddpg_on_lr1e4_seed0/best_off/report.json,b308eaa86f796354a462da26844aa66e988a877c04addf2eb151e817a924f74f,raw_log_recomputed,stage1,ddpg_on_lr1e4,0.35814330994921517,1.0,1.469672451944999,4.0,4.0,20,0,0,0,4.0,4.0,4.0,4.0,0.0,1.0,1.0
external,evaluate_train_ddpg_on_lr1e4_seed0,DDPG,0,on,best,100000,off,named,3,0,0.0,0.0,0,0,,-4.6605277636979325,3,3,3,0,0,0,,0.0,0.0,0.25000000000000006,main-session/queue/jobs/evaluate_train_ddpg_on_lr1e4_seed0/best_off/report.json,b308eaa86f796354a462da26844aa66e988a877c04addf2eb151e817a924f74f,raw_log_recomputed,stage1,ddpg_on_lr1e4,0.35355339059327395,1.0,1.4142135623731007,4.0,4.0,3,0,0,0,4.0,4.0,4.0,4.0,0.0,1.0,1.0
external,evaluate_train_ddpg_on_lr1e4_seed0,DDPG,0,on,best,100000,off,all,23,0,0.0,0.0,0,0,,-4.639329517202481,23,23,23,0,0,0,,0.0,0.0,0.25000000000000017,main-session/queue/jobs/evaluate_train_ddpg_on_lr1e4_seed0/best_off/report.json,b308eaa86f796354a462da26844aa66e988a877c04addf2eb151e817a924f74f,raw_log_recomputed,stage1,ddpg_on_lr1e4,0.3575446248158315,1.0,1.469672451944999,4.0,4.0,23,0,0,0,4.0,4.0,4.0,4.0,0.0,1.0,1.0
external,evaluate_train_ddpg_on_lr1e4_seed0,DDPG,0,on,best,100000,on,validation,20,0,0.0,0.0,0,0,,26.474479077175438,0,0,0,0,14507,20000,0.72535,75806.90560593619,7.999999999597727,0.239999,main-session/queue/jobs/evaluate_train_ddpg_on_lr1e4_seed0/best_on/report.json,849ffd43a26f78b367cbd9c3ad9016197ef92454a25beead0bb251183ce882d1,raw_log_recomputed,stage1,ddpg_on_lr1e4,10.0,0.0,1.0145481660350326,4.0,4.0,0,0,0,0,3.7901817644357676,3.827752362056792,-0.00016351586104171027,3.3744889185941416,3.7903452802968096,0.8225,0.5872499999999999
external,evaluate_train_ddpg_on_lr1e4_seed0,DDPG,0,on,best,100000,on,named,3,0,0.0,0.0,0,0,,25.782487224664013,0,0,0,0,2169,3000,0.723,11334.479904241785,7.999999999574511,0.239999,main-session/queue/jobs/evaluate_train_ddpg_on_lr1e4_seed0/best_on/report.json,849ffd43a26f78b367cbd9c3ad9016197ef92454a25beead0bb251183ce882d1,raw_log_recomputed,stage1,ddpg_on_lr1e4,10.0,0.0,0.9599999999999987,4.0,4.0,0,0,0,0,3.7783944993019105,3.8180064146321784,0.00023453122131514967,3.357510474642582,3.7781599680805953,0.8143333333333334,0.5816666666666667
external,evaluate_train_ddpg_on_lr1e4_seed0,DDPG,0,on,best,100000,on,all,23,0,0.0,0.0,0,0,,26.38421927032612,0,0,0,0,16676,23000,0.7250434782608696,87141.38551017798,7.999999999597727,0.239999,main-session/queue/jobs/evaluate_train_ddpg_on_lr1e4_seed0/best_on/report.json,849ffd43a26f78b367cbd9c3ad9016197ef92454a25beead0bb251183ce882d1,raw_log_recomputed,stage1,ddpg_on_lr1e4,10.0,0.0,1.0145481660350326,4.0,4.0,0,0,0,0,3.788644295070482,3.8264811515231467,-0.00011159667638646768,3.3722743389482868,3.788755891746869,0.8214347826086957,0.5865217391304347
external,evaluate_train_ddpg_on_lr1e4_seed0,DDPG,0,on,last,100000,off,validation,20,0,0.0,0.0,0,0,,-4.6361497802281635,20,20,20,0,0,0,,0.0,0.0,0.25000000000000017,main-session/queue/jobs/evaluate_train_ddpg_on_lr1e4_seed0/last_off/report.json,0b4f9f5411189b8bda8b123fe6127e087f7379063f3357165dea6f937b84773f,raw_log_recomputed,stage1,ddpg_on_lr1e4,0.35814330994921517,1.0,1.469672451944999,4.0,4.0,20,0,0,0,4.0,4.0,4.0,4.0,0.0,1.0,1.0
external,evaluate_train_ddpg_on_lr1e4_seed0,DDPG,0,on,last,100000,off,named,3,0,0.0,0.0,0,0,,-4.6605277636979325,3,3,3,0,0,0,,0.0,0.0,0.25000000000000006,main-session/queue/jobs/evaluate_train_ddpg_on_lr1e4_seed0/last_off/report.json,0b4f9f5411189b8bda8b123fe6127e087f7379063f3357165dea6f937b84773f,raw_log_recomputed,stage1,ddpg_on_lr1e4,0.35355339059327395,1.0,1.4142135623731007,4.0,4.0,3,0,0,0,4.0,4.0,4.0,4.0,0.0,1.0,1.0
external,evaluate_train_ddpg_on_lr1e4_seed0,DDPG,0,on,last,100000,off,all,23,0,0.0,0.0,0,0,,-4.639329517202481,23,23,23,0,0,0,,0.0,0.0,0.25000000000000017,main-session/queue/jobs/evaluate_train_ddpg_on_lr1e4_seed0/last_off/report.json,0b4f9f5411189b8bda8b123fe6127e087f7379063f3357165dea6f937b84773f,raw_log_recomputed,stage1,ddpg_on_lr1e4,0.3575446248158315,1.0,1.469672451944999,4.0,4.0,23,0,0,0,4.0,4.0,4.0,4.0,0.0,1.0,1.0
external,evaluate_train_ddpg_on_lr1e4_seed0,DDPG,0,on,last,100000,on,validation,20,0,0.0,0.0,0,0,,26.474479077175438,0,0,0,0,14507,20000,0.72535,75806.90560593619,7.999999999597727,0.239999,main-session/queue/jobs/evaluate_train_ddpg_on_lr1e4_seed0/last_on/report.json,3164774f6949d53f1e751f14c49723aaee0c5b6061899be364916b5cdf965a9b,raw_log_recomputed,stage1,ddpg_on_lr1e4,10.0,0.0,1.0145481660350326,4.0,4.0,0,0,0,0,3.7901817644357676,3.827752362056792,-0.00016351586104171027,3.3744889185941416,3.7903452802968096,0.8225,0.5872499999999999
external,evaluate_train_ddpg_on_lr1e4_seed0,DDPG,0,on,last,100000,on,named,3,0,0.0,0.0,0,0,,25.782487224664013,0,0,0,0,2169,3000,0.723,11334.479904241785,7.999999999574511,0.239999,main-session/queue/jobs/evaluate_train_ddpg_on_lr1e4_seed0/last_on/report.json,3164774f6949d53f1e751f14c49723aaee0c5b6061899be364916b5cdf965a9b,raw_log_recomputed,stage1,ddpg_on_lr1e4,10.0,0.0,0.9599999999999987,4.0,4.0,0,0,0,0,3.7783944993019105,3.8180064146321784,0.00023453122131514967,3.357510474642582,3.7781599680805953,0.8143333333333334,0.5816666666666667
external,evaluate_train_ddpg_on_lr1e4_seed0,DDPG,0,on,last,100000,on,all,23,0,0.0,0.0,0,0,,26.38421927032612,0,0,0,0,16676,23000,0.7250434782608696,87141.38551017798,7.999999999597727,0.239999,main-session/queue/jobs/evaluate_train_ddpg_on_lr1e4_seed0/last_on/report.json,3164774f6949d53f1e751f14c49723aaee0c5b6061899be364916b5cdf965a9b,raw_log_recomputed,stage1,ddpg_on_lr1e4,10.0,0.0,1.0145481660350326,4.0,4.0,0,0,0,0,3.788644295070482,3.8264811515231467,-0.00011159667638646768,3.3722743389482868,3.788755891746869,0.8214347826086957,0.5865217391304347
external,evaluate_train_ddpg_on_lr1e4_seed1,DDPG,1,on,best,100000,off,validation,20,0,0.0,0.0,0,0,,-4.6361497802281635,20,20,20,0,0,0,,0.0,0.0,0.25000000000000017,main-session/queue/jobs/evaluate_train_ddpg_on_lr1e4_seed1/best_off/report.json,1dcf82e03dfd3c20dcab8c7ecfbef8e4070892094fb174a1715d491fff3ad3f9,raw_log_recomputed,stage1,ddpg_on_lr1e4,0.35814330994921517,1.0,1.469672451944999,4.0,4.0,20,0,0,0,4.0,4.0,4.0,4.0,0.0,1.0,1.0
external,evaluate_train_ddpg_on_lr1e4_seed1,DDPG,1,on,best,100000,off,named,3,0,0.0,0.0,0,0,,-4.6605277636979325,3,3,3,0,0,0,,0.0,0.0,0.25000000000000006,main-session/queue/jobs/evaluate_train_ddpg_on_lr1e4_seed1/best_off/report.json,1dcf82e03dfd3c20dcab8c7ecfbef8e4070892094fb174a1715d491fff3ad3f9,raw_log_recomputed,stage1,ddpg_on_lr1e4,0.35355339059327395,1.0,1.4142135623731007,4.0,4.0,3,0,0,0,4.0,4.0,4.0,4.0,0.0,1.0,1.0
external,evaluate_train_ddpg_on_lr1e4_seed1,DDPG,1,on,best,100000,off,all,23,0,0.0,0.0,0,0,,-4.639329517202481,23,23,23,0,0,0,,0.0,0.0,0.25000000000000017,main-session/queue/jobs/evaluate_train_ddpg_on_lr1e4_seed1/best_off/report.json,1dcf82e03dfd3c20dcab8c7ecfbef8e4070892094fb174a1715d491fff3ad3f9,raw_log_recomputed,stage1,ddpg_on_lr1e4,0.3575446248158315,1.0,1.469672451944999,4.0,4.0,23,0,0,0,4.0,4.0,4.0,4.0,0.0,1.0,1.0
external,evaluate_train_ddpg_on_lr1e4_seed1,DDPG,1,on,best,100000,on,validation,20,13,2.7744999999999997,2.7815,13,20,5.822307692307692,403.7849320617876,0,0,0,0,4176,20000,0.2088,18848.147746659466,7.999999999704542,0.239999,main-session/queue/jobs/evaluate_train_ddpg_on_lr1e4_seed1/best_on/report.json,9134670a5c0726d3263c7d2ae503851ad82a8d2a70aac779f772fccc1a069548,raw_log_recomputed,stage1,ddpg_on_lr1e4,10.0,0.0,1.3841647354133528,4.0,4.0,0,0,0,0,0.7545783010721206,2.8062962370629583,0.0022145072913864377,2.7625946626850504,0.9424073873329734,0.42350000000000004,0.40970000000000006
external,evaluate_train_ddpg_on_lr1e4_seed1,DDPG,1,on,best,100000,on,named,3,3,3.2133333333333334,3.2133333333333334,3,3,6.786666666666666,476.9130801993283,0,0,0,0,409,3000,0.13633333333333333,1752.0132331844716,7.999999999574511,0.239999,main-session/queue/jobs/evaluate_train_ddpg_on_lr1e4_seed1/best_on/report.json,9134670a5c0726d3263c7d2ae503851ad82a8d2a70aac779f772fccc1a069548,raw_log_recomputed,stage1,ddpg_on_lr1e4,10.0,0.0,1.3194224039732654,4.0,4.0,0,0,0,0,0.5196317481994629,2.587838823170802,0.0004924878930011939,2.567162436765438,0.5840044110614906,0.3373333333333333,0.329
external,evaluate_train_ddpg_on_lr1e4_seed1,DDPG,1,on,best,100000,on,all,23,16,2.8317391304347823,2.8378260869565217,16,23,6.003125,413.3233861666842,0,0,0,0,4585,23000,0.19934782608695653,20600.16097984394,7.999999999704542,0.239999,main-session/queue/jobs/evaluate_train_ddpg_on_lr1e4_seed1/best_on/report.json,9134670a5c0726d3263c7d2ae503851ad82a8d2a70aac779f772fccc1a069548,raw_log_recomputed,stage1,ddpg_on_lr1e4,10.0,0.0,1.3841647354133528,4.0,4.0,0,0,0,0,0.7239330985235132,2.777801791772677,0.001989896065510102,2.7371035027824924,0.895659173036693,0.41226086956521735,0.3991739130434783
external,evaluate_train_ddpg_on_lr1e4_seed1,DDPG,1,on,last,100000,off,validation,20,0,0.0,0.0,0,0,,-4.6361497802281635,20,20,20,0,0,0,,0.0,0.0,0.25000000000000017,main-session/queue/jobs/evaluate_train_ddpg_on_lr1e4_seed1/last_off/report.json,35ca3983aaaed7d7795f2770ae09a77c35f520c6b488cff17407fadad8774e94,raw_log_recomputed,stage1,ddpg_on_lr1e4,0.35814330994921517,1.0,1.469672451944999,4.0,4.0,20,0,0,0,4.0,4.0,4.0,4.0,0.0,1.0,1.0
external,evaluate_train_ddpg_on_lr1e4_seed1,DDPG,1,on,last,100000,off,named,3,0,0.0,0.0,0,0,,-4.6605277636979325,3,3,3,0,0,0,,0.0,0.0,0.25000000000000006,main-session/queue/jobs/evaluate_train_ddpg_on_lr1e4_seed1/last_off/report.json,35ca3983aaaed7d7795f2770ae09a77c35f520c6b488cff17407fadad8774e94,raw_log_recomputed,stage1,ddpg_on_lr1e4,0.35355339059327395,1.0,1.4142135623731007,4.0,4.0,3,0,0,0,4.0,4.0,4.0,4.0,0.0,1.0,1.0
external,evaluate_train_ddpg_on_lr1e4_seed1,DDPG,1,on,last,100000,off,all,23,0,0.0,0.0,0,0,,-4.639329517202481,23,23,23,0,0,0,,0.0,0.0,0.25000000000000017,main-session/queue/jobs/evaluate_train_ddpg_on_lr1e4_seed1/last_off/report.json,35ca3983aaaed7d7795f2770ae09a77c35f520c6b488cff17407fadad8774e94,raw_log_recomputed,stage1,ddpg_on_lr1e4,0.3575446248158315,1.0,1.469672451944999,4.0,4.0,23,0,0,0,4.0,4.0,4.0,4.0,0.0,1.0,1.0
external,evaluate_train_ddpg_on_lr1e4_seed1,DDPG,1,on,last,100000,on,validation,20,13,2.7744999999999997,2.7815,13,20,5.822307692307692,403.7849320617876,0,0,0,0,4176,20000,0.2088,18848.147746659466,7.999999999704542,0.239999,main-session/queue/jobs/evaluate_train_ddpg_on_lr1e4_seed1/last_on/report.json,65c47189a12a5ccd33a5f430ac82ac8608a6681a7caf2979bceac3e2a438c49f,raw_log_recomputed,stage1,ddpg_on_lr1e4,10.0,0.0,1.3841647354133528,4.0,4.0,0,0,0,0,0.7545783010721206,2.8062962370629583,0.0022145072913864377,2.7625946626850504,0.9424073873329734,0.42350000000000004,0.40970000000000006
external,evaluate_train_ddpg_on_lr1e4_seed1,DDPG,1,on,last,100000,on,named,3,3,3.2133333333333334,3.2133333333333334,3,3,6.786666666666666,476.9130801993283,0,0,0,0,409,3000,0.13633333333333333,1752.0132331844716,7.999999999574511,0.239999,main-session/queue/jobs/evaluate_train_ddpg_on_lr1e4_seed1/last_on/report.json,65c47189a12a5ccd33a5f430ac82ac8608a6681a7caf2979bceac3e2a438c49f,raw_log_recomputed,stage1,ddpg_on_lr1e4,10.0,0.0,1.3194224039732654,4.0,4.0,0,0,0,0,0.5196317481994629,2.587838823170802,0.0004924878930011939,2.567162436765438,0.5840044110614906,0.3373333333333333,0.329
external,evaluate_train_ddpg_on_lr1e4_seed1,DDPG,1,on,last,100000,on,all,23,16,2.8317391304347823,2.8378260869565217,16,23,6.003125,413.3233861666842,0,0,0,0,4585,23000,0.19934782608695653,20600.16097984394,7.999999999704542,0.239999,main-session/queue/jobs/evaluate_train_ddpg_on_lr1e4_seed1/last_on/report.json,65c47189a12a5ccd33a5f430ac82ac8608a6681a7caf2979bceac3e2a438c49f,raw_log_recomputed,stage1,ddpg_on_lr1e4,10.0,0.0,1.3841647354133528,4.0,4.0,0,0,0,0,0.7239330985235132,2.777801791772677,0.001989896065510102,2.7371035027824924,0.895659173036693,0.41226086956521735,0.3991739130434783
external,evaluate_train_ddpg_on_lr1e4_seed2,DDPG,2,on,best,100000,off,validation,20,0,0.0,0.0,0,0,,-4.678925596148782,20,20,20,0,0,0,,0.0,0.0,0.2500000000000001,main-session/queue/jobs/evaluate_train_ddpg_on_lr1e4_seed2/best_off/report.json,d555982bae23ac8ad00b7a4ea7d7299f87c1080bc93d9facddb9c0fcf5d7c220,raw_log_recomputed,stage1,ddpg_on_lr1e4,0.3487819558760544,1.0,1.4608346134306922,4.0,4.0,20,0,0,0,-3.9999999993556252,3.9999999993556252,-3.9999999993556252,3.9999999993556252,0.0,1.0,1.0
external,evaluate_train_ddpg_on_lr1e4_seed2,DDPG,2,on,best,100000,off,named,3,0,0.0,0.0,0,0,,-4.6605277636979325,3,3,3,0,0,0,,0.0,0.0,0.25000000000000006,main-session/queue/jobs/evaluate_train_ddpg_on_lr1e4_seed2/best_off/report.json,d555982bae23ac8ad00b7a4ea7d7299f87c1080bc93d9facddb9c0fcf5d7c220,raw_log_recomputed,stage1,ddpg_on_lr1e4,0.35355339059327395,1.0,1.4142135623731007,4.0,4.0,3,0,0,0,-4.0,4.0,-4.0,4.0,0.0,1.0,1.0
external,evaluate_train_ddpg_on_lr1e4_seed2,DDPG,2,on,best,100000,off,all,23,0,0.0,0.0,0,0,,-4.676525878872584,23,23,23,0,0,0,,0.0,0.0,0.2500000000000001,main-session/queue/jobs/evaluate_train_ddpg_on_lr1e4_seed2/best_off/report.json,d555982bae23ac8ad00b7a4ea7d7299f87c1080bc93d9facddb9c0fcf5d7c220,raw_log_recomputed,stage1,ddpg_on_lr1e4,0.3494043169261265,1.0,1.4608346134306922,4.0,4.0,23,0,0,0,-3.999999999439674,3.999999999439674,-3.999999999439674,3.999999999439674,0.0,1.0,1.0
external,evaluate_train_ddpg_on_lr1e4_seed2,DDPG,2,on,best,100000,on,validation,20,0,0.0,0.0,0,0,,25.063523673042262,0,0,0,0,14983,20000,0.74915,80003.74325067637,7.99999999959191,0.239999,main-session/queue/jobs/evaluate_train_ddpg_on_lr1e4_seed2/best_on/report.json,c4554f3e26cc3abbb8623ffbf964894781d081d7f8a5860f91d508ea8f9a15e6,raw_log_recomputed,stage1,ddpg_on_lr1e4,10.0,0.0,1.0000417890507263,4.0,4.0,0,0,0,0,-3.9999999999761586,3.9999999999761586,0.0001871625576603235,3.4340393063103036,4.000187162533818,1.0,0.6381
external,evaluate_train_ddpg_on_lr1e4_seed2,DDPG,2,on,best,100000,on,named,3,0,0.0,0.0,0,0,,25.825115054813267,0,0,0,0,2243,3000,0.7476666666666667,11999.243548187409,7.999999999574511,0.239999,main-session/queue/jobs/evaluate_train_ddpg_on_lr1e4_seed2/best_on/report.json,c4554f3e26cc3abbb8623ffbf964894781d081d7f8a5860f91d508ea8f9a15e6,raw_log_recomputed,stage1,ddpg_on_lr1e4,10.0,0.0,0.9599999999999987,4.0,4.0,0,0,0,0,-4.0,4.0,-0.0002521506041970596,3.433458148008674,3.9997478493958027,1.0,0.6373333333333333
external,evaluate_train_ddpg_on_lr1e4_seed2,DDPG,2,on,best,100000,on,all,23,0,0.0,0.0,0,0,,25.162861679360216,0,0,0,0,17226,23000,0.7489565217391304,92002.98679886377,7.99999999959191,0.239999,main-session/queue/jobs/evaluate_train_ddpg_on_lr1e4_seed2/best_on/report.json,c4554f3e26cc3abbb8623ffbf964894781d081d7f8a5860f91d508ea8f9a15e6,raw_log_recomputed,stage1,ddpg_on_lr1e4,10.0,0.0,1.0000417890507263,4.0,4.0,0,0,0,0,-3.999999999979268,3.999999999979268,0.00012986084089631702,3.4339635030535693,4.000129860820164,1.0,0.638
external,evaluate_train_ddpg_on_lr1e4_seed2,DDPG,2,on,last,100000,off,validation,20,0,0.0,0.0,0,0,,-4.678925596148782,20,20,20,0,0,0,,0.0,0.0,0.2500000000000001,main-session/queue/jobs/evaluate_train_ddpg_on_lr1e4_seed2/last_off/report.json,0c68bfd237d05083f3d5920dc62fbffcc05bcbcd8ec9209883d06c0c78026cf7,raw_log_recomputed,stage1,ddpg_on_lr1e4,0.3487819558760544,1.0,1.4608346134306922,4.0,4.0,20,0,0,0,-3.9999999993556252,3.9999999993556252,-3.9999999993556252,3.9999999993556252,0.0,1.0,1.0
external,evaluate_train_ddpg_on_lr1e4_seed2,DDPG,2,on,last,100000,off,named,3,0,0.0,0.0,0,0,,-4.6605277636979325,3,3,3,0,0,0,,0.0,0.0,0.25000000000000006,main-session/queue/jobs/evaluate_train_ddpg_on_lr1e4_seed2/last_off/report.json,0c68bfd237d05083f3d5920dc62fbffcc05bcbcd8ec9209883d06c0c78026cf7,raw_log_recomputed,stage1,ddpg_on_lr1e4,0.35355339059327395,1.0,1.4142135623731007,4.0,4.0,3,0,0,0,-4.0,4.0,-4.0,4.0,0.0,1.0,1.0
external,evaluate_train_ddpg_on_lr1e4_seed2,DDPG,2,on,last,100000,off,all,23,0,0.0,0.0,0,0,,-4.676525878872584,23,23,23,0,0,0,,0.0,0.0,0.2500000000000001,main-session/queue/jobs/evaluate_train_ddpg_on_lr1e4_seed2/last_off/report.json,0c68bfd237d05083f3d5920dc62fbffcc05bcbcd8ec9209883d06c0c78026cf7,raw_log_recomputed,stage1,ddpg_on_lr1e4,0.3494043169261265,1.0,1.4608346134306922,4.0,4.0,23,0,0,0,-3.999999999439674,3.999999999439674,-3.999999999439674,3.999999999439674,0.0,1.0,1.0
external,evaluate_train_ddpg_on_lr1e4_seed2,DDPG,2,on,last,100000,on,validation,20,0,0.0,0.0,0,0,,25.063523673042262,0,0,0,0,14983,20000,0.74915,80003.74325067637,7.99999999959191,0.239999,main-session/queue/jobs/evaluate_train_ddpg_on_lr1e4_seed2/last_on/report.json,b278502abbfc190349243f12509a110336ae42c6c4c6cde9b88fd2ca07ffafbe,raw_log_recomputed,stage1,ddpg_on_lr1e4,10.0,0.0,1.0000417890507263,4.0,4.0,0,0,0,0,-3.9999999999761586,3.9999999999761586,0.0001871625576603235,3.4340393063103036,4.000187162533818,1.0,0.6381
external,evaluate_train_ddpg_on_lr1e4_seed2,DDPG,2,on,last,100000,on,named,3,0,0.0,0.0,0,0,,25.825115054813267,0,0,0,0,2243,3000,0.7476666666666667,11999.243548187409,7.999999999574511,0.239999,main-session/queue/jobs/evaluate_train_ddpg_on_lr1e4_seed2/last_on/report.json,b278502abbfc190349243f12509a110336ae42c6c4c6cde9b88fd2ca07ffafbe,raw_log_recomputed,stage1,ddpg_on_lr1e4,10.0,0.0,0.9599999999999987,4.0,4.0,0,0,0,0,-4.0,4.0,-0.0002521506041970596,3.433458148008674,3.9997478493958027,1.0,0.6373333333333333
external,evaluate_train_ddpg_on_lr1e4_seed2,DDPG,2,on,last,100000,on,all,23,0,0.0,0.0,0,0,,25.162861679360216,0,0,0,0,17226,23000,0.7489565217391304,92002.98679886377,7.99999999959191,0.239999,main-session/queue/jobs/evaluate_train_ddpg_on_lr1e4_seed2/last_on/report.json,b278502abbfc190349243f12509a110336ae42c6c4c6cde9b88fd2ca07ffafbe,raw_log_recomputed,stage1,ddpg_on_lr1e4,10.0,0.0,1.0000417890507263,4.0,4.0,0,0,0,0,-3.999999999979268,3.999999999979268,0.00012986084089631702,3.4339635030535693,4.000129860820164,1.0,0.638
external,evaluate_train_sac_off_warmup5000_seed0,SAC,0,off,best,90000,off,validation,20,20,6.034,6.034,20,20,3.966,739.7261697956995,0,0,0,0,0,0,,0.0,0.0,0.22930670498420366,main-session/queue/jobs/evaluate_train_sac_off_warmup5000_seed0/best_off/report.json,b55444cf396fd9874dfeca650d2a1eea1ae2ee1925182631b89d4b6e69627c74,raw_log_recomputed,stage1,sac_off_warmup5000,10.0,0.0,0.7318941275694475,3.9788150787353516,3.9788150787353516,0,0,0,0,-7.263439893722533e-05,1.4722398023817793,-7.263439893722533e-05,1.4722398023817793,0.0,0.03615,0.03615
external,evaluate_train_sac_off_warmup5000_seed0,SAC,0,off,best,90000,off,named,3,3,5.976666666666667,5.976666666666667,3,3,4.023333333333333,710.8559229355951,0,0,0,0,0,0,,0.0,0.0,0.21017120814147444,main-session/queue/jobs/evaluate_train_sac_off_warmup5000_seed0/best_off/report.json,b55444cf396fd9874dfeca650d2a1eea1ae2ee1925182631b89d4b6e69627c74,raw_log_recomputed,stage1,sac_off_warmup5000,10.0,0.0,0.7319229102134313,3.9775612354278564,3.9775612354278564,0,0,0,0,-0.00010487318038940428,1.5309741945958495,-0.00010487318038940428,1.5309741945958495,0.0,0.03833333333333333,0.03833333333333333
external,evaluate_train_sac_off_warmup5000_seed0,SAC,0,off,best,90000,off,all,23,23,6.026521739130434,6.026521739130434,23,23,3.973478260869565,735.9604854226425,0,0,0,0,0,0,,0.0,0.0,0.22930670498420366,main-session/queue/jobs/evaluate_train_sac_off_warmup5000_seed0/best_off/report.json,b55444cf396fd9874dfeca650d2a1eea1ae2ee1925182631b89d4b6e69627c74,raw_log_recomputed,stage1,sac_off_warmup5000,10.0,0.0,0.7319229102134313,3.9788150787353516,3.9788150787353516,0,0,0,0,-7.683945738750954e-05,1.4799008100618756,-7.683945738750954e-05,1.4799008100618756,0.0,0.03643478260869565,0.03643478260869565
external,evaluate_train_sac_off_warmup5000_seed0,SAC,0,off,best,90000,on,validation,20,20,6.034,6.034,20,20,3.966,739.7261697956995,0,0,0,0,0,20000,0.0,0.0,0.0,0.22930670498420366,main-session/queue/jobs/evaluate_train_sac_off_warmup5000_seed0/best_on/report.json,63e081f4d863d33bdf9edca775d710eb454cea4a9bb13055fc7e2ca6d4683cf6,raw_log_recomputed,stage1,sac_off_warmup5000,10.0,0.0,0.7318941275694475,3.9788150787353516,3.9788150787353516,0,0,0,0,-7.263439893722533e-05,1.4722398023817793,-7.263439893722533e-05,1.4722398023817793,0.0,0.03615,0.03615
external,evaluate_train_sac_off_warmup5000_seed0,SAC,0,off,best,90000,on,named,3,3,5.976666666666667,5.976666666666667,3,3,4.023333333333333,710.8559229355951,0,0,0,0,0,3000,0.0,0.0,0.0,0.21017120814147444,main-session/queue/jobs/evaluate_train_sac_off_warmup5000_seed0/best_on/report.json,63e081f4d863d33bdf9edca775d710eb454cea4a9bb13055fc7e2ca6d4683cf6,raw_log_recomputed,stage1,sac_off_warmup5000,10.0,0.0,0.7319229102134313,3.9775612354278564,3.9775612354278564,0,0,0,0,-0.00010487318038940428,1.5309741945958495,-0.00010487318038940428,1.5309741945958495,0.0,0.03833333333333333,0.03833333333333333
external,evaluate_train_sac_off_warmup5000_seed0,SAC,0,off,best,90000,on,all,23,23,6.026521739130434,6.026521739130434,23,23,3.973478260869565,735.9604854226425,0,0,0,0,0,23000,0.0,0.0,0.0,0.22930670498420366,main-session/queue/jobs/evaluate_train_sac_off_warmup5000_seed0/best_on/report.json,63e081f4d863d33bdf9edca775d710eb454cea4a9bb13055fc7e2ca6d4683cf6,raw_log_recomputed,stage1,sac_off_warmup5000,10.0,0.0,0.7319229102134313,3.9788150787353516,3.9788150787353516,0,0,0,0,-7.683945738750954e-05,1.4799008100618756,-7.683945738750954e-05,1.4799008100618756,0.0,0.03643478260869565,0.03643478260869565
external,evaluate_train_sac_off_warmup5000_seed0,SAC,0,off,last,100000,off,validation,20,17,5.485,5.485,17,20,3.547058823529412,594.9875800907262,3,3,3,0,0,0,,0.0,0.0,0.25000000000000006,main-session/queue/jobs/evaluate_train_sac_off_warmup5000_seed0/last_off/report.json,c8bfac26328dec1086c2d4daea5bc9533519216acd6f063a62088e2dd880358f,raw_log_recomputed,stage1,sac_off_warmup5000,8.883855857164814,0.15,0.9790122586527691,3.9992153644561768,3.9992153644561768,3,0,0,0,0.02594869387433433,1.7690023414171498,0.02594869387433433,1.7690023414171498,0.0,0.06907471410992812,0.06907471410992812
external,evaluate_train_sac_off_warmup5000_seed0,SAC,0,off,last,100000,off,named,3,2,4.506666666666667,4.506666666666667,2,3,3.24,478.2279035268005,1,1,1,0,0,0,,0.0,0.0,0.24999999999999994,main-session/queue/jobs/evaluate_train_sac_off_warmup5000_seed0/last_off/report.json,c8bfac26328dec1086c2d4daea5bc9533519216acd6f063a62088e2dd880358f,raw_log_recomputed,stage1,sac_off_warmup5000,7.510669395638559,0.3333333333333333,0.9615564656257259,3.9980921745300293,3.9980921745300293,1,0,0,0,0.057628293031156845,1.9930155876282392,0.057628293031156845,1.9930155876282392,0.0,0.08947244094488188,0.08947244094488188
external,evaluate_train_sac_off_warmup5000_seed0,SAC,0,off,last,100000,off,all,23,19,5.357391304347826,5.357391304347826,19,23,3.5147368421052634,579.7580570606489,4,4,4,0,0,0,,0.0,0.0,0.25000000000000006,main-session/queue/jobs/evaluate_train_sac_off_warmup5000_seed0/last_off/report.json,c8bfac26328dec1086c2d4daea5bc9533519216acd6f063a62088e2dd880358f,raw_log_recomputed,stage1,sac_off_warmup5000,8.704744579574434,0.17391304347826086,0.9790122586527691,3.9992153644561768,3.9992153644561768,4,0,0,0,0.030080815503485094,1.7982214604881614,0.030080815503485094,1.7982214604881614,0.0,0.07173528717535688,0.07173528717535688
external,evaluate_train_sac_off_warmup5000_seed0,SAC,0,off,last,100000,on,validation,20,20,6.468000000000001,6.468000000000001,20,20,3.532,693.5216686922824,0,0,0,0,70,20000,0.0035,113.22871810118285,4.68280315287127,0.2399989999999588,main-session/queue/jobs/evaluate_train_sac_off_warmup5000_seed0/last_on/report.json,df1d2b06cff739ad27e55d8a3cd17bf75b8bdcf5d440c59079df0aea1b1115c3,raw_log_recomputed,stage1,sac_off_warmup5000,10.0,0.0,0.9790122586527691,3.999999999540854,3.9992153644561768,0,0,0,0,0.005841847240924835,1.577346601867224,0.00018041133586569293,1.5865303326715154,0.0056614359050591425,0.05355,0.05625
external,evaluate_train_sac_off_warmup5000_seed0,SAC,0,off,last,100000,on,named,3,3,6.71,6.71,3,3,3.2900000000000005,698.5505861127002,0,0,0,0,23,3000,0.007666666666666666,22.10178718603301,2.136665820522421,0.23999899999983013,main-session/queue/jobs/evaluate_train_sac_off_warmup5000_seed0/last_on/report.json,df1d2b06cff739ad27e55d8a3cd17bf75b8bdcf5d440c59079df0aea1b1115c3,raw_log_recomputed,stage1,sac_off_warmup5000,10.0,0.0,0.9615564656257259,3.9999999995256537,3.9980921745300293,0,0,0,0,0.0075389049053192145,1.5663857232989364,0.00017164250997487654,1.5808632816529355,0.0073672623953443366,0.054,0.05933333333333333
external,evaluate_train_sac_off_warmup5000_seed0,SAC,0,off,last,100000,on,all,23,23,6.4995652173913046,6.4995652173913046,23,23,3.500434782608696,694.1776144427716,0,0,0,0,93,23000,0.004043478260869565,135.33050528721586,4.68280315287127,0.2399989999999588,main-session/queue/jobs/evaluate_train_sac_off_warmup5000_seed0/last_on/report.json,df1d2b06cff739ad27e55d8a3cd17bf75b8bdcf5d440c59079df0aea1b1115c3,raw_log_recomputed,stage1,sac_off_warmup5000,10.0,0.0,0.9790122586527691,3.999999999540854,3.9992153644561768,0,0,0,0,0.006063202588454537,1.575916922053969,0.0001792675759668908,1.5857911521038746,0.005883935012487645,0.05360869565217392,0.056652173913043474
external,evaluate_train_sac_off_warmup5000_seed1,SAC,1,off,best,90000,off,validation,20,0,0.0,0.275,0,20,,105.86835783597303,0,0,0,0,0,0,,0.0,0.0,0.18280683630612196,main-session/queue/jobs/evaluate_train_sac_off_warmup5000_seed1/best_off/report.json,b7ba867ef4b12d53b12b575e3ea731da9b4b2338e5fecbc0219de5e22a71b377,raw_log_recomputed,stage1,sac_off_warmup5000,10.0,0.0,0.8555735175042498,3.992441177368164,3.992441177368164,0,0,0,0,-0.004859245824813843,2.5737544593131174,-0.004859245824813843,2.5737544593131174,0.0,0.029349999999999998,0.029349999999999998
external,evaluate_train_sac_off_warmup5000_seed1,SAC,1,off,best,90000,off,named,3,0,0.0,0.26000000000000006,0,3,,103.40754587423368,0,0,0,0,0,0,,0.0,0.0,0.1510749156470962,main-session/queue/jobs/evaluate_train_sac_off_warmup5000_seed1/best_off/report.json,b7ba867ef4b12d53b12b575e3ea731da9b4b2338e5fecbc0219de5e22a71b377,raw_log_recomputed,stage1,sac_off_warmup5000,10.0,0.0,0.7842247343063201,3.991105079650879,3.991105079650879,0,0,0,0,0.015800796031951905,2.566563238586355,0.015800796031951905,2.566563238586355,0.0,0.027,0.027
external,evaluate_train_sac_off_warmup5000_seed1,SAC,1,off,best,90000,off,all,23,0,0.0,0.2730434782608696,0,23,,105.54738236270268,0,0,0,0,0,0,,0.0,0.0,0.18280683630612196,main-session/queue/jobs/evaluate_train_sac_off_warmup5000_seed1/best_off/report.json,b7ba867ef4b12d53b12b575e3ea731da9b4b2338e5fecbc0219de5e22a71b377,raw_log_recomputed,stage1,sac_off_warmup5000,10.0,0.0,0.8555735175042498,3.992441177368164,3.992441177368164,0,0,0,0,-0.00216445775654005,2.572816474000931,-0.00216445775654005,2.572816474000931,0.0,0.029043478260869567,0.029043478260869567
external,evaluate_train_sac_off_warmup5000_seed1,SAC,1,off,best,90000,on,validation,20,0,0.0,0.275,0,20,,105.86835783597303,0,0,0,0,0,20000,0.0,0.0,0.0,0.18280683630612196,main-session/queue/jobs/evaluate_train_sac_off_warmup5000_seed1/best_on/report.json,00350595a1462f18e9dd14718708fea3e1379399b22ee6a29433d3f3d68ca7a0,raw_log_recomputed,stage1,sac_off_warmup5000,10.0,0.0,0.8555735175042498,3.992441177368164,3.992441177368164,0,0,0,0,-0.004859245824813843,2.5737544593131174,-0.004859245824813843,2.5737544593131174,0.0,0.029349999999999998,0.029349999999999998
external,evaluate_train_sac_off_warmup5000_seed1,SAC,1,off,best,90000,on,named,3,0,0.0,0.26000000000000006,0,3,,103.40754587423368,0,0,0,0,0,3000,0.0,0.0,0.0,0.1510749156470962,main-session/queue/jobs/evaluate_train_sac_off_warmup5000_seed1/best_on/report.json,00350595a1462f18e9dd14718708fea3e1379399b22ee6a29433d3f3d68ca7a0,raw_log_recomputed,stage1,sac_off_warmup5000,10.0,0.0,0.7842247343063201,3.991105079650879,3.991105079650879,0,0,0,0,0.015800796031951905,2.566563238586355,0.015800796031951905,2.566563238586355,0.0,0.027,0.027
external,evaluate_train_sac_off_warmup5000_seed1,SAC,1,off,best,90000,on,all,23,0,0.0,0.2730434782608696,0,23,,105.54738236270268,0,0,0,0,0,23000,0.0,0.0,0.0,0.18280683630612196,main-session/queue/jobs/evaluate_train_sac_off_warmup5000_seed1/best_on/report.json,00350595a1462f18e9dd14718708fea3e1379399b22ee6a29433d3f3d68ca7a0,raw_log_recomputed,stage1,sac_off_warmup5000,10.0,0.0,0.8555735175042498,3.992441177368164,3.992441177368164,0,0,0,0,-0.00216445775654005,2.572816474000931,-0.00216445775654005,2.572816474000931,0.0,0.029043478260869567,0.029043478260869567
external,evaluate_train_sac_off_warmup5000_seed1,SAC,1,off,last,100000,off,validation,20,0,0.0,0.044499999999999984,0,20,,135.93451920804836,15,15,11,0,0,0,,0.0,0.0,0.2500000000000002,main-session/queue/jobs/evaluate_train_sac_off_warmup5000_seed1/last_off/report.json,ef8b592641a0cf5e381dfbb0e712b3908709a8db53404fe59c5cc16450afccfb,raw_log_recomputed,stage1,sac_off_warmup5000,6.849557984477686,0.55,0.8639166833006199,3.9822518825531006,3.9822518825531006,11,0,0,0,-0.025050275930498994,2.6454911274234627,-0.025050275930498994,2.6454911274234627,0.0,0.12707395448917808,0.12707395448917808
external,evaluate_train_sac_off_warmup5000_seed1,SAC,1,off,last,100000,off,named,3,0,0.0,0.05333333333333323,0,3,,115.42297408244004,3,3,3,0,0,0,,0.0,0.0,0.25000000000000017,main-session/queue/jobs/evaluate_train_sac_off_warmup5000_seed1/last_off/report.json,ef8b592641a0cf5e381dfbb0e712b3908709a8db53404fe59c5cc16450afccfb,raw_log_recomputed,stage1,sac_off_warmup5000,4.251974462056721,1.0,0.7879098844528294,3.9495067596435547,3.9495067596435547,3,0,0,0,-0.04926698343355753,2.326787850588025,-0.04926698343355753,2.326787850588025,0.0,0.05415587394096379,0.05415587394096379
external,evaluate_train_sac_off_warmup5000_seed1,SAC,1,off,last,100000,off,all,23,0,0.0,0.04565217391304345,0,23,,133.2591002786212,18,18,14,0,0,0,,0.0,0.0,0.2500000000000002,main-session/queue/jobs/evaluate_train_sac_off_warmup5000_seed1/last_off/report.json,ef8b592641a0cf5e381dfbb0e712b3908709a8db53404fe59c5cc16450afccfb,raw_log_recomputed,stage1,sac_off_warmup5000,6.510742742422777,0.6086956521739131,0.8639166833006199,3.9822518825531006,3.9822518825531006,14,0,0,0,-0.028208976909158804,2.6039211347927536,-0.028208976909158804,2.6039211347927536,0.0,0.11756290050462838,0.11756290050462838
external,evaluate_train_sac_off_warmup5000_seed1,SAC,1,off,last,100000,on,validation,20,0,0.0,0.044499999999999984,0,20,,171.85810607197885,0,0,0,0,120,20000,0.006,327.5867782199894,4.771273610243919,0.23999899999999863,main-session/queue/jobs/evaluate_train_sac_off_warmup5000_seed1/last_on/report.json,886a947e5765fe060e8ce30d50be96ff6a11ea4bafe1928bfde9ef7089689395,raw_log_recomputed,stage1,sac_off_warmup5000,10.0,0.0,0.8736078678160178,3.99999999868396,3.9918735027313232,0,0,0,0,-0.023124112749099732,2.902957457763666,-0.00674477383810026,2.9153016490299533,0.01637933891099947,0.18,0.18514999999999998
external,evaluate_train_sac_off_warmup5000_seed1,SAC,1,off,last,100000,on,named,3,0,0.0,0.05333333333333323,0,3,,179.69511548579885,0,0,0,0,22,3000,0.007333333333333333,81.83660187547868,4.677216288412771,0.23999899999999996,main-session/queue/jobs/evaluate_train_sac_off_warmup5000_seed1/last_on/report.json,886a947e5765fe060e8ce30d50be96ff6a11ea4bafe1928bfde9ef7089689395,raw_log_recomputed,stage1,sac_off_warmup5000,10.0,0.0,0.8692442170641153,3.9999999984636827,3.991825819015503,0,0,0,0,-0.06339341648419698,2.853608878498846,-0.036114549192370754,2.871876087990033,0.027278867291826225,0.16933333333333334,0.17566666666666667
external,evaluate_train_sac_off_warmup5000_seed1,SAC,1,off,last,100000,on,all,23,0,0.0,0.04565217391304345,0,23,,172.88032469117275,0,0,0,0,142,23000,0.0061739130434782605,409.42338009546813,4.771273610243919,0.23999899999999996,main-session/queue/jobs/evaluate_train_sac_off_warmup5000_seed1/last_on/report.json,886a947e5765fe060e8ce30d50be96ff6a11ea4bafe1928bfde9ef7089689395,raw_log_recomputed,stage1,sac_off_warmup5000,10.0,0.0,0.8736078678160178,3.99999999868396,3.9918735027313232,0,0,0,0,-0.028376630627590674,2.896520686555211,-0.01057561410170076,2.9096374454160507,0.017801016525889918,0.1786086956521739,0.1839130434782609
external,evaluate_train_sac_off_warmup5000_seed2,SAC,2,off,best,60000,off,validation,20,0,0.0,0.06950000000000003,0,20,,89.5534671660221,0,0,0,0,0,0,,0.0,0.0,0.15469416758586088,main-session/queue/jobs/evaluate_train_sac_off_warmup5000_seed2/best_off/report.json,ac665de648c68030a36d4e4103b33c51294e7c5be9bf6babf873dd4499589f96,raw_log_recomputed,stage1,sac_off_warmup5000,10.0,0.0,0.5706137287683574,3.9604225158691406,3.9604225158691406,0,0,0,0,0.0067195700168609625,2.3608852440340486,0.0067195700168609625,2.3608852440340486,0.0,0.0619,0.0619
external,evaluate_train_sac_off_warmup5000_seed2,SAC,2,off,best,60000,off,named,3,0,0.0,0.0,0,3,,84.44678151428923,0,0,0,0,0,0,,0.0,0.0,0.15278603161318807,main-session/queue/jobs/evaluate_train_sac_off_warmup5000_seed2/best_off/report.json,ac665de648c68030a36d4e4103b33c51294e7c5be9bf6babf873dd4499589f96,raw_log_recomputed,stage1,sac_off_warmup5000,10.0,0.0,0.5240590071678106,3.96079683303833,3.96079683303833,0,0,0,0,-0.005876564184824625,2.320311007296598,-0.005876564184824625,2.320311007296598,0.0,0.065,0.065
external,evaluate_train_sac_off_warmup5000_seed2,SAC,2,off,best,60000,off,all,23,0,0.0,0.06043478260869568,0,23,,88.88737773318738,0,0,0,0,0,0,,0.0,0.0,0.15469416758586088,main-session/queue/jobs/evaluate_train_sac_off_warmup5000_seed2/best_off/report.json,ac665de648c68030a36d4e4103b33c51294e7c5be9bf6babf873dd4499589f96,raw_log_recomputed,stage1,sac_off_warmup5000,10.0,0.0,0.5706137287683574,3.96079683303833,3.96079683303833,0,0,0,0,0.005076595990554146,2.3555929522856855,0.005076595990554146,2.3555929522856855,0.0,0.06230434782608696,0.06230434782608696
external,evaluate_train_sac_off_warmup5000_seed2,SAC,2,off,best,60000,on,validation,20,0,0.0,0.06950000000000003,0,20,,89.5534671660221,0,0,0,0,0,20000,0.0,0.0,0.0,0.15469416758586088,main-session/queue/jobs/evaluate_train_sac_off_warmup5000_seed2/best_on/report.json,1ce258fb801f97a52991c095cfc7833da17fcfe0fb7a3a129680436d2517c033,raw_log_recomputed,stage1,sac_off_warmup5000,10.0,0.0,0.5706137287683574,3.9604225158691406,3.9604225158691406,0,0,0,0,0.0067195700168609625,2.3608852440340486,0.0067195700168609625,2.3608852440340486,0.0,0.0619,0.0619
external,evaluate_train_sac_off_warmup5000_seed2,SAC,2,off,best,60000,on,named,3,0,0.0,0.0,0,3,,84.44678151428923,0,0,0,0,0,3000,0.0,0.0,0.0,0.15278603161318807,main-session/queue/jobs/evaluate_train_sac_off_warmup5000_seed2/best_on/report.json,1ce258fb801f97a52991c095cfc7833da17fcfe0fb7a3a129680436d2517c033,raw_log_recomputed,stage1,sac_off_warmup5000,10.0,0.0,0.5240590071678106,3.96079683303833,3.96079683303833,0,0,0,0,-0.005876564184824625,2.320311007296598,-0.005876564184824625,2.320311007296598,0.0,0.065,0.065
external,evaluate_train_sac_off_warmup5000_seed2,SAC,2,off,best,60000,on,all,23,0,0.0,0.06043478260869568,0,23,,88.88737773318738,0,0,0,0,0,23000,0.0,0.0,0.0,0.15469416758586088,main-session/queue/jobs/evaluate_train_sac_off_warmup5000_seed2/best_on/report.json,1ce258fb801f97a52991c095cfc7833da17fcfe0fb7a3a129680436d2517c033,raw_log_recomputed,stage1,sac_off_warmup5000,10.0,0.0,0.5706137287683574,3.96079683303833,3.96079683303833,0,0,0,0,0.005076595990554146,2.3555929522856855,0.005076595990554146,2.3555929522856855,0.0,0.06230434782608696,0.06230434782608696
external,evaluate_train_sac_off_warmup5000_seed2,SAC,2,off,last,100000,off,validation,20,0,0.0,0.0,0,0,,168.78588440022128,0,0,0,0,0,0,,0.0,0.0,0.13276727048287992,main-session/queue/jobs/evaluate_train_sac_off_warmup5000_seed2/last_off/report.json,031dd2746ebe4e5325c8d1bdc8c5e77f9454ddc0797e1d139e078f17fdc9091a,raw_log_recomputed,stage1,sac_off_warmup5000,10.0,0.0,0.8713240878015653,3.981346368789673,3.981346368789673,0,0,0,0,-0.028086925566196443,2.06267003000919,-0.028086925566196443,2.06267003000919,0.0,0.0433,0.0433
external,evaluate_train_sac_off_warmup5000_seed2,SAC,2,off,last,100000,off,named,3,0,0.0,0.0,0,0,,169.1353253092162,0,0,0,0,0,0,,0.0,0.0,0.12716341133988981,main-session/queue/jobs/evaluate_train_sac_off_warmup5000_seed2/last_off/report.json,031dd2746ebe4e5325c8d1bdc8c5e77f9454ddc0797e1d139e078f17fdc9091a,raw_log_recomputed,stage1,sac_off_warmup5000,10.0,0.0,0.8458591008186261,3.980231285095215,3.980231285095215,0,0,0,0,-0.024877677599589032,2.0600095489495627,-0.024877677599589032,2.0600095489495627,0.0,0.042666666666666665,0.042666666666666665
external,evaluate_train_sac_off_warmup5000_seed2,SAC,2,off,last,100000,off,all,23,0,0.0,0.0,0,0,,168.8314636492206,0,0,0,0,0,0,,0.0,0.0,0.13276727048287992,main-session/queue/jobs/evaluate_train_sac_off_warmup5000_seed2/last_off/report.json,031dd2746ebe4e5325c8d1bdc8c5e77f9454ddc0797e1d139e078f17fdc9091a,raw_log_recomputed,stage1,sac_off_warmup5000,10.0,0.0,0.8713240878015653,3.981346368789673,3.981346368789673,0,0,0,0,-0.027668328005334607,2.0623230107405432,-0.027668328005334607,2.0623230107405432,0.0,0.043217391304347826,0.043217391304347826
external,evaluate_train_sac_off_warmup5000_seed2,SAC,2,off,last,100000,on,validation,20,0,0.0,0.0,0,0,,168.78588440022128,0,0,0,0,0,20000,0.0,0.0,0.0,0.13276727048287992,main-session/queue/jobs/evaluate_train_sac_off_warmup5000_seed2/last_on/report.json,c706a4d8886098d1c470a938f174e7c0a0757f67d0a24c5617e5e01a9a5dd639,raw_log_recomputed,stage1,sac_off_warmup5000,10.0,0.0,0.8713240878015653,3.981346368789673,3.981346368789673,0,0,0,0,-0.028086925566196443,2.06267003000919,-0.028086925566196443,2.06267003000919,0.0,0.0433,0.0433
external,evaluate_train_sac_off_warmup5000_seed2,SAC,2,off,last,100000,on,named,3,0,0.0,0.0,0,0,,169.1353253092162,0,0,0,0,0,3000,0.0,0.0,0.0,0.12716341133988981,main-session/queue/jobs/evaluate_train_sac_off_warmup5000_seed2/last_on/report.json,c706a4d8886098d1c470a938f174e7c0a0757f67d0a24c5617e5e01a9a5dd639,raw_log_recomputed,stage1,sac_off_warmup5000,10.0,0.0,0.8458591008186261,3.980231285095215,3.980231285095215,0,0,0,0,-0.024877677599589032,2.0600095489495627,-0.024877677599589032,2.0600095489495627,0.0,0.042666666666666665,0.042666666666666665
external,evaluate_train_sac_off_warmup5000_seed2,SAC,2,off,last,100000,on,all,23,0,0.0,0.0,0,0,,168.8314636492206,0,0,0,0,0,23000,0.0,0.0,0.0,0.13276727048287992,main-session/queue/jobs/evaluate_train_sac_off_warmup5000_seed2/last_on/report.json,c706a4d8886098d1c470a938f174e7c0a0757f67d0a24c5617e5e01a9a5dd639,raw_log_recomputed,stage1,sac_off_warmup5000,10.0,0.0,0.8713240878015653,3.981346368789673,3.981346368789673,0,0,0,0,-0.027668328005334607,2.0623230107405432,-0.027668328005334607,2.0623230107405432,0.0,0.043217391304347826,0.043217391304347826
external,evaluate_train_sac_off_lr1e4_seed0,SAC,0,off,best,100000,off,validation,20,0,0.0,0.0,0,20,,67.86603887212465,0,0,0,0,0,0,,0.0,0.0,0.13727498795273785,main-session/queue/jobs/evaluate_train_sac_off_lr1e4_seed0/best_off/report.json,89dd147c0d93e0ff83ad2b36fa22181c378d92db95e62c2fc521e7a72fd162db,raw_log_recomputed,stage1,sac_off_lr1e4,10.0,0.0,0.5955148333271999,3.898932456970215,3.898932456970215,0,0,0,0,-0.004581261932849884,2.426079185687871,-0.004581261932849884,2.426079185687871,0.0,0.0066,0.0066
external,evaluate_train_sac_off_lr1e4_seed0,SAC,0,off,best,100000,off,named,3,0,0.0,0.0,0,3,,68.71154593971897,0,0,0,0,0,0,,0.0,0.0,0.13044091022663046,main-session/queue/jobs/evaluate_train_sac_off_lr1e4_seed0/best_off/report.json,89dd147c0d93e0ff83ad2b36fa22181c378d92db95e62c2fc521e7a72fd162db,raw_log_recomputed,stage1,sac_off_lr1e4,10.0,0.0,0.5662779569625859,3.841123342514038,3.841123342514038,0,0,0,0,-7.388114929199431e-06,2.4241861836228065,-7.388114929199431e-06,2.4241861836228065,0.0,0.008,0.008
external,evaluate_train_sac_off_lr1e4_seed0,SAC,0,off,best,100000,off,all,23,0,0.0,0.0,0,23,,67.97632240268042,0,0,0,0,0,0,,0.0,0.0,0.13727498795273785,main-session/queue/jobs/evaluate_train_sac_off_lr1e4_seed0/best_off/report.json,89dd147c0d93e0ff83ad2b36fa22181c378d92db95e62c2fc521e7a72fd162db,raw_log_recomputed,stage1,sac_off_lr1e4,10.0,0.0,0.5955148333271999,3.898932456970215,3.898932456970215,0,0,0,0,-0.003984669695729795,2.425832272375036,-0.003984669695729795,2.425832272375036,0.0,0.006782608695652174,0.006782608695652174
external,evaluate_train_sac_off_lr1e4_seed0,SAC,0,off,best,100000,on,validation,20,0,0.0,0.0,0,20,,67.86603887212465,0,0,0,0,0,20000,0.0,0.0,0.0,0.13727498795273785,main-session/queue/jobs/evaluate_train_sac_off_lr1e4_seed0/best_on/report.json,5068bd6cf3fbcf96257667699ba95887eb6844fe33478d49fa3d65f735b94f14,raw_log_recomputed,stage1,sac_off_lr1e4,10.0,0.0,0.5955148333271999,3.898932456970215,3.898932456970215,0,0,0,0,-0.004581261932849884,2.426079185687871,-0.004581261932849884,2.426079185687871,0.0,0.0066,0.0066
external,evaluate_train_sac_off_lr1e4_seed0,SAC,0,off,best,100000,on,named,3,0,0.0,0.0,0,3,,68.71154593971897,0,0,0,0,0,3000,0.0,0.0,0.0,0.13044091022663046,main-session/queue/jobs/evaluate_train_sac_off_lr1e4_seed0/best_on/report.json,5068bd6cf3fbcf96257667699ba95887eb6844fe33478d49fa3d65f735b94f14,raw_log_recomputed,stage1,sac_off_lr1e4,10.0,0.0,0.5662779569625859,3.841123342514038,3.841123342514038,0,0,0,0,-7.388114929199431e-06,2.4241861836228065,-7.388114929199431e-06,2.4241861836228065,0.0,0.008,0.008
external,evaluate_train_sac_off_lr1e4_seed0,SAC,0,off,best,100000,on,all,23,0,0.0,0.0,0,23,,67.97632240268042,0,0,0,0,0,23000,0.0,0.0,0.0,0.13727498795273785,main-session/queue/jobs/evaluate_train_sac_off_lr1e4_seed0/best_on/report.json,5068bd6cf3fbcf96257667699ba95887eb6844fe33478d49fa3d65f735b94f14,raw_log_recomputed,stage1,sac_off_lr1e4,10.0,0.0,0.5955148333271999,3.898932456970215,3.898932456970215,0,0,0,0,-0.003984669695729795,2.425832272375036,-0.003984669695729795,2.425832272375036,0.0,0.006782608695652174,0.006782608695652174
external,evaluate_train_sac_off_lr1e4_seed0,SAC,0,off,last,100000,off,validation,20,0,0.0,0.0,0,20,,67.86603887212465,0,0,0,0,0,0,,0.0,0.0,0.13727498795273785,main-session/queue/jobs/evaluate_train_sac_off_lr1e4_seed0/last_off/report.json,1eb3716ef2e4d124634896f90419f6f3fd4ac6d6b3ffc36e35f4cc86aa662d18,raw_log_recomputed,stage1,sac_off_lr1e4,10.0,0.0,0.5955148333271999,3.898932456970215,3.898932456970215,0,0,0,0,-0.004581261932849884,2.426079185687871,-0.004581261932849884,2.426079185687871,0.0,0.0066,0.0066
external,evaluate_train_sac_off_lr1e4_seed0,SAC,0,off,last,100000,off,named,3,0,0.0,0.0,0,3,,68.71154593971897,0,0,0,0,0,0,,0.0,0.0,0.13044091022663046,main-session/queue/jobs/evaluate_train_sac_off_lr1e4_seed0/last_off/report.json,1eb3716ef2e4d124634896f90419f6f3fd4ac6d6b3ffc36e35f4cc86aa662d18,raw_log_recomputed,stage1,sac_off_lr1e4,10.0,0.0,0.5662779569625859,3.841123342514038,3.841123342514038,0,0,0,0,-7.388114929199431e-06,2.4241861836228065,-7.388114929199431e-06,2.4241861836228065,0.0,0.008,0.008
external,evaluate_train_sac_off_lr1e4_seed0,SAC,0,off,last,100000,off,all,23,0,0.0,0.0,0,23,,67.97632240268042,0,0,0,0,0,0,,0.0,0.0,0.13727498795273785,main-session/queue/jobs/evaluate_train_sac_off_lr1e4_seed0/last_off/report.json,1eb3716ef2e4d124634896f90419f6f3fd4ac6d6b3ffc36e35f4cc86aa662d18,raw_log_recomputed,stage1,sac_off_lr1e4,10.0,0.0,0.5955148333271999,3.898932456970215,3.898932456970215,0,0,0,0,-0.003984669695729795,2.425832272375036,-0.003984669695729795,2.425832272375036,0.0,0.006782608695652174,0.006782608695652174
external,evaluate_train_sac_off_lr1e4_seed0,SAC,0,off,last,100000,on,validation,20,0,0.0,0.0,0,20,,67.86603887212465,0,0,0,0,0,20000,0.0,0.0,0.0,0.13727498795273785,main-session/queue/jobs/evaluate_train_sac_off_lr1e4_seed0/last_on/report.json,0067fb725dd9f8a813b8ad74fc9e3ae449e0acbcca47d34e679ef79892ef5306,raw_log_recomputed,stage1,sac_off_lr1e4,10.0,0.0,0.5955148333271999,3.898932456970215,3.898932456970215,0,0,0,0,-0.004581261932849884,2.426079185687871,-0.004581261932849884,2.426079185687871,0.0,0.0066,0.0066
external,evaluate_train_sac_off_lr1e4_seed0,SAC,0,off,last,100000,on,named,3,0,0.0,0.0,0,3,,68.71154593971897,0,0,0,0,0,3000,0.0,0.0,0.0,0.13044091022663046,main-session/queue/jobs/evaluate_train_sac_off_lr1e4_seed0/last_on/report.json,0067fb725dd9f8a813b8ad74fc9e3ae449e0acbcca47d34e679ef79892ef5306,raw_log_recomputed,stage1,sac_off_lr1e4,10.0,0.0,0.5662779569625859,3.841123342514038,3.841123342514038,0,0,0,0,-7.388114929199431e-06,2.4241861836228065,-7.388114929199431e-06,2.4241861836228065,0.0,0.008,0.008
external,evaluate_train_sac_off_lr1e4_seed0,SAC,0,off,last,100000,on,all,23,0,0.0,0.0,0,23,,67.97632240268042,0,0,0,0,0,23000,0.0,0.0,0.0,0.13727498795273785,main-session/queue/jobs/evaluate_train_sac_off_lr1e4_seed0/last_on/report.json,0067fb725dd9f8a813b8ad74fc9e3ae449e0acbcca47d34e679ef79892ef5306,raw_log_recomputed,stage1,sac_off_lr1e4,10.0,0.0,0.5955148333271999,3.898932456970215,3.898932456970215,0,0,0,0,-0.003984669695729795,2.425832272375036,-0.003984669695729795,2.425832272375036,0.0,0.006782608695652174,0.006782608695652174
external,evaluate_train_sac_off_lr1e4_seed1,SAC,1,off,best,100000,off,validation,20,0,0.0,0.0,0,0,,20.549189233184048,0,0,0,0,0,0,,0.0,0.0,0.15822864703573597,main-session/queue/jobs/evaluate_train_sac_off_lr1e4_seed1/best_off/report.json,04d1c0b7a8902fb19249f4c0e08fc41877ca026ba7d13d0daf0ca09c5ada31ea,raw_log_recomputed,stage1,sac_off_lr1e4,10.0,0.0,0.7983895748814686,3.961709976196289,3.961709976196289,0,0,0,0,-0.0011948358297348021,2.07512185346227,-0.0011948358297348021,2.07512185346227,0.0,0.010100000000000001,0.010100000000000001
external,evaluate_train_sac_off_lr1e4_seed1,SAC,1,off,best,100000,off,named,3,0,0.0,0.0,0,0,,20.390006098529422,0,0,0,0,0,0,,0.0,0.0,0.15716334848373895,main-session/queue/jobs/evaluate_train_sac_off_lr1e4_seed1/best_off/report.json,04d1c0b7a8902fb19249f4c0e08fc41877ca026ba7d13d0daf0ca09c5ada31ea,raw_log_recomputed,stage1,sac_off_lr1e4,10.0,0.0,0.7310934710502638,3.910243034362793,3.910243034362793,0,0,0,0,-0.014905611038208007,2.087678629649013,-0.014905611038208007,2.087678629649013,0.0,0.013999999999999999,0.013999999999999999
external,evaluate_train_sac_off_lr1e4_seed1,SAC,1,off,best,100000,off,all,23,0,0.0,0.0,0,0,,20.528426215620403,0,0,0,0,0,0,,0.0,0.0,0.15822864703573597,main-session/queue/jobs/evaluate_train_sac_off_lr1e4_seed1/best_off/report.json,04d1c0b7a8902fb19249f4c0e08fc41877ca026ba7d13d0daf0ca09c5ada31ea,raw_log_recomputed,stage1,sac_off_lr1e4,10.0,0.0,0.7983895748814686,3.961709976196289,3.961709976196289,0,0,0,0,-0.0029831978134486985,2.0767596938344535,-0.0029831978134486985,2.0767596938344535,0.0,0.010608695652173913,0.010608695652173913
external,evaluate_train_sac_off_lr1e4_seed1,SAC,1,off,best,100000,on,validation,20,0,0.0,0.0,0,0,,20.549189233184048,0,0,0,0,0,20000,0.0,0.0,0.0,0.15822864703573597,main-session/queue/jobs/evaluate_train_sac_off_lr1e4_seed1/best_on/report.json,9dfacca9dd410c3dae6ecd2dca918b1050eea9f73e59a9a8b6d653dc647fc7a9,raw_log_recomputed,stage1,sac_off_lr1e4,10.0,0.0,0.7983895748814686,3.961709976196289,3.961709976196289,0,0,0,0,-0.0011948358297348021,2.07512185346227,-0.0011948358297348021,2.07512185346227,0.0,0.010100000000000001,0.010100000000000001
external,evaluate_train_sac_off_lr1e4_seed1,SAC,1,off,best,100000,on,named,3,0,0.0,0.0,0,0,,20.390006098529422,0,0,0,0,0,3000,0.0,0.0,0.0,0.15716334848373895,main-session/queue/jobs/evaluate_train_sac_off_lr1e4_seed1/best_on/report.json,9dfacca9dd410c3dae6ecd2dca918b1050eea9f73e59a9a8b6d653dc647fc7a9,raw_log_recomputed,stage1,sac_off_lr1e4,10.0,0.0,0.7310934710502638,3.910243034362793,3.910243034362793,0,0,0,0,-0.014905611038208007,2.087678629649013,-0.014905611038208007,2.087678629649013,0.0,0.013999999999999999,0.013999999999999999
external,evaluate_train_sac_off_lr1e4_seed1,SAC,1,off,best,100000,on,all,23,0,0.0,0.0,0,0,,20.528426215620403,0,0,0,0,0,23000,0.0,0.0,0.0,0.15822864703573597,main-session/queue/jobs/evaluate_train_sac_off_lr1e4_seed1/best_on/report.json,9dfacca9dd410c3dae6ecd2dca918b1050eea9f73e59a9a8b6d653dc647fc7a9,raw_log_recomputed,stage1,sac_off_lr1e4,10.0,0.0,0.7983895748814686,3.961709976196289,3.961709976196289,0,0,0,0,-0.0029831978134486985,2.0767596938344535,-0.0029831978134486985,2.0767596938344535,0.0,0.010608695652173913,0.010608695652173913
external,evaluate_train_sac_off_lr1e4_seed1,SAC,1,off,last,100000,off,validation,20,0,0.0,0.0,0,0,,20.549189233184048,0,0,0,0,0,0,,0.0,0.0,0.15822864703573597,main-session/queue/jobs/evaluate_train_sac_off_lr1e4_seed1/last_off/report.json,1968a1f8768894b3cb64826e0f1439a7b0d19ea89f622b52b5f35138ff904c32,raw_log_recomputed,stage1,sac_off_lr1e4,10.0,0.0,0.7983895748814686,3.961709976196289,3.961709976196289,0,0,0,0,-0.0011948358297348021,2.07512185346227,-0.0011948358297348021,2.07512185346227,0.0,0.010100000000000001,0.010100000000000001
external,evaluate_train_sac_off_lr1e4_seed1,SAC,1,off,last,100000,off,named,3,0,0.0,0.0,0,0,,20.390006098529422,0,0,0,0,0,0,,0.0,0.0,0.15716334848373895,main-session/queue/jobs/evaluate_train_sac_off_lr1e4_seed1/last_off/report.json,1968a1f8768894b3cb64826e0f1439a7b0d19ea89f622b52b5f35138ff904c32,raw_log_recomputed,stage1,sac_off_lr1e4,10.0,0.0,0.7310934710502638,3.910243034362793,3.910243034362793,0,0,0,0,-0.014905611038208007,2.087678629649013,-0.014905611038208007,2.087678629649013,0.0,0.013999999999999999,0.013999999999999999
external,evaluate_train_sac_off_lr1e4_seed1,SAC,1,off,last,100000,off,all,23,0,0.0,0.0,0,0,,20.528426215620403,0,0,0,0,0,0,,0.0,0.0,0.15822864703573597,main-session/queue/jobs/evaluate_train_sac_off_lr1e4_seed1/last_off/report.json,1968a1f8768894b3cb64826e0f1439a7b0d19ea89f622b52b5f35138ff904c32,raw_log_recomputed,stage1,sac_off_lr1e4,10.0,0.0,0.7983895748814686,3.961709976196289,3.961709976196289,0,0,0,0,-0.0029831978134486985,2.0767596938344535,-0.0029831978134486985,2.0767596938344535,0.0,0.010608695652173913,0.010608695652173913
external,evaluate_train_sac_off_lr1e4_seed1,SAC,1,off,last,100000,on,validation,20,0,0.0,0.0,0,0,,20.549189233184048,0,0,0,0,0,20000,0.0,0.0,0.0,0.15822864703573597,main-session/queue/jobs/evaluate_train_sac_off_lr1e4_seed1/last_on/report.json,fdb876d877c7dc74a41d072d551fe304a81a7b69100fbd4a545ae70a036cb6e0,raw_log_recomputed,stage1,sac_off_lr1e4,10.0,0.0,0.7983895748814686,3.961709976196289,3.961709976196289,0,0,0,0,-0.0011948358297348021,2.07512185346227,-0.0011948358297348021,2.07512185346227,0.0,0.010100000000000001,0.010100000000000001
external,evaluate_train_sac_off_lr1e4_seed1,SAC,1,off,last,100000,on,named,3,0,0.0,0.0,0,0,,20.390006098529422,0,0,0,0,0,3000,0.0,0.0,0.0,0.15716334848373895,main-session/queue/jobs/evaluate_train_sac_off_lr1e4_seed1/last_on/report.json,fdb876d877c7dc74a41d072d551fe304a81a7b69100fbd4a545ae70a036cb6e0,raw_log_recomputed,stage1,sac_off_lr1e4,10.0,0.0,0.7310934710502638,3.910243034362793,3.910243034362793,0,0,0,0,-0.014905611038208007,2.087678629649013,-0.014905611038208007,2.087678629649013,0.0,0.013999999999999999,0.013999999999999999
external,evaluate_train_sac_off_lr1e4_seed1,SAC,1,off,last,100000,on,all,23,0,0.0,0.0,0,0,,20.528426215620403,0,0,0,0,0,23000,0.0,0.0,0.0,0.15822864703573597,main-session/queue/jobs/evaluate_train_sac_off_lr1e4_seed1/last_on/report.json,fdb876d877c7dc74a41d072d551fe304a81a7b69100fbd4a545ae70a036cb6e0,raw_log_recomputed,stage1,sac_off_lr1e4,10.0,0.0,0.7983895748814686,3.961709976196289,3.961709976196289,0,0,0,0,-0.0029831978134486985,2.0767596938344535,-0.0029831978134486985,2.0767596938344535,0.0,0.010608695652173913,0.010608695652173913
external,evaluate_train_sac_off_lr1e4_seed2,SAC,2,off,best,40000,off,validation,20,0,0.0,0.0040000000000000036,0,20,,53.53648143150897,5,5,5,0,0,0,,0.0,0.0,0.25000000000000044,main-session/queue/jobs/evaluate_train_sac_off_lr1e4_seed2/best_off/report.json,57f85da421c9688b6984806c4fa782e108b7c2be147524e7be576968b8dca71d,raw_log_recomputed,stage1,sac_off_lr1e4,9.730874255585721,0.25,0.6235188547998683,3.7656044960021973,3.7656044960021973,5,0,0,0,0.014606697862809298,2.2969909916332734,0.014606697862809298,2.2969909916332734,0.0,0.0,0.0
external,evaluate_train_sac_off_lr1e4_seed2,SAC,2,off,best,40000,off,named,3,0,0.0,0.0,0,3,,54.17274471914305,0,0,0,0,0,0,,0.0,0.0,0.09157440704448934,main-session/queue/jobs/evaluate_train_sac_off_lr1e4_seed2/best_off/report.json,57f85da421c9688b6984806c4fa782e108b7c2be147524e7be576968b8dca71d,raw_log_recomputed,stage1,sac_off_lr1e4,10.0,0.0,0.5516545176505687,3.763798713684082,3.763798713684082,0,0,0,0,0.016322680393854778,2.3887649332560454,0.016322680393854778,2.3887649332560454,0.0,0.0,0.0
external,evaluate_train_sac_off_lr1e4_seed2,SAC,2,off,best,40000,off,all,23,0,0.0,0.0034782608695652206,0,23,,53.61947229511341,5,5,5,0,0,0,,0.0,0.0,0.25000000000000044,main-session/queue/jobs/evaluate_train_sac_off_lr1e4_seed2/best_off/report.json,57f85da421c9688b6984806c4fa782e108b7c2be147524e7be576968b8dca71d,raw_log_recomputed,stage1,sac_off_lr1e4,9.765977613552801,0.21739130434782608,0.6235188547998683,3.7656044960021973,3.7656044960021973,5,0,0,0,0.014830521671206534,2.308961505757983,0.014830521671206534,2.308961505757983,0.0,0.0,0.0
external,evaluate_train_sac_off_lr1e4_seed2,SAC,2,off,best,40000,on,validation,20,0,0.0,0.0040000000000000036,0,20,,54.8075789163024,0,0,0,0,207,20000,0.01035,919.924592940739,7.537223901861097,0.23999899999999996,main-session/queue/jobs/evaluate_train_sac_off_lr1e4_seed2/best_on/report.json,fef615fc2776515e65339795c265bdcb46889791a2c712644e4cc0bae65617cf,raw_log_recomputed,stage1,sac_off_lr1e4,10.0,0.0,0.6235188547998683,3.999999996151863,3.7656044960021973,0,0,0,0,0.05796807092428208,2.297276267549569,0.011971841277245123,2.309400246079325,0.04599622964703695,0.0,0.00625
external,evaluate_train_sac_off_lr1e4_seed2,SAC,2,off,best,40000,on,named,3,0,0.0,0.0,0,3,,54.17274471914305,0,0,0,0,0,3000,0.0,0.0,0.0,0.09157440704448934,main-session/queue/jobs/evaluate_train_sac_off_lr1e4_seed2/best_on/report.json,fef615fc2776515e65339795c265bdcb46889791a2c712644e4cc0bae65617cf,raw_log_recomputed,stage1,sac_off_lr1e4,10.0,0.0,0.5516545176505687,3.763798713684082,3.763798713684082,0,0,0,0,0.016322680393854778,2.3887649332560454,0.016322680393854778,2.3887649332560454,0.0,0.0,0.0
external,evaluate_train_sac_off_lr1e4_seed2,SAC,2,off,best,40000,on,all,23,0,0.0,0.0034782608695652206,0,23,,54.72477445580335,0,0,0,0,207,23000,0.009,919.924592940739,7.537223901861097,0.23999899999999996,main-session/queue/jobs/evaluate_train_sac_off_lr1e4_seed2/best_on/report.json,fef615fc2776515e65339795c265bdcb46889791a2c712644e4cc0bae65617cf,raw_log_recomputed,stage1,sac_off_lr1e4,10.0,0.0,0.6235188547998683,3.999999996151863,3.7656044960021973,0,0,0,0,0.05253606346379156,2.309209571772153,0.012539342031585514,2.319752161798028,0.03999672143220605,0.0,0.005434782608695652
external,evaluate_train_sac_off_lr1e4_seed2,SAC,2,off,last,100000,off,validation,20,0,0.0,0.0,0,0,,154.8835517292415,0,0,0,0,0,0,,0.0,0.0,0.1418770975296138,main-session/queue/jobs/evaluate_train_sac_off_lr1e4_seed2/last_off/report.json,c8df04de9780848e4e65ff1ac2c71adeee4bc702471a5207b969a81d87e225ea,raw_log_recomputed,stage1,sac_off_lr1e4,10.0,0.0,0.7863925164898958,3.974195957183838,3.974195957183838,0,0,0,0,0.02376363697052002,2.2323630085213395,0.02376363697052002,2.2323630085213395,0.0,0.028599999999999997,0.028599999999999997
external,evaluate_train_sac_off_lr1e4_seed2,SAC,2,off,last,100000,off,named,3,0,0.0,0.0,0,0,,155.04484492962936,0,0,0,0,0,0,,0.0,0.0,0.14163683884667186,main-session/queue/jobs/evaluate_train_sac_off_lr1e4_seed2/last_off/report.json,c8df04de9780848e4e65ff1ac2c71adeee4bc702471a5207b969a81d87e225ea,raw_log_recomputed,stage1,sac_off_lr1e4,10.0,0.0,0.7689782118797334,3.9627392292022705,3.9627392292022705,0,0,0,0,0.02443616994222005,2.2309608780166568,0.02443616994222005,2.2309608780166568,0.0,0.03,0.03
external,evaluate_train_sac_off_lr1e4_seed2,SAC,2,off,last,100000,off,all,23,0,0.0,0.0,0,0,,154.90458997277037,0,0,0,0,0,0,,0.0,0.0,0.1418770975296138,main-session/queue/jobs/evaluate_train_sac_off_lr1e4_seed2/last_off/report.json,c8df04de9780848e4e65ff1ac2c71adeee4bc702471a5207b969a81d87e225ea,raw_log_recomputed,stage1,sac_off_lr1e4,10.0,0.0,0.7863925164898958,3.974195957183838,3.974195957183838,0,0,0,0,0.023851358662480893,2.232180121933772,0.023851358662480893,2.232180121933772,0.0,0.028782608695652176,0.028782608695652176
external,evaluate_train_sac_off_lr1e4_seed2,SAC,2,off,last,100000,on,validation,20,0,0.0,0.0,0,0,,154.8835517292415,0,0,0,0,0,20000,0.0,0.0,0.0,0.1418770975296138,main-session/queue/jobs/evaluate_train_sac_off_lr1e4_seed2/last_on/report.json,54f8584907b1be981eb729d45ceb471855a32262a413a6a7ae14622553463616,raw_log_recomputed,stage1,sac_off_lr1e4,10.0,0.0,0.7863925164898958,3.974195957183838,3.974195957183838,0,0,0,0,0.02376363697052002,2.2323630085213395,0.02376363697052002,2.2323630085213395,0.0,0.028599999999999997,0.028599999999999997
external,evaluate_train_sac_off_lr1e4_seed2,SAC,2,off,last,100000,on,named,3,0,0.0,0.0,0,0,,155.04484492962936,0,0,0,0,0,3000,0.0,0.0,0.0,0.14163683884667186,main-session/queue/jobs/evaluate_train_sac_off_lr1e4_seed2/last_on/report.json,54f8584907b1be981eb729d45ceb471855a32262a413a6a7ae14622553463616,raw_log_recomputed,stage1,sac_off_lr1e4,10.0,0.0,0.7689782118797334,3.9627392292022705,3.9627392292022705,0,0,0,0,0.02443616994222005,2.2309608780166568,0.02443616994222005,2.2309608780166568,0.0,0.03,0.03
external,evaluate_train_sac_off_lr1e4_seed2,SAC,2,off,last,100000,on,all,23,0,0.0,0.0,0,0,,154.90458997277037,0,0,0,0,0,23000,0.0,0.0,0.0,0.1418770975296138,main-session/queue/jobs/evaluate_train_sac_off_lr1e4_seed2/last_on/report.json,54f8584907b1be981eb729d45ceb471855a32262a413a6a7ae14622553463616,raw_log_recomputed,stage1,sac_off_lr1e4,10.0,0.0,0.7863925164898958,3.974195957183838,3.974195957183838,0,0,0,0,0.023851358662480893,2.232180121933772,0.023851358662480893,2.232180121933772,0.0,0.028782608695652176,0.028782608695652176
